order_id,order_date,customer_id,customer_segment,region,category,product,quantity,unit_price,discount_pct,revenue
ORD101238,2023-01-01,CUST0675,Loyal,North,Home & Kitchen,Electric Kettle,4,2932.93,0,11731.72
ORD100687,2023-01-01,CUST0007,Returning,East,Electronics,Bluetooth Speaker,1,4476.28,0,4476.28
ORD103194,2023-01-01,CUST0286,New,East,Electronics,Power Bank,1,3774.15,10,3396.74
ORD102153,2023-01-01,CUST0028,Returning,Central,Beauty,Hair Dryer,1,900.99,0,900.99
ORD101071,2023-01-02,CUST0648,New,North,Electronics,Power Bank,3,3347.99,0,10043.97
ORD102635,2023-01-02,CUST0073,Returning,North,Home & Kitchen,Air Fryer,2,843.23,0,1686.46
ORD103544,2023-01-02,CUST0109,New,East,Beauty,Hair Dryer,3,579.29,10,1564.08
ORD100018,2023-01-02,CUST0827,New,East,Sports,Cricket Bat,1,1248.2,20,998.56
ORD102037,2023-01-02,CUST0555,Returning,East,Apparel,Formal Shirt,1,1733.09,10,1559.78
ORD101298,2023-01-03,CUST0271,New,Central,Apparel,Backpack,3,2098.21,10,5665.17
ORD103243,2023-01-03,CUST0046,New,North,Home & Kitchen,Table Lamp,1,2841.36,20,2273.09
ORD100112,2023-01-03,CUST0511,New,South,Sports,Football,1,1244.89,20,995.91
ORD102353,2023-01-03,CUST0844,New,East,Home & Kitchen,Table Lamp,2,2344.77,5,4455.06
ORD102733,2023-01-04,CUST0176,Loyal,West,Apparel,Backpack,1,1900.66,10,1710.59
ORD101214,2023-01-04,CUST0328,New,East,Apparel,Cotton T-Shirt,2,1037.48,5,1971.21
ORD102469,2023-01-05,CUST0047,New,West,Electronics,Wireless Earbuds,2,2462.29,0,4924.58
ORD102668,2023-01-05,CUST0071,New,Central,Sports,Football,1,1827.58,0,1827.58
ORD100031,2023-01-05,CUST0749,Returning,Central,Beauty,Hair Dryer,1,535.09,15,454.83
ORD103433,2023-01-05,CUST0386,Returning,North,Electronics,Wireless Earbuds,3,2129.73,0,6389.19
ORD103323,2023-01-05,CUST0739,Returning,West,Home & Kitchen,Mixer Grinder,1,1084.3,20,867.44
ORD103206,2023-01-05,CUST0825,New,North,Beauty,Sunscreen SPF50,1,1103.89,0,1103.89
ORD101076,2023-01-05,CUST0714,New,North,Sports,Football,1,727.22,10,654.5
ORD100402,2023-01-06,CUST0184,Returning,North,Electronics,Wireless Earbuds,1,2278.73,0,2278.73
ORD102495,2023-01-06,CUST0728,Loyal,North,Sports,Dumbbell Set,1,1616.6,0,1616.6
ORD103126,2023-01-06,CUST0342,New,South,Beauty,Perfume,2,860.36,10,1548.65
ORD101617,2023-01-07,CUST0714,New,East,Apparel,Denim Jacket,1,1185.88,20,948.7
ORD102777,2023-01-07,CUST0070,New,North,Home & Kitchen,Mixer Grinder,2,655.93,20,1049.49
ORD103053,2023-01-07,CUST0494,Loyal,North,Sports,Cricket Bat,1,1971.01,0,1971.01
ORD100016,2023-01-07,CUST0306,Returning,West,Apparel,Backpack,2,502.18,15,853.71
ORD102099,2023-01-07,CUST0117,Returning,West,Home & Kitchen,Air Fryer,2,3044.22,0,6088.44
ORD103202,2023-01-08,CUST0630,New,South,Home & Kitchen,Table Lamp,2,2633.2,0,5266.4
ORD101857,2023-01-08,CUST0781,Returning,West,Sports,Yoga Mat,2,579.02,0,1158.04
ORD103199,2023-01-08,CUST0777,New,Central,Beauty,Hair Dryer,4,358.88,20,1148.42
ORD101893,2023-01-08,CUST0543,Returning,North,Beauty,Sunscreen SPF50,5,672.32,15,2857.36
ORD103942,2023-01-08,CUST0518,New,East,Apparel,Backpack,1,1205.57,0,1205.57
ORD101294,2023-01-08,CUST0526,Returning,North,Home & Kitchen,Table Lamp,1,2861.63,20,2289.3
ORD100290,2023-01-08,CUST0844,Returning,East,Electronics,Bluetooth Speaker,1,2426.86,5,2305.52
ORD102834,2023-01-08,CUST0522,Returning,North,Sports,Dumbbell Set,1,2610.04,10,2349.04
ORD103215,2023-01-09,CUST0141,Returning,West,Electronics,Smartwatch,2,3416.44,0,6832.88
ORD100911,2023-01-09,CUST0604,Loyal,Central,Electronics,Smartwatch,4,2608.98,15,8870.53
ORD103178,2023-01-09,CUST0509,Returning,North,Electronics,Power Bank,1,4324.06,5,4107.86
ORD103496,2023-01-09,CUST0474,Returning,North,Home & Kitchen,Air Fryer,3,972.62,20,2334.29
ORD103375,2023-01-09,CUST0136,Returning,East,Home & Kitchen,Table Lamp,1,1210.12,0,1210.12
ORD102554,2023-01-09,CUST0217,New,North,Apparel,Backpack,2,512.92,5,974.55
ORD100762,2023-01-09,CUST0048,Returning,West,Apparel,Cotton T-Shirt,1,465.44,5,442.17
ORD101406,2023-01-10,CUST0541,Loyal,North,Beauty,Hair Dryer,3,199.96,10,539.89
ORD100493,2023-01-10,CUST0776,New,North,Electronics,Laptop Stand,2,950.68,0,1901.36
ORD100353,2023-01-10,CUST0105,Returning,North,Home & Kitchen,Non-stick Pan Set,2,2628.82,10,4731.88
ORD103928,2023-01-10,CUST0347,New,North,Electronics,Bluetooth Speaker,4,2797.46,0,11189.84
ORD100491,2023-01-10,CUST0502,Returning,North,Beauty,Hair Dryer,3,927.98,0,2783.94
ORD100853,2023-01-11,CUST0436,Returning,North,Beauty,Face Serum,3,1187.62,0,3562.86
ORD100267,2023-01-11,CUST0667,Loyal,South,Sports,Dumbbell Set,1,2665.6,5,2532.32
ORD102499,2023-01-11,CUST0188,Returning,East,Electronics,Wireless Earbuds,1,4184.69,10,3766.22
ORD101041,2023-01-11,CUST0732,Loyal,Central,Beauty,Hair Dryer,1,1485.15,10,1336.64
ORD103392,2023-01-11,CUST0778,Returning,South,Electronics,Power Bank,2,3320.34,20,5312.54
ORD103811,2023-01-11,CUST0540,Returning,West,Electronics,Bluetooth Speaker,2,1771.24,20,2833.98
ORD101412,2023-01-11,CUST0077,New,Central,Electronics,Bluetooth Speaker,4,1072.81,0,4291.24
ORD102488,2023-01-12,CUST0344,Loyal,Central,Sports,Cricket Bat,2,2405.9,0,4811.8
ORD100990,2023-01-12,CUST0752,Loyal,East,Apparel,Cotton T-Shirt,6,917.34,15,4678.43
ORD101270,2023-01-12,CUST0762,New,North,Apparel,Running Shoes,1,553.99,5,526.29
ORD100751,2023-01-13,CUST0180,Returning,South,Electronics,Bluetooth Speaker,4,3117.58,0,12470.32
ORD103465,2023-01-13,CUST0383,Returning,Central,Apparel,Denim Jacket,1,1180.92,0,1180.92
ORD102861,2023-01-13,CUST0845,Returning,South,Beauty,Hair Dryer,1,1477.39,0,1477.39
ORD100167,2023-01-13,CUST0032,Returning,East,Home & Kitchen,Non-stick Pan Set,2,797.25,15,1355.33
ORD101172,2023-01-13,CUST0210,New,North,Electronics,Power Bank,4,3183.72,0,12734.88
ORD103919,2023-01-14,CUST0374,Returning,Central,Apparel,Running Shoes,2,2187.38,0,4374.76
ORD100313,2023-01-14,CUST0224,New,West,Beauty,Sunscreen SPF50,2,1104.68,0,2209.36
ORD100739,2023-01-14,CUST0051,Returning,North,Home & Kitchen,Table Lamp,4,2696.34,0,10785.36
ORD103156,2023-01-15,CUST0744,New,Central,Beauty,Lip Balm Set,2,526.0,5,999.4
ORD101746,2023-01-15,CUST0067,Loyal,South,Beauty,Lip Balm Set,2,628.82,0,1257.64
ORD101082,2023-01-15,CUST0566,New,North,Home & Kitchen,Mixer Grinder,3,1800.91,0,5402.73
ORD102316,2023-01-15,CUST0533,New,North,Apparel,Backpack,4,315.42,0,1261.68
ORD102360,2023-01-16,CUST0416,New,North,Home & Kitchen,Electric Kettle,4,447.21,0,1788.84
ORD101938,2023-01-16,CUST0207,New,North,Sports,Cricket Bat,1,1318.15,20,1054.52
ORD101275,2023-01-17,CUST0633,Returning,South,Beauty,Lip Balm Set,2,1177.21,0,2354.42
ORD102772,2023-01-17,CUST0813,Returning,North,Apparel,Running Shoes,3,1553.82,5,4428.39
ORD101556,2023-01-17,CUST0272,Loyal,East,Home & Kitchen,Non-stick Pan Set,1,1016.59,0,1016.59
ORD101079,2023-01-18,CUST0021,New,South,Electronics,Power Bank,2,933.71,15,1587.31
ORD102203,2023-01-18,CUST0110,New,North,Electronics,Smartwatch,1,3818.47,10,3436.62
ORD102550,2023-01-18,CUST0475,Returning,South,Home & Kitchen,Mixer Grinder,3,617.67,5,1760.36
ORD103028,2023-01-18,CUST0416,Returning,North,Electronics,Laptop Stand,1,3289.28,15,2795.89
ORD100477,2023-01-19,CUST0623,Returning,East,Beauty,Sunscreen SPF50,1,161.43,0,161.43
ORD102680,2023-01-20,CUST0210,Returning,North,Home & Kitchen,Air Fryer,2,3176.22,0,6352.44
ORD101433,2023-01-20,CUST0484,Returning,Central,Sports,Cricket Bat,3,1592.85,0,4778.55
ORD100409,2023-01-20,CUST0107,New,West,Apparel,Cotton T-Shirt,2,1702.36,0,3404.72
ORD101196,2023-01-20,CUST0100,New,West,Electronics,Bluetooth Speaker,1,2996.8,0,2996.8
ORD100360,2023-01-20,CUST0507,New,North,Beauty,Sunscreen SPF50,5,908.14,15,3859.59
ORD101309,2023-01-20,CUST0143,New,West,Electronics,Laptop Stand,2,3446.84,0,6893.68
ORD101401,2023-01-20,CUST0239,New,West,Apparel,Cotton T-Shirt,1,1378.19,0,1378.19
ORD100320,2023-01-20,CUST0098,Returning,East,Home & Kitchen,Air Fryer,1,2596.25,10,2336.62
ORD102681,2023-01-21,CUST0752,New,North,Home & Kitchen,Air Fryer,2,1711.65,0,3423.3
ORD102950,2023-01-21,CUST0016,Returning,West,Apparel,Cotton T-Shirt,1,1838.03,20,1470.42
ORD100907,2023-01-22,CUST0687,New,Central,Electronics,Wireless Earbuds,1,4144.23,0,4144.23
ORD103904,2023-01-22,CUST0760,Returning,North,Sports,Resistance Bands,5,1703.17,0,8515.85
ORD100810,2023-01-22,CUST0360,New,North,Electronics,Wireless Earbuds,3,1274.07,5,3631.1
ORD101150,2023-01-22,CUST0497,New,West,Apparel,Cotton T-Shirt,3,1573.56,5,4484.65
ORD101257,2023-01-22,CUST0694,New,Central,Beauty,Perfume,1,822.04,15,698.73
ORD101885,2023-01-22,CUST0037,New,South,Sports,Yoga Mat,3,1542.83,5,4397.07
ORD102252,2023-01-22,CUST0116,New,West,Home & Kitchen,Non-stick Pan Set,1,857.47,5,814.6
ORD103854,2023-01-23,CUST0448,New,West,Electronics,Power Bank,3,2211.14,15,5638.41
ORD103062,2023-01-23,CUST0576,Returning,South,Sports,Cricket Bat,1,2036.98,20,1629.58
ORD102986,2023-01-23,CUST0188,New,East,Electronics,Bluetooth Speaker,2,2387.77,5,4536.76
ORD101989,2023-01-23,CUST0600,New,East,Apparel,Cotton T-Shirt,2,1296.67,0,2593.34
ORD101382,2023-01-24,CUST0586,Returning,North,Sports,Dumbbell Set,1,2781.63,0,2781.63
ORD100277,2023-01-24,CUST0164,New,West,Apparel,Denim Jacket,2,524.63,0,1049.26
ORD102171,2023-01-24,CUST0776,Returning,West,Electronics,Wireless Earbuds,1,1201.08,0,1201.08
ORD101128,2023-01-25,CUST0233,Loyal,Central,Beauty,Perfume,1,1318.38,0,1318.38
ORD101307,2023-01-25,CUST0660,New,South,Sports,Yoga Mat,1,2523.05,20,2018.44
ORD102530,2023-01-25,CUST0220,New,North,Home & Kitchen,Table Lamp,1,752.96,0,752.96
ORD103470,2023-01-25,CUST0803,New,South,Beauty,Sunscreen SPF50,3,339.84,20,815.62
ORD101665,2023-01-26,CUST0761,Loyal,South,Apparel,Denim Jacket,6,588.38,20,2824.22
ORD101515,2023-01-26,CUST0455,New,East,Electronics,Bluetooth Speaker,3,1852.26,0,5556.78
ORD103030,2023-01-27,CUST0584,New,West,Electronics,Smartwatch,2,1884.7,0,3769.4
ORD103439,2023-01-27,CUST0717,Returning,South,Electronics,Laptop Stand,1,1604.92,10,1444.43
ORD101180,2023-01-27,CUST0383,Loyal,East,Sports,Cricket Bat,2,2835.78,15,4820.83
ORD100543,2023-01-27,CUST0231,Returning,East,Apparel,Running Shoes,1,1953.22,20,1562.58
ORD103652,2023-01-27,CUST0713,Returning,South,Beauty,Face Serum,2,404.51,15,687.67
ORD102535,2023-01-27,CUST0061,Loyal,East,Electronics,Power Bank,2,4171.8,10,7509.24
ORD102564,2023-01-27,CUST0713,Loyal,East,Home & Kitchen,Air Fryer,4,1175.6,15,3997.04
ORD101432,2023-01-27,CUST0175,New,South,Beauty,Lip Balm Set,2,506.17,0,1012.34
ORD103557,2023-01-28,CUST0395,New,North,Beauty,Sunscreen SPF50,4,503.27,0,2013.08
ORD101572,2023-01-28,CUST0497,Returning,West,Electronics,Wireless Earbuds,1,2705.4,20,2164.32
ORD103554,2023-01-28,CUST0586,Returning,South,Electronics,Laptop Stand,1,2676.27,0,2676.27
ORD101953,2023-01-28,CUST0289,Loyal,East,Sports,Yoga Mat,1,2660.03,15,2261.03
ORD102850,2023-01-29,CUST0053,New,North,Apparel,Running Shoes,2,1313.78,10,2364.8
ORD102259,2023-01-29,CUST0187,Loyal,West,Home & Kitchen,Air Fryer,2,2049.18,20,3278.69
ORD100970,2023-01-29,CUST0122,Loyal,West,Sports,Football,1,2524.96,5,2398.71
ORD102983,2023-01-29,CUST0063,New,North,Electronics,Bluetooth Speaker,2,2683.64,0,5367.28
ORD100910,2023-01-29,CUST0551,Loyal,West,Sports,Dumbbell Set,1,722.38,20,577.9
ORD101157,2023-01-30,CUST0817,New,West,Apparel,Running Shoes,3,2121.62,0,6364.86
ORD103241,2023-01-30,CUST0694,Returning,East,Sports,Cricket Bat,2,862.62,0,1725.24
ORD101368,2023-01-30,CUST0128,Loyal,North,Apparel,Denim Jacket,1,1253.96,20,1003.17
ORD103321,2023-01-31,CUST0416,Returning,North,Beauty,Perfume,2,211.21,15,359.06
ORD103095,2023-02-01,CUST0468,Loyal,East,Sports,Yoga Mat,2,910.3,0,1820.6
ORD103787,2023-02-01,CUST0263,New,North,Home & Kitchen,Table Lamp,1,2527.8,15,2148.63
ORD100323,2023-02-02,CUST0307,Loyal,North,Home & Kitchen,Table Lamp,2,2698.53,0,5397.06
ORD103778,2023-02-02,CUST0187,New,South,Beauty,Face Serum,1,1218.25,20,974.6
ORD101748,2023-02-02,CUST0132,Loyal,North,Apparel,Denim Jacket,5,636.98,0,3184.9
ORD103055,2023-02-02,CUST0438,Returning,West,Electronics,Laptop Stand,1,1179.55,15,1002.62
ORD102687,2023-02-03,CUST0300,Loyal,West,Electronics,Power Bank,3,3282.9,0,9848.7
ORD101203,2023-02-04,CUST0622,Returning,Central,Apparel,Cotton T-Shirt,1,1588.07,0,1588.07
ORD102121,2023-02-04,CUST0699,New,West,Beauty,Sunscreen SPF50,1,1146.11,20,916.89
ORD102354,2023-02-04,CUST0368,New,Central,Electronics,Smartwatch,2,1891.66,5,3594.15
ORD103553,2023-02-04,CUST0349,New,North,Home & Kitchen,Table Lamp,1,2447.04,0,2447.04
ORD102798,2023-02-04,CUST0722,Returning,West,Sports,Dumbbell Set,1,1186.05,0,1186.05
ORD102233,2023-02-05,CUST0146,Loyal,Central,Apparel,Cotton T-Shirt,2,1985.84,0,3971.68
ORD102371,2023-02-05,CUST0458,Returning,North,Sports,Football,1,1702.34,0,1702.34
ORD102031,2023-02-05,CUST0802,New,West,Home & Kitchen,Table Lamp,2,684.23,20,1094.77
ORD102898,2023-02-05,CUST0143,Returning,North,Electronics,Bluetooth Speaker,2,4472.97,10,8051.35
ORD102496,2023-02-06,CUST0420,New,East,Electronics,Wireless Earbuds,2,3434.86,0,6869.72
ORD100926,2023-02-06,CUST0386,New,Central,Electronics,Power Bank,2,2520.42,20,4032.67
ORD103999,2023-02-06,CUST0228,Returning,North,Beauty,Perfume,2,1204.44,10,2167.99
ORD103836,2023-02-06,CUST0514,Returning,East,Sports,Cricket Bat,1,2540.38,0,2540.38
ORD100707,2023-02-07,CUST0291,Returning,Central,Beauty,Perfume,3,494.87,0,1484.61
ORD102704,2023-02-07,CUST0013,Returning,West,Apparel,Backpack,2,1438.52,0,2877.04
ORD102890,2023-02-07,CUST0332,Returning,West,Home & Kitchen,Electric Kettle,1,591.56,0,591.56
ORD102597,2023-02-07,CUST0842,Returning,East,Electronics,Laptop Stand,1,2684.46,10,2416.01
ORD103242,2023-02-08,CUST0443,Returning,West,Apparel,Backpack,3,385.8,15,983.79
ORD100498,2023-02-09,CUST0517,New,West,Home & Kitchen,Non-stick Pan Set,1,2455.41,10,2209.87
ORD101719,2023-02-09,CUST0330,New,West,Home & Kitchen,Non-stick Pan Set,2,2731.14,0,5462.28
ORD103080,2023-02-09,CUST0028,Returning,South,Electronics,Bluetooth Speaker,2,4422.22,5,8402.22
ORD100656,2023-02-09,CUST0276,New,Central,Home & Kitchen,Air Fryer,5,3122.53,0,15612.65
ORD100636,2023-02-10,CUST0590,Returning,South,Beauty,Face Serum,3,967.53,10,2612.33
ORD100071,2023-02-10,CUST0430,Loyal,East,Sports,Football,1,1071.18,5,1017.62
ORD102163,2023-02-11,CUST0596,Returning,South,Home & Kitchen,Mixer Grinder,8,1701.63,0,13613.04
ORD100209,2023-02-11,CUST0017,New,North,Beauty,Lip Balm Set,2,653.96,15,1111.73
ORD101862,2023-02-12,CUST0233,Returning,North,Beauty,Hair Dryer,4,1109.43,10,3993.95
ORD102034,2023-02-12,CUST0160,New,Central,Sports,Resistance Bands,2,709.25,5,1347.58
ORD100993,2023-02-12,CUST0158,Returning,South,Home & Kitchen,Non-stick Pan Set,1,2212.07,15,1880.26
ORD101016,2023-02-12,CUST0225,Returning,West,Home & Kitchen,Electric Kettle,1,1626.71,10,1464.04
ORD101804,2023-02-12,CUST0197,Returning,West,Sports,Football,1,1765.87,10,1589.28
ORD102539,2023-02-12,CUST0343,New,East,Electronics,Power Bank,2,3953.04,0,7906.08
ORD103462,2023-02-14,CUST0142,New,East,Sports,Football,2,2133.24,0,4266.48
ORD102413,2023-02-14,CUST0269,New,Central,Home & Kitchen,Electric Kettle,2,1245.85,0,2491.7
ORD100285,2023-02-14,CUST0434,Returning,West,Beauty,Hair Dryer,1,930.72,0,930.72
ORD101630,2023-02-14,CUST0485,Returning,South,Beauty,Perfume,3,737.21,5,2101.05
ORD103697,2023-02-15,CUST0083,Loyal,North,Beauty,Perfume,6,988.65,0,5931.9
ORD103821,2023-02-15,CUST0103,Returning,North,Beauty,Hair Dryer,1,909.48,10,818.53
ORD103406,2023-02-16,CUST0728,Returning,West,Beauty,Sunscreen SPF50,2,1382.18,15,2349.71
ORD100882,2023-02-16,CUST0404,Returning,West,Electronics,Laptop Stand,1,4347.45,10,3912.7
ORD102350,2023-02-16,CUST0591,New,East,Sports,Football,2,1177.18,0,2354.36
ORD100868,2023-02-16,CUST0431,Returning,Central,Apparel,Formal Shirt,1,550.85,0,550.85
ORD101231,2023-02-17,CUST0814,Returning,Central,Sports,Resistance Bands,1,2157.75,0,2157.75
ORD102230,2023-02-17,CUST0032,Returning,North,Sports,Football,4,1507.25,5,5727.55
ORD102995,2023-02-17,CUST0429,Returning,East,Beauty,Face Serum,2,556.83,0,1113.66
ORD101085,2023-02-17,CUST0657,Returning,North,Sports,Resistance Bands,1,1498.3,5,1423.38
ORD103555,2023-02-17,CUST0194,Loyal,South,Beauty,Perfume,5,368.77,20,1475.08
ORD103785,2023-02-17,CUST0287,Loyal,West,Electronics,Wireless Earbuds,2,2901.65,0,5803.3
ORD101341,2023-02-18,CUST0156,Loyal,East,Sports,Football,3,352.87,0,1058.61
ORD101983,2023-02-18,CUST0711,Returning,South,Beauty,Lip Balm Set,4,177.73,10,639.83
ORD100857,2023-02-19,CUST0380,Loyal,West,Beauty,Lip Balm Set,1,697.24,20,557.79
ORD102551,2023-02-20,CUST0166,Returning,North,Sports,Dumbbell Set,1,499.79,0,499.79
ORD102859,2023-02-21,CUST0812,Returning,West,Apparel,Denim Jacket,3,830.72,5,2367.55
ORD103407,2023-02-21,CUST0228,Returning,East,Home & Kitchen,Mixer Grinder,1,2269.38,0,2269.38
ORD103628,2023-02-21,CUST0538,Returning,East,Apparel,Denim Jacket,2,671.63,20,1074.61
ORD103882,2023-02-21,CUST0618,Returning,South,Sports,Resistance Bands,1,1664.6,0,1664.6
ORD101089,2023-02-21,CUST0319,Loyal,Central,Home & Kitchen,Mixer Grinder,1,951.26,0,951.26
ORD102602,2023-02-21,CUST0456,Loyal,West,Sports,Football,2,2505.98,0,5011.96
ORD101526,2023-02-22,CUST0521,New,North,Electronics,Laptop Stand,1,3476.76,15,2955.25
ORD101550,2023-02-22,CUST0534,Loyal,South,Apparel,Running Shoes,2,1110.35,5,2109.66
ORD102404,2023-02-22,CUST0575,New,East,Apparel,Formal Shirt,1,1143.5,0,1143.5
ORD101767,2023-02-22,CUST0564,Loyal,North,Sports,Dumbbell Set,2,2532.71,0,5065.42
ORD103698,2023-02-23,CUST0106,Loyal,North,Home & Kitchen,Table Lamp,1,2404.31,5,2284.09
ORD100166,2023-02-23,CUST0360,New,North,Sports,Cricket Bat,3,2346.63,0,7039.89
ORD101327,2023-02-23,CUST0609,New,North,Beauty,Hair Dryer,3,935.17,5,2665.23
ORD101377,2023-02-23,CUST0344,Returning,West,Home & Kitchen,Electric Kettle,1,2475.49,0,2475.49
ORD103442,2023-02-24,CUST0561,Loyal,East,Sports,Dumbbell Set,1,2032.01,5,1930.41
ORD101455,2023-02-24,CUST0595,Returning,West,Beauty,Face Serum,1,558.23,0,558.23
ORD101149,2023-02-24,CUST0039,Returning,South,Electronics,Power Bank,2,3980.78,5,7563.48
ORD100074,2023-02-25,CUST0336,Returning,North,Electronics,Power Bank,5,1081.02,5,5134.85
ORD102715,2023-02-25,CUST0552,New,North,Sports,Cricket Bat,2,544.17,15,925.09
ORD102215,2023-02-25,CUST0103,New,West,Beauty,Sunscreen SPF50,2,1419.42,0,2838.84
ORD100932,2023-02-25,CUST0058,New,North,Apparel,Formal Shirt,5,979.0,0,4895.0
ORD100340,2023-02-25,CUST0815,New,South,Beauty,Sunscreen SPF50,3,1085.33,20,2604.79
ORD100799,2023-02-25,CUST0259,Returning,North,Apparel,Formal Shirt,5,1917.75,0,9588.75
ORD100963,2023-02-26,CUST0205,Returning,East,Electronics,Smartwatch,2,1389.93,5,2640.87
ORD103362,2023-02-26,CUST0600,New,West,Electronics,Power Bank,1,3065.88,15,2606.0
ORD103331,2023-02-26,CUST0263,Loyal,West,Electronics,Laptop Stand,2,1309.94,0,2619.88
ORD101549,2023-02-26,CUST0501,Returning,Central,Sports,Yoga Mat,3,2447.23,0,7341.69
ORD103723,2023-02-26,CUST0272,Returning,South,Home & Kitchen,Mixer Grinder,2,1730.9,0,3461.8
ORD103491,2023-02-27,CUST0069,New,North,Apparel,Backpack,2,977.42,10,1759.36
ORD101977,2023-02-27,CUST0398,New,North,Sports,Football,3,1005.54,10,2714.96
ORD101336,2023-02-27,CUST0775,New,North,Home & Kitchen,Electric Kettle,1,993.35,0,993.35
ORD103266,2023-02-27,CUST0663,Loyal,East,Apparel,Cotton T-Shirt,4,489.56,10,1762.42
ORD103636,2023-02-27,CUST0412,Returning,North,Apparel,Backpack,1,2049.01,0,2049.01
ORD103298,2023-02-28,CUST0031,Returning,Central,Home & Kitchen,Mixer Grinder,1,3113.88,15,2646.8
ORD103421,2023-02-28,CUST0285,Returning,West,Beauty,Sunscreen SPF50,3,661.41,0,1984.23
ORD102797,2023-03-01,CUST0592,Returning,North,Electronics,Wireless Earbuds,1,2125.02,0,2125.02
ORD103166,2023-03-01,CUST0205,Returning,North,Home & Kitchen,Electric Kettle,1,1349.11,15,1146.74
ORD101940,2023-03-01,CUST0190,Returning,Central,Beauty,Perfume,1,1189.52,0,1189.52
ORD101067,2023-03-01,CUST0692,New,Central,Beauty,Sunscreen SPF50,5,898.0,10,4041.0
ORD100989,2023-03-01,CUST0609,Returning,West,Electronics,Power Bank,1,2534.6,0,2534.6
ORD100327,2023-03-02,CUST0191,New,East,Apparel,Formal Shirt,3,2088.17,5,5951.28
ORD101031,2023-03-02,CUST0087,Returning,West,Beauty,Sunscreen SPF50,2,848.42,0,1696.84
ORD100399,2023-03-02,CUST0643,New,North,Apparel,Formal Shirt,2,1653.41,10,2976.14
ORD101479,2023-03-02,CUST0588,Returning,North,Home & Kitchen,Electric Kettle,3,773.01,15,1971.18
ORD102773,2023-03-02,CUST0702,Loyal,South,Apparel,Formal Shirt,1,876.79,0,876.79
ORD100719,2023-03-02,CUST0653,New,Central,Apparel,Formal Shirt,2,1716.66,20,2746.66
ORD102470,2023-03-03,CUST0733,Returning,West,Sports,Resistance Bands,1,2455.6,5,2332.82
ORD101108,2023-03-03,CUST0369,Returning,North,Sports,Yoga Mat,3,1986.17,20,4766.81
ORD101610,2023-03-04,CUST0664,Returning,East,Beauty,Perfume,2,789.16,20,1262.66
ORD103386,2023-03-04,CUST0463,Returning,East,Apparel,Cotton T-Shirt,2,1687.89,5,3206.99
ORD101950,2023-03-04,CUST0594,New,North,Beauty,Sunscreen SPF50,5,466.98,20,1867.92
ORD101997,2023-03-05,CUST0657,Returning,East,Beauty,Face Serum,1,1199.01,20,959.21
ORD100756,2023-03-05,CUST0192,Loyal,East,Apparel,Formal Shirt,4,1384.87,5,5262.51
ORD100562,2023-03-05,CUST0559,New,East,Beauty,Sunscreen SPF50,3,677.84,20,1626.82
ORD101972,2023-03-05,CUST0433,New,West,Apparel,Formal Shirt,1,1324.13,0,1324.13
ORD100156,2023-03-05,CUST0455,Returning,West,Electronics,Power Bank,1,1288.66,15,1095.36
ORD101390,2023-03-06,CUST0006,Returning,Central,Electronics,Bluetooth Speaker,2,3110.42,10,5598.76
ORD103666,2023-03-07,CUST0652,New,East,Sports,Resistance Bands,1,545.93,5,518.63
ORD102544,2023-03-07,CUST0365,Loyal,East,Sports,Yoga Mat,2,2557.06,0,5114.12
ORD103419,2023-03-07,CUST0351,New,South,Apparel,Cotton T-Shirt,1,510.16,0,510.16
ORD102346,2023-03-07,CUST0449,Returning,West,Beauty,Sunscreen SPF50,1,1399.47,20,1119.58
ORD100010,2023-03-07,CUST0323,New,North,Apparel,Formal Shirt,1,2091.53,15,1777.8
ORD101331,2023-03-07,CUST0466,New,East,Sports,Dumbbell Set,1,2539.87,15,2158.89
ORD100677,2023-03-07,CUST0051,Returning,East,Sports,Football,1,2178.61,0,2178.61
ORD103890,2023-03-08,CUST0076,Loyal,East,Apparel,Formal Shirt,3,1997.18,0,5991.54
ORD100222,2023-03-08,CUST0079,Loyal,West,Sports,Dumbbell Set,3,1273.04,20,3055.3
ORD102989,2023-03-08,CUST0628,New,North,Beauty,Hair Dryer,2,622.22,15,1057.77
ORD103916,2023-03-09,CUST0545,Loyal,North,Beauty,Hair Dryer,1,900.18,0,900.18
ORD103061,2023-03-10,CUST0113,Loyal,South,Electronics,Smartwatch,1,1500.97,20,1200.78
ORD103002,2023-03-10,CUST0712,Loyal,East,Home & Kitchen,Mixer Grinder,3,2663.9,0,7991.7
ORD101482,2023-03-10,CUST0349,Returning,South,Home & Kitchen,Air Fryer,2,1930.43,0,3860.86
ORD100661,2023-03-10,CUST0485,New,West,Home & Kitchen,Mixer Grinder,1,2264.82,0,2264.82
ORD103363,2023-03-11,CUST0682,New,North,Electronics,Smartwatch,1,1878.83,5,1784.89
ORD101628,2023-03-11,CUST0487,Loyal,East,Apparel,Cotton T-Shirt,1,315.01,5,299.26
ORD101228,2023-03-11,CUST0669,New,South,Electronics,Smartwatch,1,3046.16,0,3046.16
ORD101928,2023-03-12,CUST0741,Returning,East,Apparel,Denim Jacket,3,1978.19,0,5934.57
ORD100425,2023-03-12,CUST0491,Returning,East,Sports,Resistance Bands,2,1621.95,10,2919.51
ORD102857,2023-03-12,CUST0580,New,North,Beauty,Sunscreen SPF50,1,879.72,5,835.73
ORD103522,2023-03-12,CUST0765,Returning,East,Home & Kitchen,Air Fryer,2,641.81,15,1091.08
ORD101237,2023-03-13,CUST0674,New,East,Electronics,Wireless Earbuds,1,2859.94,5,2716.94
ORD102844,2023-03-13,CUST0021,New,East,Apparel,Formal Shirt,3,1740.13,0,5220.39
ORD102201,2023-03-13,CUST0336,Returning,Central,Electronics,Wireless Earbuds,4,2717.59,20,8696.29
ORD101644,2023-03-13,CUST0477,New,North,Apparel,Formal Shirt,2,1282.96,0,2565.92
ORD100646,2023-03-13,CUST0562,Returning,West,Apparel,Denim Jacket,3,1954.71,0,5864.13
ORD100957,2023-03-13,CUST0372,New,North,Electronics,Smartwatch,2,3200.22,15,5440.37
ORD102853,2023-03-13,CUST0425,Returning,South,Electronics,Laptop Stand,5,2307.33,20,9229.32
ORD101858,2023-03-14,CUST0661,Returning,North,Sports,Resistance Bands,2,2754.73,10,4958.51
ORD100403,2023-03-14,CUST0278,New,North,Sports,Football,4,2768.6,0,11074.4
ORD102851,2023-03-14,CUST0052,Returning,South,Home & Kitchen,Electric Kettle,3,2325.12,0,6975.36
ORD100045,2023-03-15,CUST0816,Returning,East,Apparel,Backpack,2,379.47,0,758.94
ORD100126,2023-03-15,CUST0765,Returning,North,Sports,Yoga Mat,1,1040.29,0,1040.29
ORD103481,2023-03-15,CUST0066,New,East,Apparel,Denim Jacket,1,416.73,0,416.73
ORD102275,2023-03-15,CUST0459,New,South,Beauty,Face Serum,1,1358.51,5,1290.58
ORD100522,2023-03-15,CUST0653,New,North,Sports,Resistance Bands,3,1911.56,10,5161.21
ORD103486,2023-03-15,CUST0106,Loyal,North,Electronics,Laptop Stand,4,3745.12,15,12733.41
ORD101119,2023-03-16,CUST0314,Returning,Central,Home & Kitchen,Non-stick Pan Set,1,1056.28,0,1056.28
ORD102915,2023-03-16,CUST0150,New,West,Beauty,Face Serum,2,913.59,0,1827.18
ORD102040,2023-03-16,CUST0423,New,East,Home & Kitchen,Air Fryer,3,1235.64,10,3336.23
ORD102464,2023-03-16,CUST0275,Loyal,East,Electronics,Laptop Stand,1,3457.7,0,3457.7
ORD102027,2023-03-16,CUST0095,New,North,Beauty,Hair Dryer,1,1104.59,0,1104.59
ORD100948,2023-03-17,CUST0675,New,North,Home & Kitchen,Non-stick Pan Set,2,2611.08,0,5222.16
ORD102789,2023-03-18,CUST0070,Loyal,East,Sports,Football,2,2483.23,10,4469.81
ORD103204,2023-03-18,CUST0692,New,West,Beauty,Hair Dryer,3,819.68,0,2459.04
ORD101790,2023-03-18,CUST0646,New,West,Beauty,Lip Balm Set,2,915.36,0,1830.72
ORD102943,2023-03-19,CUST0266,New,West,Beauty,Perfume,1,625.76,5,594.47
ORD103287,2023-03-19,CUST0678,New,West,Home & Kitchen,Table Lamp,2,1431.21,15,2433.06
ORD102649,2023-03-19,CUST0452,Returning,Central,Sports,Football,1,1945.26,5,1848.0
ORD102181,2023-03-22,CUST0572,New,South,Beauty,Face Serum,1,962.84,10,866.56
ORD101877,2023-03-22,CUST0705,Returning,East,Home & Kitchen,Mixer Grinder,3,2547.99,10,6879.57
ORD100303,2023-03-22,CUST0491,Returning,West,Electronics,Smartwatch,1,3317.22,0,3317.22
ORD101407,2023-03-22,CUST0309,New,North,Apparel,Cotton T-Shirt,1,1824.78,15,1551.06
ORD100824,2023-03-22,CUST0368,New,South,Beauty,Sunscreen SPF50,3,294.14,15,750.06
ORD102581,2023-03-22,CUST0758,Returning,Central,Sports,Football,4,2139.92,0,8559.68
ORD103034,2023-03-22,CUST0225,New,East,Electronics,Smartwatch,1,3636.93,10,3273.24
ORD103844,2023-03-22,CUST0662,Loyal,West,Electronics,Power Bank,1,2556.04,20,2044.83
ORD100046,2023-03-23,CUST0417,Returning,West,Apparel,Running Shoes,3,971.99,10,2624.37
ORD100581,2023-03-23,CUST0760,Returning,West,Apparel,Cotton T-Shirt,3,1876.33,20,4503.19
ORD101998,2023-03-23,CUST0311,Returning,South,Apparel,Denim Jacket,2,1832.94,0,3665.88
ORD103261,2023-03-23,CUST0506,New,East,Beauty,Sunscreen SPF50,2,937.3,0,1874.6
ORD102337,2023-03-24,CUST0084,New,North,Home & Kitchen,Air Fryer,4,2983.13,15,10142.64
ORD100108,2023-03-24,CUST0447,Returning,East,Home & Kitchen,Mixer Grinder,4,1178.84,10,4243.82
ORD102716,2023-03-24,CUST0161,Loyal,East,Electronics,Bluetooth Speaker,2,1708.02,20,2732.83
ORD102939,2023-03-24,CUST0818,New,East,Beauty,Lip Balm Set,3,1368.97,0,4106.91
ORD101884,2023-03-24,CUST0640,New,East,Apparel,Formal Shirt,1,359.61,20,287.69
ORD102190,2023-03-25,CUST0383,Returning,Central,Beauty,Hair Dryer,2,361.51,20,578.42
ORD100185,2023-03-26,CUST0064,New,East,Beauty,Perfume,1,792.1,0,792.1
ORD103756,2023-03-26,CUST0194,New,Central,Electronics,Smartwatch,1,1829.52,5,1738.04
ORD101851,2023-03-26,CUST0157,Returning,West,Sports,Dumbbell Set,4,370.33,0,1481.32
ORD102858,2023-03-26,CUST0123,Returning,Central,Sports,Football,2,1612.94,0,3225.88
ORD100807,2023-03-26,CUST0280,Loyal,East,Electronics,Laptop Stand,3,2454.43,15,6258.8
ORD101963,2023-03-27,CUST0758,New,East,Sports,Yoga Mat,1,1763.73,0,1763.73
ORD102696,2023-03-27,CUST0629,Returning,Central,Home & Kitchen,Electric Kettle,3,2660.56,15,6784.43
ORD100364,2023-03-27,CUST0770,Returning,North,Beauty,Perfume,1,1143.58,15,972.04
ORD100726,2023-03-27,CUST0609,New,West,Sports,Football,3,2832.63,10,7648.1
ORD103163,2023-03-27,CUST0749,Loyal,North,Beauty,Lip Balm Set,2,650.8,0,1301.6
ORD101025,2023-03-27,CUST0161,New,North,Sports,Yoga Mat,3,814.81,0,2444.43
ORD102417,2023-03-27,CUST0565,Returning,Central,Sports,Resistance Bands,1,2632.32,5,2500.7
ORD102107,2023-03-27,CUST0382,Returning,North,Electronics,Power Bank,1,961.64,15,817.39
ORD101260,2023-03-28,CUST0231,Returning,Central,Sports,Football,6,2675.31,10,14446.67
ORD102816,2023-03-28,CUST0515,New,West,Sports,Yoga Mat,1,1721.28,0,1721.28
ORD100175,2023-03-28,CUST0588,New,South,Beauty,Face Serum,3,572.63,5,1632.0
ORD101573,2023-03-28,CUST0035,New,South,Home & Kitchen,Electric Kettle,1,2562.75,0,2562.75
ORD102083,2023-03-28,CUST0739,Returning,East,Home & Kitchen,Non-stick Pan Set,1,1178.01,0,1178.01
ORD103817,2023-03-29,CUST0804,Loyal,West,Home & Kitchen,Air Fryer,4,3115.58,15,10592.97
ORD100842,2023-03-30,CUST0777,Returning,South,Electronics,Bluetooth Speaker,4,2103.46,20,6731.07
ORD103551,2023-03-31,CUST0536,New,North,Electronics,Laptop Stand,3,3434.42,0,10303.26
ORD102527,2023-03-31,CUST0610,Returning,West,Beauty,Face Serum,3,1290.11,5,3676.81
ORD101109,2023-03-31,CUST0179,New,North,Electronics,Smartwatch,5,4087.38,15,17371.37
ORD101308,2023-03-31,CUST0014,New,West,Home & Kitchen,Non-stick Pan Set,3,3028.08,10,8175.82
ORD103639,2023-03-31,CUST0084,Loyal,South,Apparel,Cotton T-Shirt,3,575.79,0,1727.37
ORD101146,2023-03-31,CUST0715,Returning,North,Home & Kitchen,Non-stick Pan Set,3,1217.29,0,3651.87
ORD103939,2023-04-01,CUST0686,Returning,South,Electronics,Laptop Stand,2,3949.28,5,7503.63
ORD100294,2023-04-01,CUST0144,New,North,Beauty,Lip Balm Set,3,1316.04,0,3948.12
ORD100054,2023-04-01,CUST0755,Loyal,East,Beauty,Face Serum,3,1077.26,15,2747.01
ORD102151,2023-04-01,CUST0502,Returning,East,Beauty,Hair Dryer,5,1089.42,0,5447.1
ORD101338,2023-04-02,CUST0366,New,North,Sports,Football,1,2844.65,0,2844.65
ORD100703,2023-04-02,CUST0116,New,West,Home & Kitchen,Non-stick Pan Set,3,2439.76,0,7319.28
ORD102833,2023-04-02,CUST0622,Returning,South,Beauty,Lip Balm Set,3,1311.76,15,3344.99
ORD103693,2023-04-02,CUST0781,Returning,North,Apparel,Formal Shirt,2,682.68,0,1365.36
ORD101003,2023-04-03,CUST0776,New,West,Electronics,Power Bank,2,3013.95,5,5726.5
ORD102155,2023-04-03,CUST0678,New,West,Home & Kitchen,Non-stick Pan Set,1,1226.0,0,1226.0
ORD101540,2023-04-03,CUST0447,Loyal,Central,Electronics,Bluetooth Speaker,1,3171.0,15,2695.35
ORD103655,2023-04-03,CUST0366,New,West,Apparel,Backpack,2,1577.86,10,2840.15
ORD100308,2023-04-04,CUST0594,New,West,Sports,Dumbbell Set,1,1771.61,10,1594.45
ORD103234,2023-04-04,CUST0659,New,West,Sports,Cricket Bat,1,2769.84,10,2492.86
ORD100977,2023-04-04,CUST0380,New,East,Electronics,Bluetooth Speaker,3,4419.09,15,11268.68
ORD100834,2023-04-04,CUST0173,New,South,Sports,Dumbbell Set,1,638.4,5,606.48
ORD101056,2023-04-04,CUST0646,Loyal,East,Beauty,Hair Dryer,1,1104.73,10,994.26
ORD102213,2023-04-05,CUST0044,New,North,Sports,Yoga Mat,1,2395.84,0,2395.84
ORD102732,2023-04-06,CUST0727,Loyal,North,Apparel,Running Shoes,2,2008.37,10,3615.07
ORD103069,2023-04-06,CUST0833,Returning,West,Beauty,Lip Balm Set,2,425.87,15,723.98
ORD102128,2023-04-06,CUST0003,New,North,Electronics,Power Bank,2,4353.84,10,7836.91
ORD100322,2023-04-06,CUST0323,Returning,Central,Electronics,Bluetooth Speaker,2,1018.45,20,1629.52
ORD102686,2023-04-06,CUST0829,New,South,Home & Kitchen,Table Lamp,2,3122.18,10,5619.92
ORD103269,2023-04-07,CUST0148,Returning,North,Beauty,Perfume,3,348.09,10,939.84
ORD103610,2023-04-07,CUST0280,Returning,North,Home & Kitchen,Air Fryer,3,2412.71,0,7238.13
ORD100542,2023-04-07,CUST0056,Returning,South,Beauty,Lip Balm Set,1,1074.95,10,967.46
ORD100215,2023-04-08,CUST0451,New,North,Apparel,Denim Jacket,1,1990.02,15,1691.52
ORD103790,2023-04-08,CUST0096,New,South,Apparel,Running Shoes,1,754.8,0,754.8
ORD103977,2023-04-09,CUST0726,New,West,Home & Kitchen,Non-stick Pan Set,4,2692.79,5,10232.6
ORD101250,2023-04-09,CUST0695,New,Central,Home & Kitchen,Electric Kettle,2,1366.48,15,2323.02
ORD101762,2023-04-09,CUST0166,Returning,North,Home & Kitchen,Non-stick Pan Set,1,2739.06,0,2739.06
ORD100501,2023-04-09,CUST0157,New,South,Electronics,Power Bank,1,1809.86,15,1538.38
ORD102601,2023-04-10,CUST0693,Loyal,North,Electronics,Power Bank,1,4030.9,20,3224.72
ORD101978,2023-04-10,CUST0301,Returning,North,Apparel,Backpack,1,630.45,5,598.93
ORD100376,2023-04-10,CUST0162,Loyal,East,Electronics,Wireless Earbuds,5,958.61,20,3834.44
ORD101425,2023-04-11,CUST0543,New,North,Beauty,Lip Balm Set,2,388.47,0,776.94
ORD102080,2023-04-11,CUST0803,Loyal,South,Electronics,Bluetooth Speaker,1,2568.61,5,2440.18
ORD102384,2023-04-11,CUST0331,New,East,Beauty,Lip Balm Set,3,1271.74,20,3052.18
ORD103810,2023-04-11,CUST0308,New,Central,Electronics,Laptop Stand,1,3757.08,0,3757.08
ORD102180,2023-04-11,CUST0566,Returning,West,Apparel,Denim Jacket,2,1013.12,0,2026.24
ORD102528,2023-04-12,CUST0770,Returning,West,Apparel,Backpack,2,2035.57,15,3460.47
ORD103873,2023-04-12,CUST0847,Loyal,East,Apparel,Cotton T-Shirt,4,722.5,0,2890.0
ORD103220,2023-04-12,CUST0658,New,Central,Beauty,Face Serum,1,1126.5,10,1013.85
ORD101404,2023-04-12,CUST0176,New,North,Beauty,Lip Balm Set,1,311.0,5,295.45
ORD103117,2023-04-12,CUST0812,Returning,North,Beauty,Lip Balm Set,2,1158.44,0,2316.88
ORD102028,2023-04-13,CUST0447,New,East,Apparel,Cotton T-Shirt,2,583.16,0,1166.32
ORD103479,2023-04-13,CUST0354,New,North,Electronics,Wireless Earbuds,1,2309.42,5,2193.95
ORD103056,2023-04-13,CUST0228,Returning,West,Apparel,Formal Shirt,3,1700.37,0,5101.11
ORD102399,2023-04-13,CUST0091,New,East,Apparel,Cotton T-Shirt,1,524.04,20,419.23
ORD102697,2023-04-13,CUST0037,Loyal,West,Electronics,Power Bank,4,2645.03,15,8993.1
ORD101447,2023-04-13,CUST0788,New,South,Apparel,Running Shoes,3,1932.12,15,4926.91
ORD102557,2023-04-14,CUST0222,Returning,East,Apparel,Running Shoes,1,1628.79,20,1303.03
ORD103142,2023-04-14,CUST0319,Loyal,East,Apparel,Cotton T-Shirt,3,1822.2,15,4646.61
ORD102245,2023-04-14,CUST0454,New,East,Apparel,Running Shoes,4,2001.87,5,7607.11
ORD102094,2023-04-15,CUST0241,Returning,North,Beauty,Perfume,1,538.2,0,538.2
ORD101379,2023-04-16,CUST0413,Returning,North,Sports,Football,3,2937.73,0,8813.19
ORD101486,2023-04-16,CUST0258,New,South,Sports,Resistance Bands,3,2836.7,20,6808.08
ORD102803,2023-04-16,CUST0624,Returning,North,Home & Kitchen,Non-stick Pan Set,4,1695.73,10,6104.63
ORD101086,2023-04-17,CUST0478,Returning,West,Apparel,Formal Shirt,2,531.26,10,956.27
ORD103086,2023-04-17,CUST0674,New,East,Electronics,Power Bank,2,3680.64,15,6257.09
ORD102030,2023-04-17,CUST0242,Returning,South,Sports,Dumbbell Set,1,1413.98,0,1413.98
ORD102688,2023-04-17,CUST0266,Loyal,South,Apparel,Cotton T-Shirt,3,1085.82,20,2605.97
ORD102970,2023-04-17,CUST0606,Returning,West,Beauty,Face Serum,1,1413.77,5,1343.08
ORD103033,2023-04-18,CUST0663,New,South,Sports,Cricket Bat,4,1562.34,0,6249.36
ORD103969,2023-04-18,CUST0148,New,East,Apparel,Running Shoes,1,1476.56,10,1328.9
ORD101837,2023-04-18,CUST0046,New,East,Beauty,Perfume,1,650.61,15,553.02
ORD103979,2023-04-18,CUST0350,Returning,North,Apparel,Running Shoes,4,1605.45,0,6421.8
ORD101058,2023-04-19,CUST0675,Returning,North,Sports,Resistance Bands,1,2716.38,0,2716.38
ORD102322,2023-04-19,CUST0065,Loyal,West,Sports,Dumbbell Set,3,2024.91,0,6074.73
ORD102257,2023-04-19,CUST0548,New,North,Home & Kitchen,Mixer Grinder,1,684.52,5,650.29
ORD102893,2023-04-20,CUST0830,New,East,Electronics,Wireless Earbuds,4,3218.26,0,12873.04
ORD103642,2023-04-20,CUST0745,Returning,West,Beauty,Hair Dryer,2,1134.28,20,1814.85
ORD103281,2023-04-20,CUST0366,New,East,Home & Kitchen,Non-stick Pan Set,4,2578.34,0,10313.36
ORD103651,2023-04-20,CUST0213,New,Central,Beauty,Perfume,1,213.94,20,171.15
ORD102493,2023-04-20,CUST0698,New,North,Apparel,Denim Jacket,3,1864.28,0,5592.84
ORD100489,2023-04-21,CUST0147,New,Central,Home & Kitchen,Non-stick Pan Set,5,3164.14,5,15029.66
ORD101171,2023-04-21,CUST0645,New,East,Home & Kitchen,Non-stick Pan Set,1,1300.58,5,1235.55
ORD103829,2023-04-21,CUST0355,Returning,Central,Beauty,Lip Balm Set,1,552.92,0,552.92
ORD100518,2023-04-22,CUST0077,Returning,East,Electronics,Smartwatch,1,2685.01,0,2685.01
ORD101458,2023-04-22,CUST0100,Loyal,North,Electronics,Wireless Earbuds,1,1285.38,10,1156.84
ORD100704,2023-04-22,CUST0352,Loyal,Central,Home & Kitchen,Table Lamp,1,2696.38,0,2696.38
ORD100524,2023-04-22,CUST0673,Returning,South,Home & Kitchen,Mixer Grinder,5,2079.86,15,8839.41
ORD100730,2023-04-22,CUST0116,Returning,East,Sports,Dumbbell Set,3,498.71,10,1346.52
ORD101835,2023-04-23,CUST0585,New,North,Sports,Yoga Mat,4,2703.25,15,9191.05
ORD102241,2023-04-23,CUST0627,New,East,Electronics,Power Bank,2,3305.93,20,5289.49
ORD100860,2023-04-23,CUST0042,New,Central,Sports,Cricket Bat,4,1255.37,10,4519.33
ORD103443,2023-04-23,CUST0071,Returning,West,Beauty,Face Serum,3,360.44,0,1081.32
ORD100881,2023-04-23,CUST0201,New,East,Sports,Dumbbell Set,5,2823.08,0,14115.4
ORD100431,2023-04-25,CUST0178,Returning,West,Home & Kitchen,Table Lamp,2,1393.45,20,2229.52
ORD101701,2023-04-25,CUST0707,New,East,Beauty,Perfume,1,1226.31,0,1226.31
ORD101095,2023-04-25,CUST0421,New,South,Sports,Yoga Mat,1,513.53,20,410.82
ORD102845,2023-04-26,CUST0278,New,West,Beauty,Perfume,1,912.79,0,912.79
ORD101933,2023-04-26,CUST0044,Loyal,North,Sports,Yoga Mat,1,870.18,0,870.18
ORD101892,2023-04-26,CUST0094,Loyal,Central,Home & Kitchen,Non-stick Pan Set,1,919.61,15,781.67
ORD102936,2023-04-26,CUST0707,Returning,North,Home & Kitchen,Mixer Grinder,2,1594.91,10,2870.84
ORD100183,2023-04-26,CUST0294,Returning,North,Apparel,Backpack,4,371.45,0,1485.8
ORD103258,2023-04-26,CUST0643,New,South,Electronics,Power Bank,2,3778.03,10,6800.45
ORD103096,2023-04-27,CUST0224,Loyal,North,Home & Kitchen,Mixer Grinder,1,1140.78,0,1140.78
ORD103644,2023-04-27,CUST0286,New,Central,Apparel,Running Shoes,1,1231.63,0,1231.63
ORD101499,2023-04-27,CUST0617,New,North,Electronics,Wireless Earbuds,3,1057.39,0,3172.17
ORD103157,2023-04-27,CUST0066,Loyal,Central,Sports,Dumbbell Set,2,469.8,20,751.68
ORD101511,2023-04-27,CUST0548,Returning,South,Electronics,Laptop Stand,5,3340.69,20,13362.76
ORD101352,2023-04-27,CUST0584,Loyal,North,Home & Kitchen,Table Lamp,3,1213.85,0,3641.55
ORD103006,2023-04-28,CUST0616,New,West,Beauty,Hair Dryer,1,1375.36,10,1237.82
ORD100220,2023-04-28,CUST0147,Loyal,South,Electronics,Power Bank,1,3345.88,0,3345.88
ORD103023,2023-04-28,CUST0544,Returning,East,Sports,Cricket Bat,2,1238.01,10,2228.42
ORD103022,2023-04-28,CUST0282,Returning,East,Home & Kitchen,Electric Kettle,2,1211.54,5,2301.93
ORD102568,2023-04-28,CUST0408,Loyal,North,Apparel,Backpack,2,1168.14,0,2336.28
ORD103262,2023-04-29,CUST0643,Returning,South,Sports,Resistance Bands,2,1923.44,15,3269.85
ORD103752,2023-04-29,CUST0175,Loyal,South,Sports,Resistance Bands,1,2432.55,0,2432.55
ORD100895,2023-04-30,CUST0280,Returning,East,Home & Kitchen,Electric Kettle,1,1400.68,0,1400.68
ORD100680,2023-04-30,CUST0222,Returning,East,Sports,Cricket Bat,2,2544.76,0,5089.52
ORD103415,2023-04-30,CUST0741,New,North,Home & Kitchen,Electric Kettle,3,1184.99,5,3377.22
ORD103441,2023-04-30,CUST0129,Returning,East,Apparel,Running Shoes,4,1743.36,0,6973.44
ORD103958,2023-05-01,CUST0771,New,North,Electronics,Bluetooth Speaker,3,4299.2,0,12897.6
ORD102502,2023-05-01,CUST0475,Loyal,East,Electronics,Wireless Earbuds,2,3097.51,20,4956.02
ORD100312,2023-05-01,CUST0783,New,West,Sports,Yoga Mat,2,2499.49,0,4998.98
ORD101919,2023-05-01,CUST0495,New,North,Beauty,Sunscreen SPF50,3,630.83,10,1703.24
ORD102364,2023-05-02,CUST0812,New,North,Electronics,Laptop Stand,1,3801.95,15,3231.66
ORD100667,2023-05-03,CUST0500,Returning,East,Electronics,Bluetooth Speaker,1,3749.28,0,3749.28
ORD103371,2023-05-03,CUST0688,Returning,North,Home & Kitchen,Electric Kettle,1,2347.01,10,2112.31
ORD102133,2023-05-03,CUST0291,Returning,South,Beauty,Perfume,3,1339.76,0,4019.28
ORD100944,2023-05-03,CUST0784,New,South,Sports,Dumbbell Set,2,663.8,15,1128.46
ORD100240,2023-05-03,CUST0321,Returning,South,Home & Kitchen,Mixer Grinder,1,1352.54,0,1352.54
ORD102301,2023-05-04,CUST0527,New,West,Sports,Dumbbell Set,1,1242.71,0,1242.71
ORD101730,2023-05-04,CUST0818,Returning,North,Sports,Cricket Bat,4,338.23,10,1217.63
ORD102880,2023-05-05,CUST0732,New,East,Electronics,Wireless Earbuds,2,3755.81,15,6384.88
ORD100426,2023-05-05,CUST0539,Returning,South,Electronics,Bluetooth Speaker,2,3213.55,20,5141.68
ORD101292,2023-05-05,CUST0170,Returning,East,Home & Kitchen,Mixer Grinder,1,1837.77,0,1837.77
ORD101565,2023-05-05,CUST0436,New,North,Sports,Cricket Bat,2,1326.29,5,2519.95
ORD100457,2023-05-05,CUST0587,Returning,South,Beauty,Perfume,4,1320.31,5,5017.18
ORD100027,2023-05-05,CUST0460,New,West,Beauty,Hair Dryer,1,408.65,10,367.78
ORD102368,2023-05-05,CUST0056,New,North,Beauty,Face Serum,1,761.5,0,761.5
ORD102901,2023-05-05,CUST0056,New,North,Beauty,Perfume,3,725.74,0,2177.22
ORD101281,2023-05-06,CUST0360,New,East,Sports,Football,3,990.43,0,2971.29
ORD103074,2023-05-06,CUST0486,Returning,West,Electronics,Power Bank,1,4363.77,0,4363.77
ORD103671,2023-05-06,CUST0097,New,North,Beauty,Sunscreen SPF50,2,572.11,0,1144.22
ORD102358,2023-05-06,CUST0134,Loyal,South,Beauty,Face Serum,3,180.21,0,540.63
ORD103970,2023-05-06,CUST0231,Loyal,Central,Beauty,Lip Balm Set,1,511.31,10,460.18
ORD102662,2023-05-06,CUST0532,Returning,West,Home & Kitchen,Air Fryer,4,1741.0,0,6964.0
ORD101895,2023-05-06,CUST0148,New,East,Beauty,Sunscreen SPF50,3,1465.16,0,4395.48
ORD100713,2023-05-07,CUST0287,Loyal,Central,Apparel,Formal Shirt,1,355.99,10,320.39
ORD102395,2023-05-07,CUST0096,Returning,East,Electronics,Bluetooth Speaker,2,2052.71,15,3489.61
ORD102734,2023-05-08,CUST0775,Returning,South,Electronics,Power Bank,4,1490.45,5,5663.71
ORD100413,2023-05-08,CUST0403,New,North,Beauty,Sunscreen SPF50,3,575.26,20,1380.62
ORD100258,2023-05-08,CUST0386,New,North,Home & Kitchen,Table Lamp,5,2254.24,10,10144.08
ORD103306,2023-05-09,CUST0144,Loyal,West,Beauty,Hair Dryer,6,736.28,0,4417.68
ORD101090,2023-05-09,CUST0343,Loyal,East,Electronics,Wireless Earbuds,3,3033.11,15,7734.43
ORD102001,2023-05-09,CUST0321,Loyal,Central,Apparel,Denim Jacket,4,1429.42,0,5717.68
ORD100560,2023-05-10,CUST0297,New,West,Sports,Yoga Mat,3,2802.13,0,8406.39
ORD103574,2023-05-10,CUST0693,Loyal,South,Beauty,Sunscreen SPF50,4,298.42,0,1193.68
ORD100864,2023-05-10,CUST0727,Returning,South,Apparel,Denim Jacket,2,1876.16,5,3564.7
ORD100144,2023-05-10,CUST0312,New,East,Beauty,Hair Dryer,3,211.22,0,633.66
ORD102740,2023-05-10,CUST0021,Loyal,South,Sports,Football,1,2274.78,15,1933.56
ORD101816,2023-05-11,CUST0793,Returning,West,Sports,Football,1,934.2,10,840.78
ORD100014,2023-05-11,CUST0012,Returning,East,Beauty,Lip Balm Set,1,489.41,10,440.47
ORD103597,2023-05-11,CUST0199,New,South,Electronics,Bluetooth Speaker,1,1926.86,0,1926.86
ORD103293,2023-05-11,CUST0526,Loyal,South,Beauty,Face Serum,3,1361.71,0,4085.13
ORD102692,2023-05-12,CUST0705,New,South,Home & Kitchen,Non-stick Pan Set,2,3076.2,20,4921.92
ORD101398,2023-05-12,CUST0301,Loyal,Central,Beauty,Sunscreen SPF50,1,491.64,5,467.06
ORD101518,2023-05-12,CUST0131,Returning,North,Beauty,Sunscreen SPF50,1,500.38,5,475.36
ORD102717,2023-05-12,CUST0079,New,West,Electronics,Smartwatch,3,3883.81,20,9321.14
ORD101211,2023-05-13,CUST0658,Returning,Central,Apparel,Formal Shirt,1,1677.55,15,1425.92
ORD102223,2023-05-13,CUST0262,Loyal,East,Apparel,Denim Jacket,2,1657.84,5,3149.9
ORD103529,2023-05-13,CUST0052,Returning,Central,Apparel,Backpack,1,641.45,15,545.23
ORD100919,2023-05-13,CUST0239,Returning,South,Apparel,Running Shoes,3,2182.26,0,6546.78
ORD102024,2023-05-13,CUST0447,New,South,Beauty,Face Serum,4,664.31,5,2524.38
ORD103384,2023-05-14,CUST0368,Returning,East,Beauty,Perfume,1,522.49,10,470.24
ORD102416,2023-05-14,CUST0646,Returning,West,Sports,Dumbbell Set,6,1826.4,10,9862.56
ORD101952,2023-05-14,CUST0180,Returning,North,Beauty,Lip Balm Set,1,1271.11,5,1207.55
ORD102795,2023-05-14,CUST0264,New,North,Apparel,Running Shoes,2,1416.56,10,2549.81
ORD100866,2023-05-15,CUST0112,New,North,Home & Kitchen,Mixer Grinder,2,900.67,0,1801.34
ORD102529,2023-05-15,CUST0312,New,Central,Electronics,Wireless Earbuds,1,3339.14,0,3339.14
ORD100556,2023-05-15,CUST0849,Returning,West,Home & Kitchen,Non-stick Pan Set,1,691.0,10,621.9
ORD102563,2023-05-16,CUST0130,Returning,East,Beauty,Hair Dryer,4,1096.49,15,3728.07
ORD101402,2023-05-16,CUST0734,Returning,East,Beauty,Hair Dryer,1,288.94,0,288.94
ORD102459,2023-05-16,CUST0016,Returning,East,Beauty,Perfume,1,1208.78,0,1208.78
ORD100395,2023-05-16,CUST0445,Loyal,West,Apparel,Formal Shirt,2,410.02,0,820.04
ORD103308,2023-05-17,CUST0628,New,West,Sports,Resistance Bands,4,2737.64,5,10403.03
ORD100676,2023-05-17,CUST0102,New,North,Electronics,Smartwatch,1,1285.4,0,1285.4
ORD102782,2023-05-17,CUST0316,Returning,Central,Electronics,Bluetooth Speaker,3,3192.24,0,9576.72
ORD100293,2023-05-18,CUST0251,Returning,North,Electronics,Laptop Stand,2,3431.83,0,6863.66
ORD101918,2023-05-18,CUST0373,Returning,West,Beauty,Lip Balm Set,2,522.88,0,1045.76
ORD101319,2023-05-18,CUST0131,Returning,South,Electronics,Laptop Stand,3,1420.8,0,4262.4
ORD101985,2023-05-18,CUST0520,Loyal,North,Electronics,Wireless Earbuds,1,2187.51,5,2078.13
ORD102106,2023-05-18,CUST0204,Returning,East,Home & Kitchen,Mixer Grinder,4,1302.2,0,5208.8
ORD103742,2023-05-18,CUST0462,New,East,Home & Kitchen,Air Fryer,3,1263.32,0,3789.96
ORD102457,2023-05-18,CUST0369,New,Central,Beauty,Hair Dryer,3,493.43,15,1258.25
ORD103060,2023-05-18,CUST0765,New,Central,Apparel,Denim Jacket,4,1008.26,10,3629.74
ORD101700,2023-05-18,CUST0818,Loyal,Central,Apparel,Backpack,1,1321.69,0,1321.69
ORD102558,2023-05-18,CUST0177,New,East,Sports,Football,1,2748.69,5,2611.26
ORD101850,2023-05-19,CUST0788,Returning,East,Home & Kitchen,Mixer Grinder,2,799.72,10,1439.5
ORD103739,2023-05-19,CUST0589,Returning,West,Apparel,Running Shoes,2,306.86,0,613.72
ORD101098,2023-05-19,CUST0432,New,Central,Sports,Dumbbell Set,4,1649.47,0,6597.88
ORD102047,2023-05-19,CUST0150,Loyal,North,Apparel,Denim Jacket,1,615.3,0,615.3
ORD102409,2023-05-20,CUST0850,New,East,Beauty,Face Serum,1,554.86,0,554.86
ORD103857,2023-05-20,CUST0107,Returning,West,Home & Kitchen,Table Lamp,2,1601.66,10,2882.99
ORD101936,2023-05-20,CUST0358,New,East,Electronics,Smartwatch,1,2997.86,0,2997.86
ORD100077,2023-05-21,CUST0245,New,Central,Electronics,Wireless Earbuds,4,973.37,0,3893.48
ORD102788,2023-05-21,CUST0438,Returning,West,Home & Kitchen,Non-stick Pan Set,3,2082.45,0,6247.35
ORD100020,2023-05-22,CUST0541,Returning,North,Sports,Dumbbell Set,2,1761.96,0,3523.92
ORD103289,2023-05-22,CUST0817,New,East,Sports,Cricket Bat,1,930.46,5,883.94
ORD103046,2023-05-23,CUST0089,New,West,Beauty,Hair Dryer,3,893.15,0,2679.45
ORD103498,2023-05-23,CUST0437,New,North,Apparel,Cotton T-Shirt,1,1283.93,0,1283.93
ORD103679,2023-05-25,CUST0592,New,South,Electronics,Smartwatch,2,1861.8,15,3165.06
ORD101492,2023-05-25,CUST0133,Loyal,West,Beauty,Perfume,2,1348.15,5,2561.49
ORD101485,2023-05-26,CUST0237,Returning,North,Sports,Yoga Mat,5,527.51,5,2505.67
ORD103132,2023-05-26,CUST0306,New,East,Sports,Dumbbell Set,5,1513.96,0,7569.8
ORD100488,2023-05-26,CUST0424,Loyal,East,Beauty,Sunscreen SPF50,3,665.25,0,1995.75
ORD101992,2023-05-26,CUST0526,New,West,Home & Kitchen,Non-stick Pan Set,2,2529.45,5,4805.95
ORD101125,2023-05-27,CUST0310,New,East,Apparel,Cotton T-Shirt,3,1582.7,0,4748.1
ORD100104,2023-05-27,CUST0450,Returning,West,Electronics,Smartwatch,1,3867.27,0,3867.27
ORD103804,2023-05-28,CUST0614,New,South,Apparel,Formal Shirt,2,1066.27,10,1919.29
ORD103324,2023-05-28,CUST0055,Returning,North,Apparel,Denim Jacket,2,323.25,0,646.5
ORD101993,2023-05-29,CUST0231,Returning,North,Sports,Dumbbell Set,4,2559.37,0,10237.48
ORD103369,2023-05-29,CUST0789,New,North,Sports,Resistance Bands,2,585.48,20,936.77
ORD100568,2023-05-30,CUST0366,New,North,Apparel,Cotton T-Shirt,1,1403.13,0,1403.13
ORD103463,2023-05-30,CUST0005,Returning,North,Home & Kitchen,Table Lamp,2,2591.23,0,5182.46
ORD100062,2023-05-30,CUST0507,Returning,Central,Beauty,Lip Balm Set,4,1119.77,5,4255.13
ORD103450,2023-05-30,CUST0390,New,North,Home & Kitchen,Non-stick Pan Set,1,2244.38,10,2019.94
ORD103988,2023-05-30,CUST0395,New,South,Apparel,Cotton T-Shirt,1,1453.52,15,1235.49
ORD103139,2023-05-31,CUST0747,New,East,Sports,Cricket Bat,1,1747.67,0,1747.67
ORD102536,2023-05-31,CUST0248,Returning,West,Sports,Football,1,371.24,15,315.55
ORD103130,2023-05-31,CUST0680,Returning,North,Beauty,Hair Dryer,4,1172.72,20,3752.7
ORD100157,2023-05-31,CUST0600,New,East,Electronics,Bluetooth Speaker,1,1890.06,15,1606.55
ORD103534,2023-05-31,CUST0799,Returning,Central,Electronics,Wireless Earbuds,1,4308.76,15,3662.45
ORD100132,2023-06-01,CUST0257,New,Central,Beauty,Hair Dryer,1,1448.74,15,1231.43
ORD100226,2023-06-01,CUST0328,Returning,Central,Beauty,Sunscreen SPF50,3,268.52,15,684.73
ORD100097,2023-06-01,CUST0255,Loyal,North,Sports,Yoga Mat,2,2860.1,0,5720.2
ORD103366,2023-06-01,CUST0671,Returning,North,Apparel,Backpack,4,2153.11,10,7751.2
ORD102804,2023-06-01,CUST0463,New,East,Home & Kitchen,Electric Kettle,2,2103.62,20,3365.79
ORD103851,2023-06-02,CUST0505,Returning,North,Apparel,Running Shoes,1,1928.81,0,1928.81
ORD103280,2023-06-02,CUST0551,Loyal,East,Electronics,Laptop Stand,1,2521.2,5,2395.14
ORD102294,2023-06-02,CUST0722,New,East,Electronics,Power Bank,2,1616.93,20,2587.09
ORD103214,2023-06-02,CUST0017,Returning,East,Electronics,Bluetooth Speaker,1,2121.96,0,2121.96
ORD101403,2023-06-03,CUST0202,Returning,West,Sports,Football,2,2486.83,0,4973.66
ORD102113,2023-06-03,CUST0336,Returning,West,Beauty,Hair Dryer,4,185.3,0,741.2
ORD103438,2023-06-04,CUST0455,Returning,South,Apparel,Denim Jacket,1,847.09,0,847.09
ORD100181,2023-06-04,CUST0579,Returning,East,Home & Kitchen,Mixer Grinder,2,2022.51,15,3438.27
ORD103982,2023-06-04,CUST0022,Loyal,West,Sports,Yoga Mat,3,2265.09,0,6795.27
ORD100938,2023-06-04,CUST0824,New,South,Sports,Dumbbell Set,2,2989.63,5,5680.3
ORD103084,2023-06-04,CUST0396,Returning,North,Beauty,Perfume,2,1311.04,0,2622.08
ORD100326,2023-06-05,CUST0335,Loyal,West,Apparel,Backpack,4,1053.74,20,3371.97
ORD103511,2023-06-05,CUST0710,Returning,Central,Apparel,Running Shoes,1,1171.44,0,1171.44
ORD102146,2023-06-06,CUST0479,New,Central,Electronics,Laptop Stand,4,4019.59,0,16078.36
ORD101575,2023-06-06,CUST0761,Returning,West,Electronics,Laptop Stand,1,2395.37,0,2395.37
ORD100400,2023-06-07,CUST0377,New,East,Beauty,Lip Balm Set,2,1310.14,0,2620.28
ORD103616,2023-06-07,CUST0010,Returning,North,Beauty,Perfume,3,704.95,5,2009.11
ORD100184,2023-06-07,CUST0757,New,East,Electronics,Laptop Stand,3,2989.19,20,7174.06
ORD101587,2023-06-08,CUST0203,New,West,Beauty,Sunscreen SPF50,1,1160.0,0,1160.0
ORD101334,2023-06-08,CUST0056,Returning,South,Beauty,Lip Balm Set,2,1266.79,0,2533.58
ORD101387,2023-06-08,CUST0023,New,Central,Beauty,Hair Dryer,1,285.91,20,228.73
ORD100194,2023-06-08,CUST0039,Returning,East,Apparel,Cotton T-Shirt,2,1703.42,10,3066.16
ORD100795,2023-06-09,CUST0012,New,South,Sports,Resistance Bands,1,1194.75,20,955.8
ORD100404,2023-06-09,CUST0824,Returning,North,Sports,Cricket Bat,1,394.85,0,394.85
ORD103073,2023-06-09,CUST0192,Returning,West,Sports,Football,1,1369.62,0,1369.62
ORD102046,2023-06-09,CUST0491,Returning,South,Sports,Cricket Bat,1,1562.05,20,1249.64
ORD100583,2023-06-09,CUST0837,Loyal,South,Sports,Cricket Bat,1,1670.02,0,1670.02
ORD103625,2023-06-10,CUST0692,Returning,South,Home & Kitchen,Mixer Grinder,2,725.72,20,1161.15
ORD101603,2023-06-10,CUST0147,Loyal,Central,Sports,Dumbbell Set,1,2542.41,15,2161.05
ORD101174,2023-06-10,CUST0621,Returning,South,Beauty,Lip Balm Set,1,480.65,0,480.65
ORD103750,2023-06-10,CUST0654,Loyal,Central,Apparel,Running Shoes,1,1774.06,0,1774.06
ORD103583,2023-06-10,CUST0706,New,South,Beauty,Hair Dryer,2,1170.33,0,2340.66
ORD101528,2023-06-10,CUST0429,Loyal,East,Electronics,Smartwatch,3,3169.17,15,8081.38
ORD101667,2023-06-10,CUST0379,New,Central,Beauty,Perfume,1,1159.81,10,1043.83
ORD101005,2023-06-10,CUST0405,New,West,Sports,Cricket Bat,2,1719.53,0,3439.06
ORD102650,2023-06-11,CUST0329,New,East,Electronics,Laptop Stand,5,3405.4,0,17027.0
ORD100302,2023-06-11,CUST0387,Returning,North,Beauty,Hair Dryer,2,407.15,0,814.3
ORD100235,2023-06-11,CUST0630,Returning,East,Apparel,Running Shoes,2,537.82,0,1075.64
ORD102116,2023-06-11,CUST0082,Loyal,North,Home & Kitchen,Air Fryer,2,1940.58,10,3493.04
ORD100178,2023-06-11,CUST0523,New,West,Beauty,Hair Dryer,1,1201.81,0,1201.81
ORD102438,2023-06-11,CUST0516,New,West,Home & Kitchen,Electric Kettle,3,1443.03,20,3463.27
ORD100722,2023-06-12,CUST0189,Returning,East,Beauty,Sunscreen SPF50,3,1111.23,0,3333.69
ORD103711,2023-06-12,CUST0626,New,East,Home & Kitchen,Mixer Grinder,1,1333.7,20,1066.96
ORD103265,2023-06-12,CUST0806,Returning,East,Home & Kitchen,Non-stick Pan Set,1,905.14,15,769.37
ORD103929,2023-06-12,CUST0004,New,North,Home & Kitchen,Air Fryer,1,2369.26,20,1895.41
ORD100679,2023-06-13,CUST0378,Returning,South,Beauty,Face Serum,1,1352.08,20,1081.66
ORD102809,2023-06-13,CUST0633,Loyal,East,Apparel,Denim Jacket,4,343.06,20,1097.79
ORD100607,2023-06-13,CUST0534,Loyal,West,Sports,Yoga Mat,1,1351.77,15,1149.0
ORD101532,2023-06-13,CUST0236,Loyal,East,Apparel,Backpack,3,1541.33,10,4161.59
ORD103866,2023-06-14,CUST0678,New,West,Apparel,Formal Shirt,4,2097.63,0,8390.52
ORD102243,2023-06-14,CUST0793,Returning,North,Apparel,Backpack,3,403.21,5,1149.15
ORD100125,2023-06-14,CUST0500,New,South,Apparel,Backpack,1,1665.56,20,1332.45
ORD103550,2023-06-14,CUST0793,New,East,Electronics,Bluetooth Speaker,2,4042.93,0,8085.86
ORD101187,2023-06-14,CUST0310,New,West,Sports,Dumbbell Set,3,1423.9,15,3630.95
ORD100106,2023-06-14,CUST0094,Returning,Central,Sports,Yoga Mat,1,1910.21,0,1910.21
ORD100069,2023-06-15,CUST0425,Returning,North,Home & Kitchen,Non-stick Pan Set,1,2377.97,0,2377.97
ORD101937,2023-06-15,CUST0550,Loyal,East,Sports,Cricket Bat,3,1342.25,0,4026.75
ORD101620,2023-06-16,CUST0766,Returning,West,Home & Kitchen,Electric Kettle,1,2924.14,0,2924.14
ORD102172,2023-06-16,CUST0664,Loyal,East,Electronics,Smartwatch,2,2480.32,10,4464.58
ORD102805,2023-06-17,CUST0337,Returning,Central,Beauty,Face Serum,1,864.31,0,864.31
ORD100170,2023-06-17,CUST0221,Returning,West,Apparel,Formal Shirt,4,1139.88,0,4559.52
ORD101002,2023-06-17,CUST0403,Returning,North,Sports,Yoga Mat,2,743.77,0,1487.54
ORD103058,2023-06-18,CUST0263,Loyal,West,Sports,Football,4,1216.36,5,4622.17
ORD103964,2023-06-18,CUST0788,New,West,Apparel,Running Shoes,1,620.74,5,589.7
ORD100393,2023-06-18,CUST0209,New,East,Sports,Resistance Bands,3,1102.24,10,2976.05
ORD102864,2023-06-18,CUST0486,New,East,Home & Kitchen,Air Fryer,2,2705.22,20,4328.35
ORD103930,2023-06-18,CUST0543,Loyal,South,Beauty,Hair Dryer,2,240.21,0,480.42
ORD102070,2023-06-18,CUST0844,Loyal,North,Electronics,Laptop Stand,2,3742.35,5,7110.46
ORD102067,2023-06-18,CUST0828,Returning,East,Electronics,Smartwatch,1,1232.33,20,985.86
ORD103884,2023-06-19,CUST0087,New,South,Electronics,Power Bank,1,3792.37,20,3033.9
ORD100217,2023-06-19,CUST0329,Loyal,South,Beauty,Face Serum,1,393.62,0,393.62
ORD101645,2023-06-19,CUST0327,Returning,East,Apparel,Cotton T-Shirt,2,1833.14,0,3666.28
ORD102510,2023-06-19,CUST0575,New,North,Home & Kitchen,Air Fryer,1,830.44,20,664.35
ORD101785,2023-06-20,CUST0606,Returning,West,Electronics,Wireless Earbuds,1,3008.82,0,3008.82
ORD101351,2023-06-20,CUST0636,Loyal,South,Beauty,Perfume,2,1488.19,0,2976.38
ORD103367,2023-06-20,CUST0155,Returning,West,Electronics,Wireless Earbuds,1,4221.72,0,4221.72
ORD100855,2023-06-20,CUST0303,Returning,West,Sports,Yoga Mat,1,849.52,0,849.52
ORD101243,2023-06-20,CUST0751,New,Central,Apparel,Formal Shirt,1,687.15,15,584.08
ORD102391,2023-06-21,CUST0678,Returning,West,Beauty,Face Serum,1,995.05,0,995.05
ORD101616,2023-06-21,CUST0178,Returning,North,Home & Kitchen,Mixer Grinder,3,2328.41,5,6635.97
ORD102167,2023-06-21,CUST0848,New,East,Apparel,Backpack,1,930.94,0,930.94
ORD103225,2023-06-21,CUST0751,New,North,Beauty,Lip Balm Set,1,585.58,0,585.58
ORD101542,2023-06-21,CUST0329,New,East,Home & Kitchen,Air Fryer,5,2218.33,5,10537.07
ORD102397,2023-06-22,CUST0170,Returning,Central,Home & Kitchen,Table Lamp,2,2053.2,20,3285.12
ORD101121,2023-06-22,CUST0637,New,East,Apparel,Formal Shirt,2,378.17,10,680.71
ORD102274,2023-06-22,CUST0770,Returning,South,Apparel,Denim Jacket,2,1169.98,20,1871.97
ORD100387,2023-06-22,CUST0028,Returning,East,Home & Kitchen,Table Lamp,3,1197.78,15,3054.34
ORD103599,2023-06-23,CUST0658,Returning,West,Electronics,Smartwatch,1,2641.12,15,2244.95
ORD102670,2023-06-23,CUST0304,Returning,Central,Electronics,Smartwatch,3,1073.01,0,3219.03
ORD103116,2023-06-23,CUST0305,New,South,Home & Kitchen,Non-stick Pan Set,1,2911.05,0,2911.05
ORD103598,2023-06-24,CUST0231,New,East,Sports,Dumbbell Set,1,2678.06,0,2678.06
ORD102902,2023-06-24,CUST0741,New,North,Home & Kitchen,Table Lamp,1,642.66,0,642.66
ORD103850,2023-06-24,CUST0008,Loyal,West,Home & Kitchen,Non-stick Pan Set,2,2509.19,10,4516.54
ORD102799,2023-06-24,CUST0667,Returning,South,Sports,Resistance Bands,2,2737.66,0,5475.32
ORD100918,2023-06-24,CUST0173,Returning,South,Electronics,Smartwatch,1,4419.26,15,3756.37
ORD100344,2023-06-24,CUST0577,New,East,Electronics,Smartwatch,1,3229.2,0,3229.2
ORD102874,2023-06-25,CUST0542,Returning,North,Beauty,Hair Dryer,2,1144.92,20,1831.87
ORD100208,2023-06-25,CUST0568,Returning,North,Sports,Cricket Bat,2,1645.15,10,2961.27
ORD100230,2023-06-26,CUST0788,Returning,South,Electronics,Bluetooth Speaker,1,2623.19,5,2492.03
ORD100887,2023-06-26,CUST0068,Loyal,South,Home & Kitchen,Non-stick Pan Set,4,1870.84,0,7483.36
ORD101618,2023-06-26,CUST0191,Loyal,North,Sports,Football,1,751.88,0,751.88
ORD102103,2023-06-26,CUST0199,New,North,Electronics,Smartwatch,4,3834.78,10,13805.21
ORD103253,2023-06-27,CUST0093,Returning,Central,Apparel,Cotton T-Shirt,1,1997.69,20,1598.15
ORD102479,2023-06-27,CUST0103,New,Central,Electronics,Smartwatch,1,2509.28,0,2509.28
ORD102632,2023-06-27,CUST0338,Returning,North,Beauty,Hair Dryer,3,1389.72,0,4169.16
ORD102506,2023-06-27,CUST0233,Returning,West,Sports,Resistance Bands,2,1149.88,0,2299.76
ORD100275,2023-06-27,CUST0007,New,North,Beauty,Face Serum,4,586.86,0,2347.44
ORD103760,2023-06-28,CUST0365,New,North,Apparel,Formal Shirt,2,931.45,15,1583.47
ORD101347,2023-06-28,CUST0287,New,South,Beauty,Face Serum,1,549.07,0,549.07
ORD103427,2023-06-28,CUST0701,Returning,East,Beauty,Lip Balm Set,1,1371.98,0,1371.98
ORD100001,2023-06-28,CUST0028,New,North,Sports,Football,1,889.82,10,800.84
ORD101890,2023-06-28,CUST0073,Returning,West,Electronics,Wireless Earbuds,1,2128.09,10,1915.28
ORD102794,2023-06-29,CUST0603,Loyal,West,Beauty,Lip Balm Set,2,949.86,5,1804.73
ORD103641,2023-06-29,CUST0668,Returning,South,Sports,Yoga Mat,4,2969.48,5,11284.02
ORD100492,2023-06-30,CUST0393,Returning,South,Home & Kitchen,Table Lamp,3,1601.27,5,4563.62
ORD100839,2023-06-30,CUST0098,Returning,South,Apparel,Denim Jacket,4,664.62,10,2392.63
ORD102908,2023-06-30,CUST0210,Returning,North,Apparel,Running Shoes,1,1712.69,15,1455.79
ORD102509,2023-06-30,CUST0831,Loyal,Central,Sports,Resistance Bands,3,806.01,0,2418.03
ORD100443,2023-07-01,CUST0263,New,North,Apparel,Formal Shirt,1,1617.03,0,1617.03
ORD101558,2023-07-01,CUST0728,New,North,Sports,Dumbbell Set,3,1783.78,0,5351.34
ORD103858,2023-07-01,CUST0642,Returning,Central,Home & Kitchen,Non-stick Pan Set,3,865.49,0,2596.47
ORD102579,2023-07-01,CUST0757,Returning,North,Apparel,Running Shoes,1,1564.38,20,1251.5
ORD102873,2023-07-01,CUST0134,Returning,East,Sports,Yoga Mat,3,1954.21,10,5276.37
ORD103887,2023-07-01,CUST0651,New,North,Home & Kitchen,Table Lamp,3,1325.17,10,3577.96
ORD103650,2023-07-01,CUST0600,Returning,East,Sports,Dumbbell Set,2,1872.44,10,3370.39
ORD102647,2023-07-02,CUST0264,New,South,Beauty,Sunscreen SPF50,1,1082.35,0,1082.35
ORD101932,2023-07-03,CUST0246,Returning,North,Home & Kitchen,Mixer Grinder,2,2832.26,0,5664.52
ORD102676,2023-07-03,CUST0310,New,Central,Beauty,Lip Balm Set,4,505.72,0,2022.88
ORD102929,2023-07-03,CUST0833,New,Central,Apparel,Cotton T-Shirt,1,2046.07,5,1943.77
ORD102904,2023-07-03,CUST0012,New,East,Home & Kitchen,Air Fryer,2,1890.58,0,3781.16
ORD102570,2023-07-03,CUST0163,New,East,Beauty,Face Serum,2,970.96,20,1553.54
ORD101208,2023-07-03,CUST0393,New,Central,Electronics,Power Bank,4,4244.41,0,16977.64
ORD102169,2023-07-03,CUST0083,New,East,Sports,Dumbbell Set,2,2232.53,10,4018.55
ORD101073,2023-07-03,CUST0216,Returning,West,Beauty,Face Serum,1,1498.41,5,1423.49
ORD103978,2023-07-03,CUST0274,Loyal,South,Apparel,Denim Jacket,4,402.86,10,1450.3
ORD102946,2023-07-03,CUST0149,Loyal,West,Apparel,Cotton T-Shirt,1,1999.83,20,1599.86
ORD102882,2023-07-04,CUST0095,Returning,North,Electronics,Bluetooth Speaker,1,983.31,20,786.65
ORD103748,2023-07-04,CUST0527,Returning,North,Home & Kitchen,Electric Kettle,6,424.26,0,2545.56
ORD100138,2023-07-04,CUST0375,New,West,Apparel,Denim Jacket,1,551.1,10,495.99
ORD100612,2023-07-04,CUST0836,Returning,West,Sports,Cricket Bat,3,1853.06,0,5559.18
ORD102321,2023-07-04,CUST0402,Returning,South,Sports,Football,1,912.99,0,912.99
ORD103100,2023-07-04,CUST0584,New,South,Home & Kitchen,Non-stick Pan Set,3,911.39,0,2734.17
ORD103594,2023-07-05,CUST0305,New,North,Apparel,Running Shoes,3,1850.23,5,5273.16
ORD100475,2023-07-05,CUST0227,New,South,Apparel,Cotton T-Shirt,5,1387.29,0,6936.45
ORD100127,2023-07-05,CUST0711,Returning,West,Beauty,Face Serum,1,285.68,0,285.68
ORD100380,2023-07-06,CUST0697,New,North,Electronics,Wireless Earbuds,2,3037.25,10,5467.05
ORD100606,2023-07-06,CUST0380,Returning,Central,Home & Kitchen,Mixer Grinder,3,579.43,0,1738.29
ORD100168,2023-07-07,CUST0739,Returning,South,Sports,Dumbbell Set,2,682.88,0,1365.76
ORD101732,2023-07-08,CUST0588,Returning,East,Sports,Yoga Mat,4,2577.32,0,10309.28
ORD103320,2023-07-08,CUST0107,Returning,North,Electronics,Bluetooth Speaker,3,2385.19,15,6082.23
ORD102783,2023-07-09,CUST0654,New,South,Apparel,Formal Shirt,2,737.61,0,1475.22
ORD102118,2023-07-10,CUST0005,New,West,Apparel,Denim Jacket,1,479.2,10,431.28
ORD102863,2023-07-10,CUST0774,New,North,Beauty,Face Serum,2,1380.35,0,2760.7
ORD102472,2023-07-10,CUST0666,New,Central,Apparel,Cotton T-Shirt,1,1350.76,0,1350.76
ORD103042,2023-07-10,CUST0283,New,North,Beauty,Hair Dryer,1,283.84,0,283.84
ORD100372,2023-07-10,CUST0500,Returning,West,Beauty,Perfume,4,1334.38,5,5070.64
ORD103036,2023-07-11,CUST0022,Loyal,North,Electronics,Laptop Stand,1,3401.38,5,3231.31
ORD102339,2023-07-11,CUST0768,New,East,Electronics,Smartwatch,1,4236.7,10,3813.03
ORD102567,2023-07-11,CUST0699,Returning,Central,Beauty,Hair Dryer,1,684.43,0,684.43
ORD103682,2023-07-11,CUST0773,New,North,Sports,Cricket Bat,2,2512.48,20,4019.97
ORD103678,2023-07-11,CUST0684,Loyal,East,Sports,Yoga Mat,3,1310.24,0,3930.72
ORD103768,2023-07-11,CUST0540,Loyal,Central,Electronics,Wireless Earbuds,2,3959.36,15,6730.91
ORD103663,2023-07-12,CUST0821,New,North,Apparel,Formal Shirt,1,760.49,20,608.39
ORD103782,2023-07-12,CUST0528,New,East,Beauty,Hair Dryer,1,1237.1,0,1237.1
ORD103304,2023-07-12,CUST0834,New,East,Beauty,Lip Balm Set,5,1008.15,0,5040.75
ORD101608,2023-07-12,CUST0282,New,East,Apparel,Denim Jacket,6,818.75,15,4175.62
ORD103179,2023-07-12,CUST0133,Returning,North,Apparel,Formal Shirt,1,1386.96,0,1386.96
ORD101594,2023-07-12,CUST0069,New,South,Sports,Football,1,1538.91,0,1538.91
ORD103294,2023-07-12,CUST0234,Returning,East,Beauty,Perfume,1,1422.77,0,1422.77
ORD101430,2023-07-13,CUST0705,Returning,Central,Home & Kitchen,Table Lamp,2,2469.45,20,3951.12
ORD102115,2023-07-14,CUST0820,New,South,Apparel,Denim Jacket,1,1395.18,10,1255.66
ORD102521,2023-07-14,CUST0699,Loyal,North,Sports,Yoga Mat,3,2186.44,5,6231.35
ORD103318,2023-07-14,CUST0062,Returning,North,Sports,Dumbbell Set,2,1278.43,0,2556.86
ORD101249,2023-07-15,CUST0102,Loyal,West,Sports,Cricket Bat,1,1766.74,10,1590.07
ORD100517,2023-07-15,CUST0847,Returning,East,Beauty,Sunscreen SPF50,2,1015.9,0,2031.8
ORD100976,2023-07-15,CUST0621,Loyal,North,Sports,Yoga Mat,1,1545.06,0,1545.06
ORD103140,2023-07-15,CUST0375,Returning,North,Apparel,Formal Shirt,4,1476.39,15,5019.73
ORD100369,2023-07-15,CUST0719,Loyal,Central,Home & Kitchen,Mixer Grinder,3,2827.73,0,8483.19
ORD103350,2023-07-16,CUST0528,Returning,West,Apparel,Running Shoes,2,492.86,20,788.58
ORD103372,2023-07-16,CUST0332,Loyal,North,Beauty,Perfume,1,665.91,0,665.91
ORD102569,2023-07-16,CUST0166,Returning,North,Sports,Resistance Bands,1,2130.41,15,1810.85
ORD100317,2023-07-17,CUST0274,Returning,North,Sports,Dumbbell Set,2,944.15,0,1888.3
ORD101757,2023-07-17,CUST0528,Loyal,West,Beauty,Lip Balm Set,2,414.99,0,829.98
ORD101671,2023-07-18,CUST0163,New,North,Beauty,Sunscreen SPF50,2,540.62,20,864.99
ORD101872,2023-07-18,CUST0093,Loyal,North,Electronics,Wireless Earbuds,1,4030.07,0,4030.07
ORD100456,2023-07-18,CUST0567,Returning,West,Electronics,Bluetooth Speaker,2,3623.24,0,7246.48
ORD100349,2023-07-19,CUST0024,New,South,Beauty,Lip Balm Set,2,1243.75,0,2487.5
ORD102298,2023-07-19,CUST0273,New,South,Home & Kitchen,Mixer Grinder,1,444.96,10,400.46
ORD101340,2023-07-19,CUST0154,Returning,Central,Apparel,Formal Shirt,2,1254.14,20,2006.62
ORD102154,2023-07-19,CUST0756,New,West,Sports,Yoga Mat,2,2511.36,0,5022.72
ORD100771,2023-07-19,CUST0230,Returning,West,Beauty,Hair Dryer,2,778.29,0,1556.58
ORD100029,2023-07-20,CUST0243,Loyal,West,Electronics,Laptop Stand,4,4234.92,20,13551.74
ORD102475,2023-07-20,CUST0770,Returning,North,Electronics,Wireless Earbuds,1,960.85,20,768.68
ORD103837,2023-07-20,CUST0269,Returning,North,Beauty,Lip Balm Set,1,1378.43,20,1102.74
ORD100598,2023-07-20,CUST0291,Returning,North,Beauty,Sunscreen SPF50,2,1378.62,0,2757.24
ORD103374,2023-07-20,CUST0476,Loyal,Central,Sports,Cricket Bat,1,2989.99,0,2989.99
ORD100468,2023-07-21,CUST0276,Returning,South,Home & Kitchen,Non-stick Pan Set,2,2567.29,0,5134.58
ORD101788,2023-07-21,CUST0727,Returning,North,Sports,Yoga Mat,4,1241.93,15,4222.56
ORD102924,2023-07-21,CUST0201,New,North,Electronics,Wireless Earbuds,1,4061.39,0,4061.39
ORD101831,2023-07-22,CUST0720,New,West,Sports,Yoga Mat,3,1700.18,10,4590.49
ORD100203,2023-07-22,CUST0143,New,North,Apparel,Running Shoes,1,1876.55,15,1595.07
ORD102806,2023-07-22,CUST0536,Returning,South,Apparel,Running Shoes,1,603.76,5,573.57
ORD102847,2023-07-22,CUST0748,Returning,West,Home & Kitchen,Non-stick Pan Set,1,1703.73,10,1533.36
ORD100923,2023-07-23,CUST0696,New,East,Electronics,Wireless Earbuds,2,1544.74,10,2780.53
ORD100100,2023-07-23,CUST0077,New,North,Home & Kitchen,Non-stick Pan Set,3,1071.62,10,2893.37
ORD101372,2023-07-23,CUST0509,New,North,Electronics,Wireless Earbuds,1,4256.99,0,4256.99
ORD103426,2023-07-23,CUST0310,Returning,Central,Beauty,Hair Dryer,1,1269.45,0,1269.45
ORD103319,2023-07-24,CUST0333,New,Central,Sports,Football,4,816.86,0,3267.44
ORD103620,2023-07-24,CUST0575,Returning,Central,Electronics,Power Bank,5,2461.33,0,12306.65
ORD103672,2023-07-24,CUST0278,New,North,Apparel,Denim Jacket,2,2146.85,20,3434.96
ORD100631,2023-07-24,CUST0757,Loyal,East,Apparel,Running Shoes,2,672.52,20,1076.03
ORD101467,2023-07-24,CUST0110,New,South,Sports,Football,1,1311.01,20,1048.81
ORD100038,2023-07-24,CUST0251,New,North,Electronics,Laptop Stand,4,4259.73,0,17038.92
ORD101373,2023-07-24,CUST0217,New,East,Beauty,Perfume,3,541.37,5,1542.9
ORD103824,2023-07-25,CUST0251,New,East,Beauty,Hair Dryer,2,1175.1,20,1880.16
ORD100123,2023-07-25,CUST0671,Returning,East,Beauty,Face Serum,4,1125.3,5,4276.14
ORD101772,2023-07-25,CUST0625,Loyal,North,Home & Kitchen,Table Lamp,4,2405.04,10,8658.14
ORD101200,2023-07-25,CUST0027,Returning,West,Electronics,Power Bank,2,3907.52,0,7815.04
ORD103016,2023-07-25,CUST0453,Returning,South,Sports,Yoga Mat,2,385.77,20,617.23
ORD101205,2023-07-25,CUST0804,Returning,East,Beauty,Hair Dryer,2,1324.31,10,2383.76
ORD101754,2023-07-25,CUST0488,New,Central,Electronics,Bluetooth Speaker,3,4457.49,0,13372.47
ORD103578,2023-07-25,CUST0171,New,North,Electronics,Smartwatch,3,1005.09,20,2412.22
ORD103393,2023-07-25,CUST0514,New,East,Beauty,Sunscreen SPF50,1,700.32,0,700.32
ORD101537,2023-07-26,CUST0136,New,West,Home & Kitchen,Air Fryer,3,867.42,0,2602.26
ORD100007,2023-07-26,CUST0215,Loyal,South,Beauty,Hair Dryer,1,369.58,0,369.58
ORD101097,2023-07-27,CUST0013,New,South,Apparel,Cotton T-Shirt,1,665.71,0,665.71
ORD101657,2023-07-27,CUST0310,New,Central,Beauty,Perfume,2,1402.04,15,2383.47
ORD101068,2023-07-27,CUST0086,New,East,Home & Kitchen,Table Lamp,1,1991.09,5,1891.54
ORD103274,2023-07-27,CUST0787,New,North,Home & Kitchen,Non-stick Pan Set,1,2169.95,15,1844.46
ORD102781,2023-07-27,CUST0460,New,Central,Beauty,Face Serum,3,647.13,0,1941.39
ORD103734,2023-07-28,CUST0412,Loyal,North,Apparel,Backpack,2,1796.36,0,3592.72
ORD103646,2023-07-28,CUST0724,New,North,Electronics,Power Bank,1,3782.84,20,3026.27
ORD102520,2023-07-28,CUST0398,Loyal,Central,Home & Kitchen,Air Fryer,1,1695.56,10,1526.0
ORD103759,2023-07-28,CUST0093,New,East,Home & Kitchen,Air Fryer,2,2932.89,0,5865.78
ORD102260,2023-07-29,CUST0349,Loyal,East,Home & Kitchen,Electric Kettle,2,880.53,10,1584.95
ORD103278,2023-07-29,CUST0411,Returning,Central,Home & Kitchen,Non-stick Pan Set,2,2782.33,0,5564.66
ORD101598,2023-07-29,CUST0607,Returning,East,Home & Kitchen,Table Lamp,1,1324.45,20,1059.56
ORD103767,2023-07-30,CUST0390,Loyal,Central,Electronics,Power Bank,1,3593.57,15,3054.53
ORD100200,2023-07-30,CUST0151,Returning,South,Sports,Yoga Mat,1,1000.18,10,900.16
ORD101410,2023-07-30,CUST0705,New,North,Electronics,Smartwatch,2,1278.49,0,2556.98
ORD100643,2023-07-30,CUST0407,Returning,Central,Electronics,Wireless Earbuds,3,1093.77,20,2625.05
ORD100218,2023-07-30,CUST0171,New,West,Electronics,Bluetooth Speaker,1,3069.44,5,2915.97
ORD102466,2023-07-31,CUST0837,Returning,Central,Home & Kitchen,Air Fryer,4,1799.91,5,6839.66
ORD102997,2023-07-31,CUST0796,New,East,Sports,Dumbbell Set,1,2372.03,0,2372.03
ORD100763,2023-07-31,CUST0329,Returning,North,Sports,Cricket Bat,1,2006.84,0,2006.84
ORD102566,2023-07-31,CUST0516,New,West,Home & Kitchen,Electric Kettle,2,2575.17,0,5150.34
ORD103452,2023-07-31,CUST0074,Returning,North,Beauty,Perfume,2,707.19,10,1272.94
ORD100513,2023-08-01,CUST0389,Returning,East,Beauty,Perfume,2,741.52,10,1334.74
ORD101611,2023-08-01,CUST0182,Loyal,North,Electronics,Bluetooth Speaker,1,1451.49,15,1233.77
ORD102456,2023-08-01,CUST0527,New,West,Sports,Yoga Mat,2,1553.97,0,3107.94
ORD103538,2023-08-01,CUST0491,Returning,South,Beauty,Lip Balm Set,1,282.7,5,268.56
ORD103440,2023-08-02,CUST0349,Returning,Central,Electronics,Power Bank,3,2414.59,5,6881.58
ORD100442,2023-08-02,CUST0172,New,South,Beauty,Sunscreen SPF50,5,618.19,0,3090.95
ORD102627,2023-08-03,CUST0791,New,East,Home & Kitchen,Air Fryer,1,2798.96,0,2798.96
ORD102807,2023-08-03,CUST0350,Returning,West,Electronics,Smartwatch,5,1655.71,10,7450.69
ORD100447,2023-08-03,CUST0096,New,North,Electronics,Bluetooth Speaker,1,3535.15,10,3181.64
ORD101248,2023-08-04,CUST0502,Loyal,East,Electronics,Smartwatch,3,3019.78,20,7247.47
ORD101148,2023-08-04,CUST0474,New,South,Sports,Cricket Bat,3,820.27,0,2460.81
ORD102928,2023-08-04,CUST0083,Returning,East,Sports,Football,2,1912.07,0,3824.14
ORD101759,2023-08-04,CUST0474,Returning,North,Home & Kitchen,Non-stick Pan Set,2,1243.1,15,2113.27
ORD100464,2023-08-05,CUST0271,Loyal,West,Sports,Yoga Mat,3,2670.37,5,7610.55
ORD102690,2023-08-05,CUST0369,New,Central,Sports,Resistance Bands,1,975.2,5,926.44
ORD102315,2023-08-05,CUST0661,New,West,Home & Kitchen,Non-stick Pan Set,1,2098.42,20,1678.74
ORD102388,2023-08-05,CUST0646,New,North,Electronics,Power Bank,2,3295.29,0,6590.58
ORD101160,2023-08-05,CUST0218,Returning,North,Apparel,Denim Jacket,1,900.86,5,855.82
ORD101301,2023-08-06,CUST0453,Returning,West,Beauty,Hair Dryer,3,893.69,20,2144.86
ORD101548,2023-08-06,CUST0173,New,North,Home & Kitchen,Electric Kettle,3,2748.61,20,6596.66
ORD100954,2023-08-07,CUST0058,Returning,Central,Home & Kitchen,Non-stick Pan Set,1,1112.06,10,1000.85
ORD103499,2023-08-07,CUST0549,Returning,West,Home & Kitchen,Air Fryer,3,933.24,0,2799.72
ORD103627,2023-08-07,CUST0225,New,West,Home & Kitchen,Mixer Grinder,2,2573.81,10,4632.86
ORD102119,2023-08-07,CUST0163,New,East,Beauty,Face Serum,3,881.65,0,2644.95
ORD101889,2023-08-08,CUST0798,New,North,Home & Kitchen,Air Fryer,1,2001.34,0,2001.34
ORD100775,2023-08-08,CUST0605,Returning,East,Apparel,Backpack,2,1312.22,5,2493.22
ORD102793,2023-08-08,CUST0509,New,West,Apparel,Formal Shirt,3,830.51,5,2366.95
ORD103600,2023-08-08,CUST0479,Returning,South,Apparel,Cotton T-Shirt,2,517.92,15,880.46
ORD101946,2023-08-08,CUST0311,Loyal,East,Electronics,Wireless Earbuds,4,4308.43,0,17233.72
ORD101397,2023-08-09,CUST0840,Returning,South,Sports,Football,3,1278.39,15,3259.89
ORD100444,2023-08-10,CUST0505,Returning,South,Electronics,Wireless Earbuds,4,4388.77,5,16677.33
ORD101580,2023-08-10,CUST0379,New,East,Beauty,Sunscreen SPF50,1,1191.13,5,1131.57
ORD102258,2023-08-10,CUST0077,Returning,West,Home & Kitchen,Mixer Grinder,5,1837.49,0,9187.45
ORD100080,2023-08-10,CUST0407,Returning,Central,Sports,Yoga Mat,1,2747.07,5,2609.72
ORD102440,2023-08-10,CUST0131,New,East,Beauty,Perfume,1,1109.81,10,998.83
ORD102738,2023-08-11,CUST0232,Returning,North,Electronics,Wireless Earbuds,4,3747.97,0,14991.88
ORD100780,2023-08-11,CUST0837,Returning,South,Sports,Football,1,419.08,0,419.08
ORD103991,2023-08-12,CUST0052,Returning,Central,Electronics,Wireless Earbuds,3,2403.35,0,7210.05
ORD102503,2023-08-12,CUST0372,New,North,Electronics,Bluetooth Speaker,4,4068.4,15,13832.56
ORD101189,2023-08-12,CUST0408,New,West,Sports,Cricket Bat,4,826.2,15,2809.08
ORD100415,2023-08-12,CUST0367,Returning,North,Home & Kitchen,Air Fryer,2,1538.24,10,2768.83
ORD101434,2023-08-13,CUST0516,Loyal,East,Electronics,Wireless Earbuds,1,3907.29,10,3516.56
ORD102720,2023-08-13,CUST0769,Returning,North,Sports,Cricket Bat,1,1321.02,0,1321.02
ORD103359,2023-08-13,CUST0091,New,West,Home & Kitchen,Mixer Grinder,1,1217.97,5,1157.07
ORD100254,2023-08-13,CUST0028,Loyal,South,Beauty,Perfume,2,1327.33,15,2256.46
ORD103239,2023-08-13,CUST0044,New,South,Home & Kitchen,Electric Kettle,5,436.91,0,2184.55
ORD101568,2023-08-14,CUST0022,Returning,South,Sports,Resistance Bands,2,304.78,15,518.13
ORD101314,2023-08-14,CUST0122,New,Central,Home & Kitchen,Air Fryer,1,613.61,0,613.61
ORD103795,2023-08-15,CUST0527,New,North,Sports,Dumbbell Set,1,364.77,10,328.29
ORD102869,2023-08-15,CUST0554,Loyal,East,Apparel,Backpack,1,624.39,5,593.17
ORD100849,2023-08-16,CUST0619,Returning,South,Beauty,Lip Balm Set,1,446.8,0,446.8
ORD100705,2023-08-16,CUST0209,New,East,Apparel,Formal Shirt,5,1706.02,0,8530.1
ORD103361,2023-08-16,CUST0585,New,Central,Electronics,Wireless Earbuds,4,2159.66,20,6910.91
ORD101724,2023-08-16,CUST0424,New,Central,Beauty,Sunscreen SPF50,2,1469.19,15,2497.62
ORD101386,2023-08-16,CUST0096,New,North,Beauty,Perfume,2,503.69,0,1007.38
ORD103394,2023-08-16,CUST0566,Returning,West,Electronics,Bluetooth Speaker,1,1404.03,0,1404.03
ORD103602,2023-08-17,CUST0501,New,West,Beauty,Sunscreen SPF50,2,222.33,10,400.19
ORD100905,2023-08-17,CUST0034,Returning,West,Electronics,Wireless Earbuds,1,1053.06,0,1053.06
ORD101710,2023-08-17,CUST0168,Loyal,North,Home & Kitchen,Mixer Grinder,1,1826.73,5,1735.39
ORD101654,2023-08-17,CUST0097,New,East,Apparel,Cotton T-Shirt,2,632.94,10,1139.29
ORD100000,2023-08-17,CUST0559,New,North,Electronics,Bluetooth Speaker,4,1268.98,15,4314.53
ORD102860,2023-08-18,CUST0486,Returning,East,Beauty,Face Serum,4,1490.29,0,5961.16
ORD103998,2023-08-18,CUST0290,New,North,Apparel,Formal Shirt,2,700.48,5,1330.91
ORD101438,2023-08-19,CUST0226,New,West,Apparel,Backpack,1,2159.41,20,1727.53
ORD100701,2023-08-19,CUST0025,New,South,Beauty,Lip Balm Set,2,615.11,15,1045.69
ORD101941,2023-08-19,CUST0778,Returning,West,Electronics,Power Bank,3,4047.24,0,12141.72
ORD102345,2023-08-19,CUST0739,Loyal,North,Beauty,Lip Balm Set,1,206.5,10,185.85
ORD102754,2023-08-19,CUST0352,Loyal,North,Beauty,Lip Balm Set,2,850.63,15,1446.07
ORD103094,2023-08-19,CUST0136,New,West,Sports,Football,1,1548.68,5,1471.25
ORD100292,2023-08-20,CUST0212,Loyal,East,Electronics,Power Bank,3,4100.55,0,12301.65
ORD102410,2023-08-20,CUST0168,Returning,South,Sports,Dumbbell Set,4,1899.15,20,6077.28
ORD101563,2023-08-21,CUST0501,Returning,West,Apparel,Formal Shirt,2,1219.1,20,1950.56
ORD100154,2023-08-21,CUST0516,New,South,Electronics,Power Bank,4,3037.2,5,11541.36
ORD100553,2023-08-21,CUST0789,New,East,Beauty,Hair Dryer,3,1380.3,20,3312.72
ORD103638,2023-08-21,CUST0066,New,Central,Home & Kitchen,Mixer Grinder,5,2075.27,0,10376.35
ORD102386,2023-08-22,CUST0170,New,West,Sports,Football,1,2512.0,0,2512.0
ORD102737,2023-08-22,CUST0313,Returning,North,Sports,Football,1,931.54,10,838.39
ORD103444,2023-08-22,CUST0645,Returning,East,Beauty,Lip Balm Set,1,746.43,5,709.11
ORD100179,2023-08-22,CUST0661,Returning,North,Sports,Resistance Bands,8,1215.52,20,7779.33
ORD103513,2023-08-23,CUST0726,Returning,North,Electronics,Bluetooth Speaker,2,1057.88,5,2009.97
ORD100015,2023-08-23,CUST0465,New,West,Sports,Cricket Bat,3,1057.13,0,3171.39
ORD100159,2023-08-23,CUST0465,Loyal,South,Sports,Dumbbell Set,4,1387.99,20,4441.57
ORD100934,2023-08-23,CUST0433,New,North,Apparel,Running Shoes,3,1175.73,20,2821.75
ORD101062,2023-08-23,CUST0158,New,North,Electronics,Laptop Stand,2,1820.0,0,3640.0
ORD100567,2023-08-23,CUST0473,Loyal,West,Home & Kitchen,Table Lamp,4,3010.64,10,10838.3
ORD102174,2023-08-24,CUST0152,New,West,Sports,Cricket Bat,1,483.86,20,387.09
ORD101427,2023-08-24,CUST0232,New,East,Electronics,Wireless Earbuds,3,2815.67,0,8447.01
ORD102164,2023-08-25,CUST0574,Returning,North,Home & Kitchen,Air Fryer,1,3058.78,0,3058.78
ORD100453,2023-08-25,CUST0558,Loyal,East,Apparel,Formal Shirt,1,803.51,15,682.98
ORD100041,2023-08-25,CUST0209,New,North,Electronics,Laptop Stand,2,1658.27,0,3316.54
ORD101988,2023-08-26,CUST0401,New,North,Sports,Yoga Mat,1,616.34,15,523.89
ORD102309,2023-08-26,CUST0535,New,North,Apparel,Denim Jacket,1,945.87,0,945.87
ORD100396,2023-08-26,CUST0180,New,East,Beauty,Perfume,1,1151.29,15,978.6
ORD103466,2023-08-27,CUST0666,New,West,Sports,Cricket Bat,1,316.63,0,316.63
ORD101006,2023-08-27,CUST0763,Returning,East,Electronics,Smartwatch,2,2358.33,15,4009.16
ORD102546,2023-08-27,CUST0289,New,South,Electronics,Power Bank,1,1389.89,0,1389.89
ORD102330,2023-08-27,CUST0192,Loyal,East,Home & Kitchen,Mixer Grinder,1,2030.34,0,2030.34
ORD101840,2023-08-27,CUST0182,Returning,Central,Apparel,Cotton T-Shirt,3,2038.97,0,6116.91
ORD102930,2023-08-28,CUST0478,Returning,West,Home & Kitchen,Air Fryer,1,676.92,20,541.54
ORD100880,2023-08-28,CUST0335,Loyal,South,Apparel,Cotton T-Shirt,1,1147.35,0,1147.35
ORD100757,2023-08-28,CUST0381,New,West,Apparel,Denim Jacket,3,464.92,0,1394.76
ORD100357,2023-08-28,CUST0589,Returning,West,Home & Kitchen,Electric Kettle,3,1571.07,0,4713.21
ORD103838,2023-08-29,CUST0654,New,North,Home & Kitchen,Mixer Grinder,4,2460.97,20,7875.1
ORD101227,2023-08-29,CUST0251,Loyal,East,Sports,Cricket Bat,2,1974.17,5,3750.92
ORD103072,2023-08-30,CUST0784,Loyal,North,Beauty,Face Serum,4,720.49,15,2449.67
ORD101263,2023-08-30,CUST0583,New,East,Apparel,Denim Jacket,2,304.25,15,517.23
ORD101050,2023-08-30,CUST0147,New,Central,Apparel,Denim Jacket,3,1223.26,20,2935.82
ORD103119,2023-08-31,CUST0557,Returning,East,Electronics,Smartwatch,1,2057.03,15,1748.48
ORD102945,2023-08-31,CUST0146,Loyal,West,Home & Kitchen,Table Lamp,3,1421.1,15,3623.8
ORD101113,2023-08-31,CUST0326,New,West,Home & Kitchen,Non-stick Pan Set,6,1458.95,0,8753.7
ORD102573,2023-08-31,CUST0428,New,North,Beauty,Lip Balm Set,5,697.91,0,3489.55
ORD102766,2023-08-31,CUST0116,Loyal,North,Sports,Football,1,2460.03,0,2460.03
ORD100586,2023-08-31,CUST0491,Returning,West,Home & Kitchen,Mixer Grinder,3,1748.25,5,4982.51
ORD100098,2023-08-31,CUST0390,Returning,East,Sports,Football,1,870.64,10,783.58
ORD102150,2023-09-01,CUST0247,Returning,West,Electronics,Bluetooth Speaker,2,3164.79,20,5063.66
ORD100604,2023-09-01,CUST0411,Loyal,West,Home & Kitchen,Mixer Grinder,1,680.78,10,612.7
ORD102594,2023-09-01,CUST0272,Loyal,South,Apparel,Running Shoes,2,843.24,15,1433.51
ORD101049,2023-09-01,CUST0157,New,North,Sports,Football,2,1046.37,10,1883.47
ORD101296,2023-09-01,CUST0285,New,North,Home & Kitchen,Non-stick Pan Set,3,509.45,0,1528.35
ORD100249,2023-09-01,CUST0774,Returning,South,Home & Kitchen,Air Fryer,2,1349.44,0,2698.88
ORD100397,2023-09-02,CUST0530,New,West,Electronics,Smartwatch,4,4330.86,10,15591.1
ORD100092,2023-09-02,CUST0779,Returning,North,Sports,Dumbbell Set,1,1010.37,10,909.33
ORD100665,2023-09-03,CUST0705,New,North,Beauty,Sunscreen SPF50,3,1207.69,5,3441.92
ORD102206,2023-09-03,CUST0812,Returning,Central,Beauty,Face Serum,3,678.88,10,1832.98
ORD101287,2023-09-04,CUST0722,Loyal,Central,Electronics,Laptop Stand,4,3842.67,0,15370.68
ORD102238,2023-09-04,CUST0816,New,West,Apparel,Running Shoes,3,583.01,10,1574.13
ORD103013,2023-09-04,CUST0546,Returning,North,Beauty,Sunscreen SPF50,2,363.76,15,618.39
ORD100994,2023-09-04,CUST0618,Returning,West,Apparel,Formal Shirt,3,2051.23,15,5230.64
ORD102149,2023-09-04,CUST0627,Loyal,Central,Apparel,Backpack,2,477.62,0,955.24
ORD100082,2023-09-05,CUST0664,Returning,South,Sports,Yoga Mat,5,1269.07,10,5710.81
ORD101684,2023-09-05,CUST0300,Returning,West,Sports,Resistance Bands,2,2526.32,0,5052.64
ORD101065,2023-09-05,CUST0771,Returning,North,Electronics,Smartwatch,2,1751.37,10,3152.47
ORD101022,2023-09-05,CUST0048,Loyal,East,Sports,Dumbbell Set,1,2408.44,20,1926.75
ORD100114,2023-09-06,CUST0566,Returning,West,Electronics,Laptop Stand,3,2018.7,0,6056.1
ORD101529,2023-09-06,CUST0276,Returning,East,Sports,Yoga Mat,2,1680.92,0,3361.84
ORD100065,2023-09-06,CUST0325,Returning,West,Beauty,Sunscreen SPF50,4,1483.65,10,5341.14
ORD102628,2023-09-07,CUST0395,Loyal,North,Sports,Cricket Bat,1,447.28,20,357.82
ORD100958,2023-09-07,CUST0262,New,West,Sports,Dumbbell Set,4,2751.92,5,10457.3
ORD100663,2023-09-08,CUST0683,New,East,Apparel,Formal Shirt,2,1986.29,20,3178.06
ORD102817,2023-09-09,CUST0473,Loyal,South,Electronics,Bluetooth Speaker,1,1977.61,15,1680.97
ORD101443,2023-09-09,CUST0009,Returning,East,Beauty,Lip Balm Set,1,618.45,0,618.45
ORD102011,2023-09-09,CUST0275,New,North,Apparel,Cotton T-Shirt,2,504.18,10,907.52
ORD102682,2023-09-09,CUST0146,Loyal,South,Beauty,Lip Balm Set,1,740.68,5,703.65
ORD101201,2023-09-09,CUST0634,Returning,Central,Sports,Cricket Bat,3,933.48,5,2660.42
ORD102179,2023-09-09,CUST0379,New,North,Home & Kitchen,Mixer Grinder,1,1037.97,0,1037.97
ORD100529,2023-09-10,CUST0005,Loyal,East,Beauty,Lip Balm Set,3,331.76,5,945.52
ORD102050,2023-09-10,CUST0747,Returning,South,Beauty,Lip Balm Set,1,1049.53,10,944.58
ORD103174,2023-09-10,CUST0241,New,East,Beauty,Perfume,2,699.99,0,1399.98
ORD100386,2023-09-10,CUST0284,Returning,South,Sports,Football,3,2425.46,0,7276.38
ORD103831,2023-09-10,CUST0270,Loyal,East,Apparel,Denim Jacket,1,1756.35,10,1580.71
ORD102130,2023-09-10,CUST0455,New,Central,Apparel,Denim Jacket,2,1285.85,0,2571.7
ORD100733,2023-09-11,CUST0394,Returning,West,Electronics,Wireless Earbuds,4,1207.1,15,4104.14
ORD102920,2023-09-11,CUST0151,New,East,Electronics,Laptop Stand,1,2881.55,10,2593.4
ORD103718,2023-09-12,CUST0178,New,North,Beauty,Hair Dryer,2,773.09,5,1468.87
ORD101235,2023-09-12,CUST0458,Returning,North,Home & Kitchen,Air Fryer,5,903.83,10,4067.24
ORD101686,2023-09-12,CUST0115,Returning,West,Electronics,Smartwatch,1,2987.32,20,2389.86
ORD100105,2023-09-12,CUST0449,Loyal,West,Beauty,Hair Dryer,4,825.64,5,3137.43
ORD102008,2023-09-12,CUST0507,New,Central,Beauty,Perfume,1,405.05,0,405.05
ORD101743,2023-09-13,CUST0775,Returning,East,Electronics,Smartwatch,2,2759.39,0,5518.78
ORD100005,2023-09-13,CUST0371,Loyal,East,Beauty,Face Serum,2,985.0,20,1576.0
ORD102414,2023-09-13,CUST0297,Returning,South,Sports,Yoga Mat,1,2650.87,15,2253.24
ORD101093,2023-09-13,CUST0067,New,Central,Electronics,Wireless Earbuds,2,4104.3,15,6977.31
ORD100056,2023-09-13,CUST0568,Returning,South,Apparel,Backpack,1,1064.56,0,1064.56
ORD103944,2023-09-13,CUST0290,Loyal,West,Electronics,Power Bank,1,3225.33,0,3225.33
ORD100642,2023-09-14,CUST0407,Returning,Central,Home & Kitchen,Electric Kettle,1,624.18,0,624.18
ORD100657,2023-09-14,CUST0431,New,North,Beauty,Face Serum,1,816.33,0,816.33
ORD103297,2023-09-14,CUST0790,Returning,South,Sports,Football,4,913.75,0,3655.0
ORD100788,2023-09-15,CUST0674,New,North,Home & Kitchen,Air Fryer,1,2419.75,5,2298.76
ORD102916,2023-09-15,CUST0744,Loyal,West,Home & Kitchen,Electric Kettle,1,1261.28,0,1261.28
ORD101173,2023-09-15,CUST0520,Loyal,East,Electronics,Smartwatch,2,4254.53,0,8509.06
ORD100078,2023-09-16,CUST0378,New,East,Beauty,Face Serum,1,1094.28,20,875.42
ORD101655,2023-09-16,CUST0633,New,South,Home & Kitchen,Mixer Grinder,3,3121.19,15,7959.03
ORD103461,2023-09-16,CUST0328,New,West,Beauty,Lip Balm Set,4,1425.29,15,4845.99
ORD101551,2023-09-16,CUST0456,Returning,Central,Beauty,Hair Dryer,3,1390.9,0,4172.7
ORD100095,2023-09-16,CUST0349,Returning,West,Beauty,Face Serum,1,783.69,5,744.51
ORD103601,2023-09-17,CUST0522,Loyal,West,Beauty,Hair Dryer,3,438.4,0,1315.2
ORD103473,2023-09-17,CUST0218,Loyal,West,Beauty,Hair Dryer,1,424.78,20,339.82
ORD102359,2023-09-17,CUST0163,Loyal,East,Apparel,Backpack,1,950.54,0,950.54
ORD101739,2023-09-18,CUST0674,New,Central,Sports,Cricket Bat,3,1117.17,0,3351.51
ORD102012,2023-09-18,CUST0115,Loyal,North,Electronics,Power Bank,3,2939.64,0,8818.92
ORD100057,2023-09-18,CUST0631,New,West,Home & Kitchen,Mixer Grinder,2,2494.78,0,4989.56
ORD103402,2023-09-19,CUST0295,New,West,Sports,Yoga Mat,3,1075.28,10,2903.26
ORD102561,2023-09-19,CUST0286,New,West,Home & Kitchen,Non-stick Pan Set,2,1105.49,0,2210.98
ORD100980,2023-09-19,CUST0628,Loyal,West,Beauty,Hair Dryer,5,531.95,0,2659.75
ORD101094,2023-09-19,CUST0694,Returning,North,Electronics,Power Bank,3,2454.62,0,7363.86
ORD100569,2023-09-20,CUST0462,New,South,Home & Kitchen,Air Fryer,5,941.8,5,4473.55
ORD102607,2023-09-20,CUST0123,Returning,North,Electronics,Bluetooth Speaker,4,3948.05,0,15792.2
ORD101808,2023-09-21,CUST0619,Returning,West,Electronics,Laptop Stand,2,1277.31,20,2043.7
ORD101926,2023-09-21,CUST0146,Loyal,North,Apparel,Cotton T-Shirt,3,1349.89,0,4049.67
ORD103405,2023-09-21,CUST0229,Returning,North,Sports,Yoga Mat,1,2103.87,10,1893.48
ORD101646,2023-09-21,CUST0412,Returning,South,Sports,Resistance Bands,4,1586.88,15,5395.39
ORD101845,2023-09-21,CUST0069,New,East,Home & Kitchen,Air Fryer,1,2926.21,5,2779.9
ORD100233,2023-09-22,CUST0312,New,Central,Beauty,Perfume,1,317.62,0,317.62
ORD100991,2023-09-22,CUST0073,New,West,Home & Kitchen,Air Fryer,1,2634.81,15,2239.59
ORD101019,2023-09-22,CUST0311,Returning,North,Home & Kitchen,Non-stick Pan Set,1,2621.75,5,2490.66
ORD102724,2023-09-22,CUST0829,New,East,Home & Kitchen,Electric Kettle,1,794.55,5,754.82
ORD101758,2023-09-23,CUST0630,Returning,East,Home & Kitchen,Non-stick Pan Set,1,2408.35,0,2408.35
ORD103891,2023-09-23,CUST0829,New,North,Apparel,Formal Shirt,1,1045.1,10,940.59
ORD101912,2023-09-23,CUST0379,New,South,Sports,Cricket Bat,1,2143.41,0,2143.41
ORD103910,2023-09-24,CUST0553,New,South,Sports,Resistance Bands,2,2430.68,5,4618.29
ORD101285,2023-09-24,CUST0620,New,West,Apparel,Denim Jacket,3,1779.74,10,4805.3
ORD100965,2023-09-24,CUST0137,New,West,Sports,Football,1,1565.51,15,1330.68
ORD101140,2023-09-24,CUST0589,Returning,South,Home & Kitchen,Electric Kettle,3,1729.38,10,4669.33
ORD102977,2023-09-24,CUST0151,Returning,North,Beauty,Sunscreen SPF50,2,386.85,15,657.64
ORD102273,2023-09-24,CUST0068,Returning,South,Apparel,Backpack,2,1273.19,15,2164.42
ORD100162,2023-09-24,CUST0421,Returning,East,Sports,Yoga Mat,1,1156.53,0,1156.53
ORD100699,2023-09-25,CUST0575,Returning,East,Home & Kitchen,Mixer Grinder,2,2226.3,0,4452.6
ORD101871,2023-09-25,CUST0037,Returning,East,Beauty,Hair Dryer,4,866.29,15,2945.39
ORD100995,2023-09-26,CUST0488,Returning,West,Apparel,Cotton T-Shirt,4,1230.28,5,4675.06
ORD100902,2023-09-26,CUST0612,Returning,South,Electronics,Power Bank,2,1400.45,5,2660.86
ORD101612,2023-09-27,CUST0064,New,West,Electronics,Power Bank,1,2496.16,15,2121.74
ORD103981,2023-09-27,CUST0530,Loyal,East,Apparel,Running Shoes,1,2088.62,20,1670.9
ORD103924,2023-09-27,CUST0509,Returning,East,Sports,Football,1,688.57,10,619.71
ORD103613,2023-09-28,CUST0251,Loyal,North,Beauty,Sunscreen SPF50,1,573.32,0,573.32
ORD103940,2023-09-28,CUST0576,New,North,Electronics,Laptop Stand,2,1370.5,0,2741.0
ORD102664,2023-09-28,CUST0312,New,North,Home & Kitchen,Air Fryer,1,1178.79,5,1119.85
ORD100979,2023-09-28,CUST0046,Returning,West,Electronics,Bluetooth Speaker,3,1837.46,0,5512.38
ORD102465,2023-09-28,CUST0244,Returning,East,Home & Kitchen,Table Lamp,2,855.66,0,1711.32
ORD100382,2023-09-28,CUST0321,New,North,Beauty,Face Serum,2,1238.04,0,2476.08
ORD100978,2023-09-28,CUST0480,New,East,Sports,Yoga Mat,3,1635.3,0,4905.9
ORD100593,2023-09-28,CUST0847,Loyal,North,Electronics,Wireless Earbuds,1,2715.69,5,2579.91
ORD101929,2023-09-28,CUST0731,New,Central,Beauty,Face Serum,2,288.04,0,576.08
ORD102035,2023-09-28,CUST0466,Returning,West,Home & Kitchen,Table Lamp,1,1181.98,0,1181.98
ORD101621,2023-09-29,CUST0324,New,South,Apparel,Cotton T-Shirt,3,830.03,10,2241.08
ORD103769,2023-09-29,CUST0428,Returning,North,Home & Kitchen,Electric Kettle,2,1532.59,0,3065.18
ORD103010,2023-09-29,CUST0238,Returning,South,Home & Kitchen,Mixer Grinder,3,679.65,0,2038.95
ORD100370,2023-09-29,CUST0403,Loyal,West,Home & Kitchen,Non-stick Pan Set,4,2532.13,15,8609.24
ORD100800,2023-09-29,CUST0179,New,North,Sports,Cricket Bat,2,2288.93,10,4120.07
ORD101054,2023-09-29,CUST0746,Returning,East,Home & Kitchen,Table Lamp,2,2268.22,0,4536.44
ORD103575,2023-09-29,CUST0097,New,Central,Electronics,Bluetooth Speaker,4,1565.97,10,5637.49
ORD103596,2023-09-29,CUST0625,Returning,West,Beauty,Hair Dryer,3,779.85,10,2105.6
ORD101297,2023-09-30,CUST0119,New,East,Apparel,Cotton T-Shirt,5,1864.48,10,8390.16
ORD100289,2023-09-30,CUST0229,Returning,North,Apparel,Cotton T-Shirt,3,1304.8,15,3327.24
ORD101164,2023-09-30,CUST0683,Loyal,East,Apparel,Running Shoes,5,904.14,20,3616.56
ORD102463,2023-09-30,CUST0239,Returning,North,Beauty,Face Serum,3,335.67,5,956.66
ORD103738,2023-09-30,CUST0658,Returning,South,Apparel,Formal Shirt,2,1012.36,10,1822.25
ORD101299,2023-10-01,CUST0844,Loyal,South,Beauty,Perfume,2,995.04,0,1990.08
ORD103302,2023-10-01,CUST0743,Returning,East,Home & Kitchen,Electric Kettle,1,602.64,0,602.64
ORD102721,2023-10-01,CUST0453,New,West,Electronics,Wireless Earbuds,5,4241.05,5,20144.99
ORD103007,2023-10-02,CUST0493,Loyal,North,Electronics,Wireless Earbuds,1,2345.36,0,2345.36
ORD103025,2023-10-04,CUST0675,Returning,North,Beauty,Sunscreen SPF50,2,687.16,0,1374.32
ORD102423,2023-10-04,CUST0253,Returning,North,Sports,Dumbbell Set,1,1563.83,0,1563.83
ORD102942,2023-10-04,CUST0600,New,Central,Home & Kitchen,Mixer Grinder,1,2707.87,5,2572.48
ORD102830,2023-10-05,CUST0138,New,North,Beauty,Sunscreen SPF50,1,716.59,5,680.76
ORD100471,2023-10-05,CUST0060,New,North,Sports,Resistance Bands,2,2540.56,20,4064.9
ORD102854,2023-10-05,CUST0011,Returning,South,Electronics,Laptop Stand,2,2857.32,0,5714.64
ORD103545,2023-10-05,CUST0618,Returning,East,Apparel,Denim Jacket,2,589.36,0,1178.72
ORD102428,2023-10-06,CUST0385,New,Central,Apparel,Backpack,1,389.22,5,369.76
ORD100753,2023-10-06,CUST0474,Loyal,East,Beauty,Sunscreen SPF50,1,874.91,0,874.91
ORD102967,2023-10-06,CUST0070,New,East,Electronics,Power Bank,2,1644.75,5,3125.02
ORD100650,2023-10-07,CUST0489,New,East,Apparel,Denim Jacket,1,2051.97,20,1641.58
ORD102956,2023-10-08,CUST0138,Loyal,Central,Sports,Yoga Mat,1,1156.17,0,1156.17
ORD100137,2023-10-08,CUST0135,Returning,South,Electronics,Wireless Earbuds,2,2986.47,15,5077.0
ORD100503,2023-10-08,CUST0109,Returning,East,Beauty,Face Serum,1,531.65,20,425.32
ORD103170,2023-10-08,CUST0293,Returning,South,Electronics,Bluetooth Speaker,1,3077.91,15,2616.22
ORD100889,2023-10-08,CUST0847,New,West,Home & Kitchen,Non-stick Pan Set,2,1773.64,20,2837.82
ORD102771,2023-10-08,CUST0624,New,West,Apparel,Formal Shirt,1,1924.71,0,1924.71
ORD101111,2023-10-09,CUST0829,New,South,Beauty,Face Serum,2,765.87,0,1531.74
ORD102000,2023-10-09,CUST0632,Returning,North,Beauty,Hair Dryer,1,612.25,10,551.02
ORD100173,2023-10-09,CUST0133,New,South,Apparel,Denim Jacket,2,1719.33,0,3438.66
ORD100223,2023-10-09,CUST0027,Returning,South,Sports,Cricket Bat,1,936.43,0,936.43
ORD100265,2023-10-09,CUST0232,New,West,Electronics,Laptop Stand,2,1082.76,10,1948.97
ORD102408,2023-10-09,CUST0617,Loyal,East,Apparel,Formal Shirt,2,1730.5,5,3287.95
ORD103459,2023-10-10,CUST0335,Returning,Central,Apparel,Cotton T-Shirt,2,2144.32,5,4074.21
ORD100717,2023-10-10,CUST0149,Returning,Central,Apparel,Backpack,1,2027.1,20,1621.68
ORD102490,2023-10-10,CUST0690,New,South,Beauty,Hair Dryer,2,250.75,10,451.35
ORD102560,2023-10-10,CUST0302,New,North,Home & Kitchen,Mixer Grinder,2,1943.36,10,3498.05
ORD101027,2023-10-10,CUST0829,Returning,South,Electronics,Smartwatch,2,3668.52,0,7337.04
ORD103881,2023-10-11,CUST0586,New,South,Apparel,Running Shoes,1,631.04,5,599.49
ORD100510,2023-10-11,CUST0096,Returning,South,Home & Kitchen,Electric Kettle,1,2141.06,15,1819.9
ORD100862,2023-10-11,CUST0595,Returning,East,Apparel,Running Shoes,4,1701.02,20,5443.26
ORD102393,2023-10-11,CUST0756,Loyal,South,Home & Kitchen,Air Fryer,5,1396.94,10,6286.23
ORD103956,2023-10-11,CUST0801,New,North,Home & Kitchen,Electric Kettle,4,492.55,5,1871.69
ORD102969,2023-10-11,CUST0487,Loyal,North,Apparel,Backpack,2,1119.35,10,2014.83
ORD102474,2023-10-11,CUST0693,Loyal,South,Home & Kitchen,Electric Kettle,1,2048.36,20,1638.69
ORD102375,2023-10-11,CUST0103,Loyal,North,Beauty,Face Serum,2,694.03,5,1318.66
ORD100781,2023-10-12,CUST0400,Returning,West,Sports,Yoga Mat,1,1495.68,0,1495.68
ORD102269,2023-10-12,CUST0571,Returning,South,Apparel,Backpack,4,1428.93,0,5715.72
ORD103549,2023-10-12,CUST0452,New,West,Sports,Cricket Bat,4,505.23,10,1818.83
ORD103819,2023-10-12,CUST0380,Returning,South,Electronics,Smartwatch,1,1683.16,10,1514.84
ORD102894,2023-10-13,CUST0526,New,West,Sports,Yoga Mat,2,628.88,0,1257.76
ORD102004,2023-10-13,CUST0210,New,West,Apparel,Running Shoes,4,1331.27,0,5325.08
ORD100367,2023-10-13,CUST0552,Returning,West,Home & Kitchen,Non-stick Pan Set,1,1890.39,10,1701.35
ORD101490,2023-10-13,CUST0242,New,West,Home & Kitchen,Table Lamp,2,2520.57,0,5041.14
ORD101634,2023-10-13,CUST0785,New,West,Home & Kitchen,Electric Kettle,2,653.12,20,1044.99
ORD101962,2023-10-13,CUST0558,Returning,North,Home & Kitchen,Mixer Grinder,4,713.26,10,2567.74
ORD101905,2023-10-13,CUST0445,Returning,Central,Apparel,Formal Shirt,1,1058.89,0,1058.89
ORD102209,2023-10-13,CUST0617,Returning,North,Beauty,Sunscreen SPF50,2,1421.16,10,2558.09
ORD101325,2023-10-13,CUST0249,Loyal,North,Apparel,Formal Shirt,4,2146.46,5,8156.55
ORD103424,2023-10-13,CUST0620,New,North,Sports,Football,2,2757.03,0,5514.06
ORD100420,2023-10-14,CUST0844,Returning,North,Electronics,Wireless Earbuds,1,1700.24,0,1700.24
ORD101043,2023-10-14,CUST0843,New,West,Beauty,Perfume,5,847.21,0,4236.05
ORD100574,2023-10-14,CUST0020,Loyal,North,Sports,Dumbbell Set,5,460.27,0,2301.35
ORD101589,2023-10-14,CUST0738,New,South,Sports,Football,2,1447.57,0,2895.14
ORD103532,2023-10-15,CUST0586,New,East,Home & Kitchen,Mixer Grinder,2,3155.6,20,5048.96
ORD100951,2023-10-15,CUST0849,Returning,East,Home & Kitchen,Air Fryer,2,737.8,15,1254.26
ORD101729,2023-10-15,CUST0542,Loyal,South,Electronics,Power Bank,4,3773.15,20,12074.08
ORD103915,2023-10-15,CUST0050,Returning,North,Sports,Cricket Bat,2,916.71,15,1558.41
ORD100028,2023-10-15,CUST0828,New,North,Beauty,Sunscreen SPF50,5,1396.41,5,6632.95
ORD102507,2023-10-16,CUST0423,Returning,East,Sports,Resistance Bands,2,1825.98,20,2921.57
ORD102675,2023-10-16,CUST0670,Returning,South,Sports,Cricket Bat,1,387.84,20,310.27
ORD102256,2023-10-16,CUST0292,Loyal,East,Beauty,Hair Dryer,2,277.6,0,555.2
ORD101343,2023-10-16,CUST0350,Returning,East,Home & Kitchen,Table Lamp,1,2223.91,20,1779.13
ORD103193,2023-10-16,CUST0706,New,North,Electronics,Smartwatch,1,2970.83,0,2970.83
ORD101635,2023-10-17,CUST0177,Returning,South,Apparel,Formal Shirt,2,1551.36,0,3102.72
ORD102229,2023-10-17,CUST0717,Loyal,East,Beauty,Lip Balm Set,2,223.94,10,403.09
ORD103504,2023-10-17,CUST0054,Returning,North,Apparel,Running Shoes,1,1228.83,15,1044.51
ORD102187,2023-10-17,CUST0686,Returning,West,Beauty,Perfume,4,854.33,15,2904.72
ORD100348,2023-10-18,CUST0488,Returning,South,Apparel,Denim Jacket,4,1290.12,0,5160.48
ORD102622,2023-10-18,CUST0158,New,North,Home & Kitchen,Table Lamp,1,2100.8,0,2100.8
ORD101439,2023-10-18,CUST0369,Returning,North,Apparel,Formal Shirt,4,1622.03,5,6163.71
ORD103087,2023-10-18,CUST0118,New,South,Sports,Yoga Mat,1,1484.11,0,1484.11
ORD103494,2023-10-18,CUST0069,Returning,Central,Electronics,Power Bank,1,2106.54,0,2106.54
ORD102770,2023-10-18,CUST0490,New,South,Home & Kitchen,Air Fryer,2,2072.6,20,3316.16
ORD100904,2023-10-19,CUST0782,New,North,Home & Kitchen,Electric Kettle,5,620.09,15,2635.38
ORD101051,2023-10-19,CUST0188,Loyal,North,Sports,Football,2,2694.91,0,5389.82
ORD103436,2023-10-20,CUST0140,Returning,South,Home & Kitchen,Air Fryer,1,2435.48,0,2435.48
ORD103099,2023-10-20,CUST0600,New,East,Apparel,Running Shoes,4,1074.86,0,4299.44
ORD102592,2023-10-20,CUST0116,New,East,Apparel,Denim Jacket,4,1904.06,0,7616.24
ORD102218,2023-10-20,CUST0119,Loyal,Central,Sports,Dumbbell Set,4,1048.6,0,4194.4
ORD100384,2023-10-20,CUST0740,Returning,East,Electronics,Laptop Stand,2,1490.82,0,2981.64
ORD103912,2023-10-21,CUST0807,New,East,Home & Kitchen,Table Lamp,7,1183.78,0,8286.46
ORD101855,2023-10-21,CUST0018,Returning,North,Sports,Cricket Bat,1,1377.29,10,1239.56
ORD103524,2023-10-21,CUST0713,Returning,South,Beauty,Face Serum,2,1135.0,15,1929.5
ORD101524,2023-10-21,CUST0384,New,East,Electronics,Bluetooth Speaker,1,4410.36,15,3748.81
ORD102266,2023-10-22,CUST0089,Returning,North,Electronics,Smartwatch,1,2080.41,0,2080.41
ORD100772,2023-10-22,CUST0339,New,Central,Sports,Cricket Bat,1,2173.94,15,1847.85
ORD103189,2023-10-22,CUST0415,Returning,North,Sports,Football,5,828.42,20,3313.68
ORD103356,2023-10-23,CUST0211,Returning,South,Sports,Dumbbell Set,1,1197.3,5,1137.43
ORD101861,2023-10-23,CUST0377,New,Central,Apparel,Running Shoes,4,788.7,0,3154.8
ORD100250,2023-10-23,CUST0731,Returning,East,Home & Kitchen,Table Lamp,1,526.85,0,526.85
ORD101753,2023-10-23,CUST0162,Returning,East,Beauty,Face Serum,2,1125.41,0,2250.82
ORD102491,2023-10-24,CUST0273,Returning,East,Apparel,Cotton T-Shirt,2,2085.93,5,3963.27
ORD103776,2023-10-24,CUST0046,New,North,Sports,Cricket Bat,2,2727.66,20,4364.26
ORD102725,2023-10-24,CUST0292,New,North,Home & Kitchen,Air Fryer,5,2332.5,0,11662.5
ORD100847,2023-10-24,CUST0199,New,South,Home & Kitchen,Table Lamp,4,781.93,15,2658.56
ORD101102,2023-10-24,CUST0353,Loyal,East,Electronics,Smartwatch,1,3991.33,5,3791.76
ORD102418,2023-10-25,CUST0807,New,North,Electronics,Bluetooth Speaker,5,2761.1,0,13805.5
ORD101800,2023-10-26,CUST0754,New,South,Apparel,Backpack,4,1031.96,20,3302.27
ORD102045,2023-10-26,CUST0444,New,South,Electronics,Bluetooth Speaker,4,4173.81,15,14190.95
ORD101920,2023-10-27,CUST0844,New,East,Apparel,Denim Jacket,1,1978.11,0,1978.11
ORD100659,2023-10-27,CUST0257,New,West,Electronics,Bluetooth Speaker,2,2592.53,0,5185.06
ORD103434,2023-10-27,CUST0066,Returning,South,Home & Kitchen,Electric Kettle,2,1186.16,5,2253.7
ORD100579,2023-10-27,CUST0379,Returning,North,Beauty,Hair Dryer,2,462.86,0,925.72
ORD101600,2023-10-28,CUST0141,New,East,Home & Kitchen,Non-stick Pan Set,1,617.8,0,617.8
ORD101318,2023-10-28,CUST0835,Returning,South,Apparel,Running Shoes,2,1792.54,5,3405.83
ORD103860,2023-10-28,CUST0463,New,West,Apparel,Backpack,1,1740.62,0,1740.62
ORD103092,2023-10-29,CUST0657,Loyal,East,Sports,Resistance Bands,2,2866.38,0,5732.76
ORD101217,2023-10-29,CUST0036,Returning,North,Sports,Cricket Bat,1,2453.55,15,2085.52
ORD102694,2023-10-29,CUST0814,New,North,Home & Kitchen,Mixer Grinder,5,2005.53,0,10027.65
ORD100879,2023-10-29,CUST0143,New,South,Sports,Football,2,1567.2,0,3134.4
ORD100922,2023-10-29,CUST0031,Returning,North,Beauty,Face Serum,2,461.61,0,923.22
ORD100180,2023-10-30,CUST0778,New,North,Home & Kitchen,Air Fryer,1,2086.72,20,1669.38
ORD100461,2023-10-30,CUST0398,Returning,South,Sports,Cricket Bat,2,2470.2,0,4940.4
ORD102086,2023-10-30,CUST0628,New,North,Apparel,Backpack,1,1304.6,10,1174.14
ORD101185,2023-10-30,CUST0593,Returning,South,Apparel,Backpack,2,783.15,10,1409.67
ORD102879,2023-10-31,CUST0003,New,Central,Electronics,Bluetooth Speaker,2,1649.29,0,3298.58
ORD102878,2023-10-31,CUST0703,New,North,Electronics,Smartwatch,5,3576.53,5,16988.52
ORD101917,2023-10-31,CUST0273,Returning,North,Sports,Cricket Bat,2,1907.15,15,3242.16
ORD103395,2023-10-31,CUST0335,New,East,Home & Kitchen,Non-stick Pan Set,5,1900.94,5,9029.47
ORD101826,2023-11-01,CUST0124,Loyal,East,Beauty,Face Serum,2,1349.12,20,2158.59
ORD101115,2023-11-01,CUST0521,Returning,North,Apparel,Running Shoes,2,1958.42,20,3133.47
ORD100507,2023-11-02,CUST0237,Returning,North,Electronics,Laptop Stand,1,4157.21,15,3533.63
ORD102565,2023-11-02,CUST0713,Returning,North,Home & Kitchen,Non-stick Pan Set,2,1405.69,0,2811.38
ORD103196,2023-11-02,CUST0087,Returning,West,Sports,Yoga Mat,1,2504.67,20,2003.74
ORD100765,2023-11-02,CUST0212,Loyal,North,Home & Kitchen,Electric Kettle,2,1966.95,0,3933.9
ORD102299,2023-11-03,CUST0182,Returning,Central,Electronics,Bluetooth Speaker,2,1026.69,0,2053.38
ORD102543,2023-11-03,CUST0807,Loyal,South,Home & Kitchen,Non-stick Pan Set,1,595.28,15,505.99
ORD100594,2023-11-03,CUST0545,Loyal,North,Sports,Yoga Mat,5,1899.49,20,7597.96
ORD103902,2023-11-03,CUST0216,New,West,Sports,Resistance Bands,1,1315.35,10,1183.82
ORD103144,2023-11-03,CUST0404,New,West,Home & Kitchen,Air Fryer,1,985.22,5,935.96
ORD100632,2023-11-03,CUST0646,Returning,North,Beauty,Face Serum,5,1494.01,20,5976.04
ORD102019,2023-11-04,CUST0690,New,West,Beauty,Perfume,2,1182.83,0,2365.66
ORD100735,2023-11-04,CUST0748,Returning,North,Home & Kitchen,Non-stick Pan Set,2,1574.83,0,3149.66
ORD103724,2023-11-04,CUST0360,New,South,Electronics,Power Bank,5,2009.25,5,9543.94
ORD101584,2023-11-05,CUST0707,Returning,West,Electronics,Bluetooth Speaker,4,4037.14,0,16148.56
ORD101424,2023-11-05,CUST0101,New,South,Beauty,Perfume,4,745.81,0,2983.24
ORD102746,2023-11-05,CUST0783,Loyal,South,Beauty,Lip Balm Set,1,688.99,5,654.54
ORD102343,2023-11-06,CUST0472,New,North,Home & Kitchen,Air Fryer,1,2323.0,15,1974.55
ORD103431,2023-11-06,CUST0659,Returning,North,Electronics,Power Bank,1,1282.47,0,1282.47
ORD100982,2023-11-06,CUST0482,New,North,Sports,Football,2,882.12,0,1764.24
ORD100801,2023-11-06,CUST0186,New,West,Beauty,Hair Dryer,4,1096.05,5,4164.99
ORD101033,2023-11-06,CUST0303,Loyal,Central,Sports,Yoga Mat,1,2447.44,10,2202.7
ORD101778,2023-11-07,CUST0121,New,North,Home & Kitchen,Mixer Grinder,1,1316.91,15,1119.37
ORD101725,2023-11-07,CUST0336,New,South,Home & Kitchen,Table Lamp,2,646.41,0,1292.82
ORD103514,2023-11-07,CUST0586,New,North,Beauty,Face Serum,7,691.79,10,4358.28
ORD101576,2023-11-07,CUST0804,New,West,Electronics,Laptop Stand,1,3080.49,0,3080.49
ORD103472,2023-11-07,CUST0275,Returning,Central,Electronics,Wireless Earbuds,4,2764.77,10,9953.17
ORD102068,2023-11-08,CUST0376,New,East,Electronics,Wireless Earbuds,4,1949.12,20,6237.18
ORD103975,2023-11-09,CUST0196,New,Central,Apparel,Formal Shirt,2,1383.11,0,2766.22
ORD101220,2023-11-09,CUST0500,New,West,Home & Kitchen,Non-stick Pan Set,1,2823.21,0,2823.21
ORD101276,2023-11-09,CUST0254,Returning,North,Sports,Dumbbell Set,1,2626.46,15,2232.49
ORD102739,2023-11-09,CUST0473,Returning,West,Electronics,Laptop Stand,2,1705.7,0,3411.4
ORD101178,2023-11-09,CUST0576,Returning,North,Sports,Dumbbell Set,2,1497.41,5,2845.08
ORD101011,2023-11-09,CUST0302,Loyal,East,Beauty,Lip Balm Set,2,940.06,0,1880.12
ORD101738,2023-11-09,CUST0041,New,North,Home & Kitchen,Non-stick Pan Set,2,473.43,10,852.17
ORD101853,2023-11-10,CUST0739,New,North,Apparel,Backpack,1,669.24,15,568.85
ORD101245,2023-11-11,CUST0128,Loyal,South,Apparel,Formal Shirt,2,770.25,0,1540.5
ORD100874,2023-11-11,CUST0267,Loyal,North,Home & Kitchen,Non-stick Pan Set,1,2008.67,5,1908.24
ORD100451,2023-11-11,CUST0615,New,North,Electronics,Bluetooth Speaker,4,3866.03,15,13144.5
ORD100675,2023-11-12,CUST0675,Returning,South,Sports,Cricket Bat,2,553.78,10,996.8
ORD101637,2023-11-12,CUST0704,New,North,Sports,Cricket Bat,1,524.76,10,472.28
ORD100116,2023-11-12,CUST0250,New,East,Beauty,Hair Dryer,2,1276.88,5,2426.07
ORD100891,2023-11-12,CUST0682,Loyal,Central,Apparel,Denim Jacket,4,1197.83,15,4072.62
ORD101461,2023-11-13,CUST0705,Loyal,West,Apparel,Denim Jacket,1,1830.67,10,1647.6
ORD103941,2023-11-13,CUST0461,New,North,Sports,Cricket Bat,2,660.84,10,1189.51
ORD100124,2023-11-13,CUST0666,New,West,Electronics,Power Bank,4,3143.73,5,11946.17
ORD100047,2023-11-13,CUST0184,Loyal,Central,Home & Kitchen,Non-stick Pan Set,1,2867.97,0,2867.97
ORD100601,2023-11-13,CUST0627,Loyal,North,Beauty,Perfume,1,721.81,0,721.81
ORD103112,2023-11-13,CUST0770,Returning,West,Sports,Resistance Bands,1,931.86,0,931.86
ORD102958,2023-11-13,CUST0752,Loyal,West,Beauty,Face Serum,4,773.51,0,3094.04
ORD100998,2023-11-14,CUST0082,Returning,East,Beauty,Perfume,2,542.45,5,1030.65
ORD100666,2023-11-14,CUST0778,Returning,North,Apparel,Cotton T-Shirt,4,1603.29,0,6413.16
ORD101448,2023-11-14,CUST0298,Returning,North,Electronics,Bluetooth Speaker,1,2455.38,0,2455.38
ORD100394,2023-11-15,CUST0659,Returning,South,Sports,Cricket Bat,4,2544.95,15,8652.83
ORD103673,2023-11-15,CUST0008,New,West,Electronics,Smartwatch,1,3912.42,0,3912.42
ORD103396,2023-11-15,CUST0002,Returning,South,Sports,Dumbbell Set,1,1887.61,0,1887.61
ORD103519,2023-11-16,CUST0837,Loyal,North,Electronics,Smartwatch,1,2681.48,0,2681.48
ORD101695,2023-11-16,CUST0664,New,South,Sports,Resistance Bands,1,2629.87,5,2498.38
ORD101891,2023-11-16,CUST0125,New,East,Sports,Football,5,2078.58,10,9353.61
ORD101870,2023-11-16,CUST0252,New,West,Beauty,Perfume,1,705.24,5,669.98
ORD100101,2023-11-17,CUST0296,Returning,South,Electronics,Power Bank,4,1948.53,0,7794.12
ORD103802,2023-11-17,CUST0809,New,South,Beauty,Lip Balm Set,1,1160.06,0,1160.06
ORD103430,2023-11-18,CUST0190,Returning,South,Sports,Yoga Mat,5,2508.64,0,12543.2
ORD100712,2023-11-18,CUST0283,New,West,Electronics,Bluetooth Speaker,1,1988.37,10,1789.53
ORD100850,2023-11-18,CUST0535,Returning,East,Sports,Dumbbell Set,2,881.68,5,1675.19
ORD102467,2023-11-18,CUST0729,Returning,Central,Sports,Dumbbell Set,5,1665.38,0,8326.9
ORD101715,2023-11-18,CUST0744,Returning,Central,Apparel,Backpack,1,1798.62,20,1438.9
ORD100401,2023-11-19,CUST0522,Returning,Central,Apparel,Cotton T-Shirt,2,519.13,15,882.52
ORD102159,2023-11-19,CUST0171,New,North,Home & Kitchen,Air Fryer,1,1041.92,20,833.54
ORD102980,2023-11-19,CUST0591,New,South,Sports,Resistance Bands,1,2552.16,5,2424.55
ORD102711,2023-11-19,CUST0421,New,South,Home & Kitchen,Table Lamp,2,2987.37,20,4779.79
ORD101328,2023-11-20,CUST0834,New,South,Electronics,Smartwatch,4,1177.44,10,4238.78
ORD102525,2023-11-20,CUST0188,New,North,Beauty,Face Serum,1,439.71,15,373.75
ORD102877,2023-11-20,CUST0192,Returning,East,Electronics,Smartwatch,1,2046.82,5,1944.48
ORD102026,2023-11-20,CUST0201,Returning,West,Home & Kitchen,Non-stick Pan Set,2,2077.49,20,3323.98
ORD100718,2023-11-20,CUST0150,Loyal,East,Apparel,Cotton T-Shirt,5,524.94,0,2624.7
ORD102271,2023-11-21,CUST0748,Returning,West,Home & Kitchen,Air Fryer,7,3063.92,15,18230.32
ORD101021,2023-11-21,CUST0233,New,North,Home & Kitchen,Table Lamp,4,1605.74,10,5780.66
ORD101391,2023-11-21,CUST0531,New,Central,Sports,Cricket Bat,1,331.28,0,331.28
ORD103248,2023-11-22,CUST0328,Returning,East,Home & Kitchen,Air Fryer,2,761.58,10,1370.84
ORD102518,2023-11-23,CUST0342,Loyal,North,Home & Kitchen,Table Lamp,2,2063.39,10,3714.1
ORD100244,2023-11-23,CUST0403,Loyal,East,Beauty,Perfume,5,821.45,0,4107.25
ORD100003,2023-11-23,CUST0095,New,North,Beauty,Hair Dryer,4,1180.72,0,4722.88
ORD101682,2023-11-23,CUST0694,New,West,Home & Kitchen,Mixer Grinder,1,2496.1,15,2121.68
ORD103076,2023-11-24,CUST0209,Returning,East,Beauty,Face Serum,4,585.86,20,1874.75
ORD101875,2023-11-24,CUST0576,Returning,South,Home & Kitchen,Non-stick Pan Set,1,2131.21,0,2131.21
ORD102708,2023-11-24,CUST0486,New,South,Sports,Cricket Bat,1,1493.96,5,1419.26
ORD103145,2023-11-25,CUST0701,Loyal,East,Electronics,Smartwatch,4,2858.36,5,10861.77
ORD102729,2023-11-26,CUST0433,Returning,North,Sports,Dumbbell Set,2,406.79,5,772.9
ORD102500,2023-11-26,CUST0556,New,North,Apparel,Formal Shirt,4,1097.4,5,4170.12
ORD100588,2023-11-26,CUST0185,Returning,North,Home & Kitchen,Table Lamp,2,556.55,0,1113.1
ORD101362,2023-11-26,CUST0802,Returning,Central,Beauty,Hair Dryer,2,1261.07,10,2269.93
ORD101679,2023-11-27,CUST0205,New,West,Beauty,Hair Dryer,2,787.43,15,1338.63
ORD101899,2023-11-27,CUST0774,New,North,Electronics,Wireless Earbuds,1,3538.49,10,3184.64
ORD103943,2023-11-27,CUST0331,Loyal,South,Sports,Yoga Mat,1,1986.99,0,1986.99
ORD103541,2023-11-27,CUST0455,New,North,Beauty,Lip Balm Set,7,723.9,5,4813.94
ORD101186,2023-11-27,CUST0724,Returning,West,Electronics,Wireless Earbuds,1,4200.78,5,3990.74
ORD103217,2023-11-27,CUST0526,Returning,West,Apparel,Formal Shirt,5,1622.56,0,8112.8
ORD102731,2023-11-27,CUST0330,New,North,Sports,Cricket Bat,1,2650.66,0,2650.66
ORD102652,2023-11-27,CUST0081,Returning,East,Sports,Dumbbell Set,1,1423.06,0,1423.06
ORD100199,2023-11-28,CUST0381,New,North,Home & Kitchen,Table Lamp,4,2195.3,20,7024.96
ORD102366,2023-11-28,CUST0687,New,North,Beauty,Perfume,1,281.53,15,239.3
ORD103874,2023-11-28,CUST0479,Returning,East,Beauty,Hair Dryer,2,496.55,5,943.44
ORD100324,2023-11-29,CUST0340,Loyal,East,Sports,Dumbbell Set,1,2111.85,10,1900.66
ORD100273,2023-11-29,CUST0582,New,West,Beauty,Hair Dryer,4,605.1,0,2420.4
ORD101979,2023-11-30,CUST0079,Returning,East,Electronics,Bluetooth Speaker,2,3372.51,20,5396.02
ORD103154,2023-11-30,CUST0034,New,North,Beauty,Sunscreen SPF50,2,951.9,5,1808.61
ORD101445,2023-11-30,CUST0223,Returning,South,Apparel,Formal Shirt,2,329.63,0,659.26
ORD102074,2023-11-30,CUST0835,Returning,South,Beauty,Lip Balm Set,1,546.43,15,464.47
ORD102726,2023-12-01,CUST0498,Returning,East,Sports,Cricket Bat,2,560.11,15,952.19
ORD103965,2023-12-01,CUST0737,New,West,Apparel,Formal Shirt,1,916.45,0,916.45
ORD102055,2023-12-01,CUST0689,Returning,West,Electronics,Bluetooth Speaker,1,1688.74,0,1688.74
ORD102678,2023-12-01,CUST0460,New,East,Home & Kitchen,Table Lamp,5,1494.36,0,7471.8
ORD101633,2023-12-02,CUST0204,Loyal,Central,Sports,Dumbbell Set,4,2904.4,10,10455.84
ORD103191,2023-12-02,CUST0170,Loyal,South,Beauty,Lip Balm Set,1,1031.2,0,1031.2
ORD103962,2023-12-02,CUST0663,New,East,Home & Kitchen,Table Lamp,1,2623.02,20,2098.42
ORD101957,2023-12-02,CUST0356,Returning,West,Apparel,Denim Jacket,4,909.35,15,3091.79
ORD103422,2023-12-03,CUST0148,Loyal,North,Apparel,Formal Shirt,2,704.5,15,1197.65
ORD100928,2023-12-03,CUST0583,Returning,North,Beauty,Lip Balm Set,2,808.06,0,1616.12
ORD100867,2023-12-04,CUST0643,Returning,West,Apparel,Cotton T-Shirt,1,1962.49,10,1766.24
ORD102066,2023-12-04,CUST0085,Returning,East,Apparel,Running Shoes,1,1921.08,0,1921.08
ORD100234,2023-12-04,CUST0291,New,Central,Home & Kitchen,Electric Kettle,4,3052.95,10,10990.62
ORD103945,2023-12-04,CUST0114,Loyal,South,Electronics,Power Bank,4,1989.73,20,6367.14
ORD100379,2023-12-05,CUST0672,Returning,East,Electronics,Power Bank,4,3618.84,5,13751.59
ORD102224,2023-12-06,CUST0640,Returning,West,Beauty,Perfume,5,995.05,20,3980.2
ORD101547,2023-12-06,CUST0266,Returning,North,Electronics,Bluetooth Speaker,5,4087.26,0,20436.3
ORD102017,2023-12-06,CUST0594,New,North,Home & Kitchen,Non-stick Pan Set,2,2279.25,5,4330.57
ORD100196,2023-12-06,CUST0626,Returning,South,Beauty,Face Serum,1,470.67,5,447.14
ORD101367,2023-12-07,CUST0591,New,North,Sports,Football,1,775.69,15,659.34
ORD100030,2023-12-07,CUST0389,Loyal,East,Beauty,Lip Balm Set,2,1368.3,0,2736.6
ORD103746,2023-12-07,CUST0551,New,East,Home & Kitchen,Table Lamp,8,1400.58,0,11204.64
ORD103859,2023-12-07,CUST0809,New,West,Apparel,Running Shoes,4,505.59,5,1921.24
ORD100359,2023-12-08,CUST0368,New,North,Beauty,Hair Dryer,1,758.85,0,758.85
ORD102810,2023-12-08,CUST0436,New,East,Electronics,Power Bank,5,2036.24,10,9163.08
ORD103501,2023-12-08,CUST0124,Loyal,East,Beauty,Lip Balm Set,1,1432.67,0,1432.67
ORD102843,2023-12-08,CUST0088,Loyal,North,Electronics,Bluetooth Speaker,1,4004.48,0,4004.48
ORD100334,2023-12-09,CUST0253,Returning,South,Beauty,Hair Dryer,5,253.84,0,1269.2
ORD101435,2023-12-09,CUST0753,Loyal,North,Home & Kitchen,Air Fryer,2,1339.9,5,2545.81
ORD103751,2023-12-10,CUST0635,New,East,Electronics,Power Bank,1,4056.57,20,3245.26
ORD101158,2023-12-10,CUST0642,New,South,Home & Kitchen,Air Fryer,2,1316.0,10,2368.8
ORD100079,2023-12-10,CUST0319,Returning,Central,Sports,Resistance Bands,2,2388.93,0,4777.86
ORD102549,2023-12-10,CUST0184,Loyal,North,Beauty,Face Serum,1,715.76,20,572.61
ORD103911,2023-12-10,CUST0054,New,North,Apparel,Running Shoes,4,2089.12,0,8356.48
ORD100368,2023-12-11,CUST0835,New,South,Apparel,Denim Jacket,4,1930.23,15,6562.78
ORD103026,2023-12-11,CUST0755,Loyal,Central,Apparel,Denim Jacket,5,1511.53,0,7557.65
ORD103029,2023-12-11,CUST0185,Returning,North,Apparel,Formal Shirt,2,1419.07,0,2838.14
ORD101782,2023-12-11,CUST0614,New,North,Beauty,Hair Dryer,2,1496.77,10,2694.19
ORD103151,2023-12-11,CUST0843,Returning,East,Electronics,Wireless Earbuds,5,2847.07,15,12100.05
ORD103049,2023-12-11,CUST0844,Returning,South,Home & Kitchen,Electric Kettle,4,2629.17,10,9465.01
ORD101207,2023-12-11,CUST0772,Returning,East,Beauty,Face Serum,1,478.53,0,478.53
ORD103922,2023-12-12,CUST0637,Loyal,Central,Electronics,Smartwatch,4,1023.06,0,4092.24
ORD100499,2023-12-13,CUST0262,Returning,West,Electronics,Bluetooth Speaker,1,2250.69,15,1913.09
ORD101582,2023-12-13,CUST0485,New,East,Home & Kitchen,Mixer Grinder,1,1528.95,20,1223.16
ORD101882,2023-12-13,CUST0502,New,North,Apparel,Denim Jacket,1,1288.82,0,1288.82
ORD101687,2023-12-13,CUST0216,New,East,Apparel,Formal Shirt,2,761.83,5,1447.48
ORD103615,2023-12-13,CUST0749,Returning,North,Apparel,Running Shoes,4,1706.44,15,5801.9
ORD103070,2023-12-13,CUST0025,Returning,West,Sports,Resistance Bands,5,1574.34,5,7478.11
ORD101696,2023-12-13,CUST0351,Loyal,North,Sports,Football,2,289.14,0,578.28
ORD101856,2023-12-14,CUST0391,Loyal,North,Apparel,Denim Jacket,5,1600.2,0,8001.0
ORD100060,2023-12-14,CUST0770,Returning,East,Electronics,Bluetooth Speaker,4,2106.68,20,6741.38
ORD102452,2023-12-14,CUST0069,New,South,Electronics,Power Bank,1,2854.45,20,2283.56
ORD100610,2023-12-14,CUST0799,New,North,Electronics,Bluetooth Speaker,1,1466.8,0,1466.8
ORD103771,2023-12-16,CUST0199,New,East,Beauty,Perfume,7,347.11,10,2186.79
ORD103670,2023-12-16,CUST0236,Returning,West,Apparel,Cotton T-Shirt,5,1804.63,15,7669.68
ORD102747,2023-12-16,CUST0316,New,East,Sports,Cricket Bat,2,1140.1,0,2280.2
ORD101378,2023-12-16,CUST0403,Loyal,North,Sports,Football,1,779.82,15,662.85
ORD102158,2023-12-17,CUST0087,Returning,East,Apparel,Cotton T-Shirt,2,1996.51,0,3993.02
ORD102251,2023-12-17,CUST0476,Returning,Central,Home & Kitchen,Electric Kettle,4,1708.14,0,6832.56
ORD102553,2023-12-17,CUST0501,Returning,Central,Electronics,Bluetooth Speaker,1,1348.17,10,1213.35
ORD100767,2023-12-17,CUST0030,New,East,Electronics,Bluetooth Speaker,1,2497.13,0,2497.13
ORD101163,2023-12-18,CUST0790,Loyal,East,Apparel,Cotton T-Shirt,4,1623.0,15,5518.2
ORD103653,2023-12-18,CUST0822,Loyal,North,Electronics,Power Bank,2,1600.09,0,3200.18
ORD102919,2023-12-19,CUST0091,New,East,Electronics,Power Bank,4,1919.0,20,6140.8
ORD102380,2023-12-19,CUST0663,Returning,East,Electronics,Bluetooth Speaker,1,3808.19,0,3808.19
ORD100356,2023-12-20,CUST0313,Returning,East,Apparel,Backpack,2,895.05,0,1790.1
ORD102965,2023-12-20,CUST0462,New,West,Apparel,Denim Jacket,2,1303.35,0,2606.7
ORD102700,2023-12-20,CUST0226,Loyal,Central,Home & Kitchen,Non-stick Pan Set,2,2495.63,0,4991.26
ORD100391,2023-12-20,CUST0062,New,North,Beauty,Face Serum,1,503.95,0,503.95
ORD101906,2023-12-20,CUST0154,New,Central,Home & Kitchen,Table Lamp,2,445.89,5,847.19
ORD102684,2023-12-22,CUST0753,New,North,Apparel,Denim Jacket,2,2016.67,0,4033.34
ORD103926,2023-12-22,CUST0118,Returning,East,Sports,Yoga Mat,1,1328.83,0,1328.83
ORD101836,2023-12-22,CUST0361,New,East,Apparel,Cotton T-Shirt,1,875.6,0,875.6
ORD102533,2023-12-23,CUST0581,Returning,South,Sports,Cricket Bat,1,2750.58,15,2337.99
ORD100228,2023-12-23,CUST0810,Loyal,North,Apparel,Backpack,1,1804.92,0,1804.92
ORD103109,2023-12-23,CUST0170,New,Central,Home & Kitchen,Air Fryer,2,1868.42,0,3736.84
ORD102629,2023-12-24,CUST0849,New,East,Beauty,Face Serum,1,689.05,10,620.14
ORD100637,2023-12-24,CUST0081,Returning,South,Apparel,Denim Jacket,2,1772.01,5,3366.82
ORD102331,2023-12-24,CUST0480,New,North,Beauty,Face Serum,4,1050.07,10,3780.25
ORD101261,2023-12-25,CUST0508,Returning,West,Electronics,Bluetooth Speaker,1,4328.94,5,4112.49
ORD103031,2023-12-25,CUST0175,Returning,West,Sports,Yoga Mat,4,2051.59,5,7796.04
ORD102036,2023-12-25,CUST0140,Returning,North,Electronics,Smartwatch,2,1052.18,5,1999.14
ORD100614,2023-12-25,CUST0823,New,North,Beauty,Perfume,2,547.24,0,1094.48
ORD102436,2023-12-25,CUST0711,Returning,North,Home & Kitchen,Electric Kettle,2,1665.39,5,3164.24
ORD103880,2023-12-25,CUST0747,New,Central,Electronics,Bluetooth Speaker,4,1796.29,5,6825.9
ORD102216,2023-12-26,CUST0564,New,Central,Home & Kitchen,Electric Kettle,2,2688.71,10,4839.68
ORD103680,2023-12-26,CUST0680,New,North,Electronics,Smartwatch,5,2273.78,10,10232.01
ORD102903,2023-12-26,CUST0360,Loyal,East,Home & Kitchen,Non-stick Pan Set,2,2156.01,0,4312.02
ORD100440,2023-12-26,CUST0719,New,West,Beauty,Hair Dryer,2,389.91,0,779.82
ORD100949,2023-12-27,CUST0617,New,West,Electronics,Power Bank,2,4127.42,0,8254.84
ORD100432,2023-12-27,CUST0029,Returning,South,Home & Kitchen,Table Lamp,4,1404.59,10,5056.52
ORD102702,2023-12-27,CUST0197,New,West,Beauty,Hair Dryer,1,1336.74,5,1269.9
ORD102492,2023-12-29,CUST0461,Returning,East,Home & Kitchen,Non-stick Pan Set,1,1834.23,0,1834.23
ORD100531,2023-12-29,CUST0621,New,West,Sports,Dumbbell Set,1,1315.37,10,1183.83
ORD102244,2023-12-29,CUST0148,Loyal,West,Sports,Dumbbell Set,1,2015.7,15,1713.35
ORD103896,2023-12-29,CUST0342,Returning,West,Apparel,Backpack,2,1672.87,5,3178.45
ORD102498,2023-12-30,CUST0287,Returning,Central,Sports,Dumbbell Set,1,2690.42,20,2152.34
ORD100742,2023-12-30,CUST0378,New,South,Beauty,Perfume,1,1187.49,0,1187.49
ORD102849,2023-12-30,CUST0297,Loyal,Central,Apparel,Cotton T-Shirt,4,1807.56,0,7230.24
ORD101559,2023-12-31,CUST0654,Returning,West,Electronics,Power Bank,2,3171.69,0,6343.38
ORD100536,2023-12-31,CUST0576,New,West,Sports,Resistance Bands,4,567.36,0,2269.44
ORD103948,2023-12-31,CUST0461,Loyal,Central,Apparel,Backpack,2,2038.37,15,3465.23
ORD101154,2023-12-31,CUST0651,Returning,Central,Home & Kitchen,Air Fryer,1,1637.76,0,1637.76
ORD100558,2023-12-31,CUST0398,Loyal,North,Apparel,Backpack,1,2030.87,5,1929.33
ORD102168,2024-01-01,CUST0226,Loyal,East,Electronics,Power Bank,3,1402.96,20,3367.1
ORD102195,2024-01-01,CUST0064,New,West,Apparel,Denim Jacket,1,1459.18,15,1240.3
ORD102624,2024-01-01,CUST0217,New,North,Apparel,Formal Shirt,2,1988.01,0,3976.02
ORD101653,2024-01-02,CUST0611,Returning,South,Apparel,Denim Jacket,3,865.6,0,2596.8
ORD103497,2024-01-02,CUST0325,Returning,South,Beauty,Lip Balm Set,6,1023.92,0,6143.52
ORD102759,2024-01-02,CUST0001,New,West,Apparel,Backpack,2,498.31,0,996.62
ORD101649,2024-01-02,CUST0346,Loyal,West,Beauty,Perfume,3,258.01,0,774.03
ORD101607,2024-01-02,CUST0337,Returning,South,Electronics,Smartwatch,1,920.21,0,920.21
ORD101711,2024-01-02,CUST0654,New,West,Electronics,Power Bank,1,4003.31,0,4003.31
ORD102032,2024-01-02,CUST0157,Returning,West,Sports,Yoga Mat,3,1264.56,0,3793.68
ORD101817,2024-01-03,CUST0097,Returning,East,Home & Kitchen,Air Fryer,1,734.6,0,734.6
ORD103131,2024-01-03,CUST0612,Loyal,West,Electronics,Smartwatch,1,3579.16,10,3221.24
ORD101593,2024-01-03,CUST0205,Loyal,North,Home & Kitchen,Mixer Grinder,1,1273.15,0,1273.15
ORD103180,2024-01-03,CUST0581,New,North,Apparel,Denim Jacket,1,920.15,5,874.14
ORD100731,2024-01-04,CUST0465,Returning,North,Sports,Resistance Bands,2,1489.94,0,2979.88
ORD102396,2024-01-04,CUST0664,New,East,Home & Kitchen,Mixer Grinder,4,1529.04,20,4892.93
ORD101536,2024-01-04,CUST0482,Returning,North,Beauty,Face Serum,3,1183.44,15,3017.77
ORD102084,2024-01-05,CUST0630,Returning,West,Beauty,Face Serum,2,1110.34,20,1776.54
ORD100987,2024-01-05,CUST0027,Returning,North,Beauty,Face Serum,6,277.31,0,1663.86
ORD100942,2024-01-05,CUST0761,Returning,West,Electronics,Laptop Stand,2,1666.63,20,2666.61
ORD102865,2024-01-05,CUST0362,Returning,North,Beauty,Perfume,3,717.9,15,1830.64
ORD102319,2024-01-06,CUST0643,New,East,Apparel,Formal Shirt,3,2149.26,10,5803.0
ORD100485,2024-01-06,CUST0782,Returning,East,Apparel,Cotton T-Shirt,1,1677.85,10,1510.07
ORD102780,2024-01-06,CUST0321,Loyal,North,Sports,Cricket Bat,4,634.84,20,2031.49
ORD101232,2024-01-06,CUST0102,Returning,Central,Beauty,Lip Balm Set,3,552.79,0,1658.37
ORD103333,2024-01-07,CUST0751,New,Central,Sports,Football,3,840.36,0,2521.08
ORD101278,2024-01-07,CUST0040,New,East,Home & Kitchen,Table Lamp,3,737.29,5,2101.28
ORD103856,2024-01-07,CUST0725,Returning,Central,Beauty,Sunscreen SPF50,1,948.25,0,948.25
ORD101751,2024-01-07,CUST0641,New,West,Apparel,Cotton T-Shirt,2,687.75,5,1306.72
ORD100967,2024-01-08,CUST0572,Loyal,Central,Beauty,Lip Balm Set,3,453.06,0,1359.18
ORD102643,2024-01-08,CUST0025,New,North,Home & Kitchen,Air Fryer,1,2041.06,0,2041.06
ORD101320,2024-01-08,CUST0617,Returning,South,Beauty,Hair Dryer,1,1086.12,5,1031.81
ORD102524,2024-01-09,CUST0011,Loyal,West,Beauty,Hair Dryer,3,632.41,0,1897.23
ORD101769,2024-01-09,CUST0204,Loyal,North,Beauty,Perfume,1,449.51,0,449.51
ORD101712,2024-01-10,CUST0785,New,West,Home & Kitchen,Air Fryer,4,1804.98,0,7219.92
ORD101819,2024-01-10,CUST0093,Returning,South,Electronics,Bluetooth Speaker,1,4064.63,5,3861.4
ORD100486,2024-01-10,CUST0808,New,North,Apparel,Cotton T-Shirt,2,1955.72,5,3715.87
ORD101846,2024-01-11,CUST0712,Returning,North,Sports,Cricket Bat,1,2877.12,15,2445.55
ORD102217,2024-01-11,CUST0575,Returning,North,Beauty,Perfume,2,805.11,20,1288.18
ORD103972,2024-01-11,CUST0203,Returning,East,Apparel,Running Shoes,3,722.62,5,2059.47
ORD102671,2024-01-11,CUST0255,Returning,North,Home & Kitchen,Mixer Grinder,1,780.05,20,624.04
ORD102791,2024-01-12,CUST0335,New,South,Apparel,Cotton T-Shirt,3,1613.87,5,4599.53
ORD100549,2024-01-12,CUST0095,New,West,Sports,Yoga Mat,2,1743.47,5,3312.59
ORD103765,2024-01-12,CUST0274,Returning,North,Sports,Resistance Bands,1,1938.16,10,1744.34
ORD102082,2024-01-12,CUST0152,Returning,Central,Electronics,Smartwatch,2,2652.82,0,5305.64
ORD103133,2024-01-12,CUST0799,Returning,North,Apparel,Denim Jacket,2,1344.91,0,2689.82
ORD101520,2024-01-13,CUST0732,New,East,Sports,Football,2,2222.73,0,4445.46
ORD100096,2024-01-13,CUST0504,Returning,Central,Electronics,Bluetooth Speaker,2,3859.62,5,7333.28
ORD103418,2024-01-13,CUST0786,New,Central,Home & Kitchen,Non-stick Pan Set,2,1244.15,0,2488.3
ORD101820,2024-01-13,CUST0348,New,North,Apparel,Formal Shirt,1,1529.73,0,1529.73
ORD102127,2024-01-13,CUST0256,New,Central,Sports,Yoga Mat,4,2205.44,0,8821.76
ORD100740,2024-01-14,CUST0592,New,East,Home & Kitchen,Air Fryer,3,2790.72,15,7116.34
ORD102183,2024-01-14,CUST0402,Loyal,North,Home & Kitchen,Air Fryer,1,2998.79,20,2399.03
ORD100813,2024-01-14,CUST0465,Returning,North,Electronics,Smartwatch,1,4270.26,15,3629.72
ORD101304,2024-01-14,CUST0022,Loyal,East,Home & Kitchen,Non-stick Pan Set,1,905.14,0,905.14
ORD103868,2024-01-14,CUST0521,Loyal,East,Beauty,Sunscreen SPF50,3,165.41,0,496.23
ORD103325,2024-01-14,CUST0708,Returning,North,Home & Kitchen,Air Fryer,2,2847.98,15,4841.57
ORD102114,2024-01-14,CUST0117,Returning,Central,Electronics,Smartwatch,3,3965.65,0,11896.95
ORD100912,2024-01-15,CUST0527,New,North,Beauty,Face Serum,4,662.48,0,2649.92
ORD101483,2024-01-15,CUST0361,New,North,Sports,Football,3,2525.83,10,6819.74
ORD102639,2024-01-15,CUST0713,Returning,East,Home & Kitchen,Mixer Grinder,1,479.29,0,479.29
ORD103872,2024-01-15,CUST0405,New,North,Electronics,Power Bank,1,2784.79,10,2506.31
ORD101661,2024-01-16,CUST0292,Returning,West,Apparel,Backpack,1,2028.52,15,1724.24
ORD103740,2024-01-16,CUST0493,Loyal,Central,Beauty,Lip Balm Set,3,575.99,20,1382.38
ORD103188,2024-01-16,CUST0837,Returning,East,Home & Kitchen,Air Fryer,2,1077.31,0,2154.62
ORD102966,2024-01-16,CUST0257,Loyal,West,Sports,Resistance Bands,3,1483.91,5,4229.14
ORD100224,2024-01-17,CUST0721,Returning,South,Beauty,Perfume,1,503.4,0,503.4
ORD103464,2024-01-17,CUST0707,Returning,South,Home & Kitchen,Non-stick Pan Set,1,1940.29,20,1552.23
ORD102695,2024-01-17,CUST0526,Loyal,North,Electronics,Smartwatch,1,1329.21,5,1262.75
ORD102324,2024-01-17,CUST0220,New,North,Electronics,Bluetooth Speaker,2,4338.69,10,7809.64
ORD103168,2024-01-18,CUST0475,Returning,North,Beauty,Face Serum,1,731.02,0,731.02
ORD102412,2024-01-18,CUST0341,New,Central,Home & Kitchen,Air Fryer,2,1830.92,5,3478.75
ORD102192,2024-01-18,CUST0482,Loyal,Central,Apparel,Running Shoes,3,344.2,0,1032.6
ORD103517,2024-01-18,CUST0394,Returning,East,Electronics,Bluetooth Speaker,1,1228.64,0,1228.64
ORD100354,2024-01-18,CUST0541,New,North,Apparel,Denim Jacket,1,1574.33,5,1495.61
ORD103879,2024-01-20,CUST0284,New,North,Beauty,Perfume,2,1438.55,5,2733.24
ORD103378,2024-01-20,CUST0512,Returning,North,Sports,Yoga Mat,4,469.15,15,1595.11
ORD103661,2024-01-20,CUST0268,Returning,North,Beauty,Face Serum,3,464.92,10,1255.28
ORD102123,2024-01-20,CUST0198,Returning,North,Beauty,Perfume,4,977.9,5,3716.02
ORD101921,2024-01-21,CUST0537,Returning,North,Sports,Resistance Bands,5,2272.61,0,11363.05
ORD101009,2024-01-21,CUST0642,New,East,Electronics,Smartwatch,1,1770.41,20,1416.33
ORD100787,2024-01-21,CUST0687,New,West,Sports,Football,4,1397.4,0,5589.6
ORD103667,2024-01-21,CUST0221,Returning,South,Apparel,Cotton T-Shirt,2,426.43,0,852.86
ORD101213,2024-01-21,CUST0755,Loyal,South,Electronics,Laptop Stand,2,4334.65,10,7802.37
ORD102577,2024-01-22,CUST0172,New,South,Home & Kitchen,Table Lamp,3,2212.23,5,6304.86
ORD100652,2024-01-22,CUST0400,New,South,Beauty,Perfume,4,1115.17,15,3791.58
ORD103935,2024-01-22,CUST0244,New,East,Home & Kitchen,Air Fryer,2,3066.57,0,6133.14
ORD100973,2024-01-23,CUST0242,New,South,Beauty,Sunscreen SPF50,2,541.76,0,1083.52
ORD102102,2024-01-23,CUST0785,Loyal,West,Sports,Cricket Bat,2,1955.94,20,3129.5
ORD101896,2024-01-23,CUST0167,Loyal,North,Electronics,Wireless Earbuds,2,3622.63,0,7245.26
ORD101159,2024-01-24,CUST0219,New,Central,Sports,Dumbbell Set,1,1426.67,0,1426.67
ORD100621,2024-01-25,CUST0208,New,North,Beauty,Sunscreen SPF50,4,508.3,0,2033.2
ORD102614,2024-01-25,CUST0708,New,East,Sports,Resistance Bands,1,1249.87,5,1187.38
ORD102760,2024-01-25,CUST0634,Returning,East,Electronics,Bluetooth Speaker,1,2847.09,0,2847.09
ORD101703,2024-01-25,CUST0780,New,East,Electronics,Smartwatch,2,1719.31,10,3094.76
ORD101010,2024-01-26,CUST0171,New,West,Electronics,Bluetooth Speaker,1,2418.77,0,2418.77
ORD103843,2024-01-27,CUST0032,New,North,Sports,Football,2,1206.82,15,2051.59
ORD103483,2024-01-27,CUST0328,Returning,North,Sports,Yoga Mat,2,1562.61,5,2968.96
ORD103357,2024-01-27,CUST0603,Returning,East,Sports,Yoga Mat,1,1858.97,20,1487.18
ORD103683,2024-01-28,CUST0130,Returning,West,Sports,Yoga Mat,1,2404.46,0,2404.46
ORD103075,2024-01-28,CUST0690,Loyal,North,Sports,Resistance Bands,2,2558.09,0,5116.18
ORD103024,2024-01-29,CUST0490,New,Central,Sports,Dumbbell Set,4,1452.42,20,4647.74
ORD100006,2024-01-29,CUST0239,Returning,West,Electronics,Wireless Earbuds,1,4446.8,20,3557.44
ORD100947,2024-01-29,CUST0433,New,West,Electronics,Smartwatch,1,2647.38,5,2515.01
ORD103581,2024-01-30,CUST0775,New,South,Sports,Cricket Bat,1,470.68,15,400.08
ORD101995,2024-01-30,CUST0491,Loyal,South,Apparel,Formal Shirt,3,726.97,0,2180.91
ORD103677,2024-01-30,CUST0333,Loyal,South,Beauty,Face Serum,1,331.22,20,264.98
ORD101894,2024-01-30,CUST0295,Returning,West,Beauty,Sunscreen SPF50,1,1103.47,5,1048.3
ORD100460,2024-01-30,CUST0643,Loyal,South,Home & Kitchen,Air Fryer,3,1619.1,20,3885.84
ORD102341,2024-01-30,CUST0085,Loyal,West,Electronics,Laptop Stand,1,2975.58,5,2826.8
ORD100274,2024-01-31,CUST0336,Loyal,West,Home & Kitchen,Table Lamp,2,2715.57,10,4888.03
ORD102214,2024-01-31,CUST0091,New,Central,Electronics,Laptop Stand,2,2332.19,10,4197.94
ORD103216,2024-01-31,CUST0847,New,West,Sports,Resistance Bands,5,1618.7,0,8093.5
ORD101828,2024-01-31,CUST0562,Loyal,Central,Sports,Dumbbell Set,1,2829.0,15,2404.65
ORD100669,2024-01-31,CUST0724,New,South,Electronics,Power Bank,1,4135.19,5,3928.43
ORD100897,2024-02-01,CUST0847,New,East,Home & Kitchen,Air Fryer,1,1303.3,0,1303.3
ORD100841,2024-02-01,CUST0164,Loyal,West,Electronics,Smartwatch,1,2607.89,0,2607.89
ORD102538,2024-02-01,CUST0231,Returning,South,Sports,Cricket Bat,3,2963.01,20,7111.22
ORD101083,2024-02-01,CUST0131,New,East,Sports,Resistance Bands,1,602.68,0,602.68
ORD100748,2024-02-01,CUST0213,Returning,North,Electronics,Wireless Earbuds,5,1324.53,20,5298.12
ORD101497,2024-02-01,CUST0233,New,Central,Apparel,Formal Shirt,3,474.78,0,1424.34
ORD102352,2024-02-01,CUST0754,Loyal,West,Apparel,Denim Jacket,4,425.43,15,1446.46
ORD100752,2024-02-02,CUST0662,Returning,Central,Apparel,Denim Jacket,2,1201.55,0,2403.1
ORD102228,2024-02-03,CUST0302,Loyal,North,Home & Kitchen,Non-stick Pan Set,1,2659.82,0,2659.82
ORD100883,2024-02-03,CUST0370,Returning,East,Beauty,Hair Dryer,2,225.66,15,383.62
ORD101707,2024-02-03,CUST0616,Loyal,West,Sports,Resistance Bands,1,942.31,5,895.19
ORD101915,2024-02-03,CUST0608,Returning,West,Home & Kitchen,Electric Kettle,1,2951.87,15,2509.09
ORD101530,2024-02-04,CUST0237,New,Central,Sports,Cricket Bat,4,2447.27,0,9789.08
ORD102703,2024-02-04,CUST0454,New,West,Electronics,Laptop Stand,1,1943.63,0,1943.63
ORD102672,2024-02-04,CUST0020,New,South,Apparel,Formal Shirt,2,695.03,0,1390.06
ORD101103,2024-02-05,CUST0709,New,West,Home & Kitchen,Non-stick Pan Set,1,2270.01,15,1929.51
ORD102595,2024-02-05,CUST0317,Loyal,Central,Home & Kitchen,Non-stick Pan Set,1,1242.79,0,1242.79
ORD102441,2024-02-06,CUST0014,Loyal,East,Electronics,Smartwatch,3,2190.11,20,5256.26
ORD103572,2024-02-06,CUST0146,Returning,West,Sports,Yoga Mat,3,2765.37,5,7881.3
ORD103355,2024-02-07,CUST0285,Returning,West,Sports,Cricket Bat,3,755.84,15,1927.39
ORD101705,2024-02-07,CUST0221,Returning,South,Beauty,Face Serum,3,284.83,10,769.04
ORD103971,2024-02-07,CUST0218,Returning,West,Apparel,Running Shoes,4,336.53,0,1346.12
ORD103351,2024-02-07,CUST0134,New,North,Beauty,Face Serum,2,1238.64,5,2353.42
ORD102087,2024-02-07,CUST0774,Returning,South,Beauty,Face Serum,1,888.62,10,799.76
ORD101698,2024-02-08,CUST0765,Loyal,South,Apparel,Formal Shirt,1,2021.97,20,1617.58
ORD100055,2024-02-08,CUST0680,Returning,North,Apparel,Formal Shirt,2,927.38,0,1854.76
ORD102449,2024-02-08,CUST0293,New,North,Electronics,Wireless Earbuds,4,4264.76,5,16206.09
ORD100422,2024-02-09,CUST0044,Loyal,North,Beauty,Sunscreen SPF50,1,1242.0,0,1242.0
ORD101395,2024-02-10,CUST0814,Returning,North,Apparel,Formal Shirt,5,1416.4,0,7082.0
ORD103315,2024-02-10,CUST0539,New,North,Home & Kitchen,Electric Kettle,1,2588.67,5,2459.24
ORD101192,2024-02-10,CUST0191,New,East,Beauty,Sunscreen SPF50,2,915.57,0,1831.14
ORD100103,2024-02-10,CUST0146,Returning,East,Beauty,Face Serum,1,1376.36,20,1101.09
ORD101833,2024-02-10,CUST0107,New,South,Apparel,Formal Shirt,2,1231.88,5,2340.57
ORD103525,2024-02-10,CUST0613,Loyal,Central,Home & Kitchen,Electric Kettle,2,2946.81,5,5598.94
ORD102200,2024-02-10,CUST0417,Returning,North,Beauty,Sunscreen SPF50,3,1499.25,0,4497.75
ORD101363,2024-02-11,CUST0761,New,East,Electronics,Laptop Stand,1,4450.92,15,3783.28
ORD101799,2024-02-11,CUST0270,Loyal,West,Electronics,Wireless Earbuds,1,3287.48,20,2629.98
ORD103503,2024-02-11,CUST0050,Returning,North,Electronics,Laptop Stand,2,1198.6,0,2397.2
ORD100081,2024-02-11,CUST0309,Returning,West,Electronics,Laptop Stand,4,1266.84,20,4053.89
ORD102610,2024-02-11,CUST0795,New,South,Electronics,Smartwatch,1,3453.07,10,3107.76
ORD101980,2024-02-12,CUST0181,New,North,Beauty,Lip Balm Set,3,1155.12,15,2945.56
ORD102373,2024-02-12,CUST0261,Loyal,South,Home & Kitchen,Table Lamp,1,2974.48,5,2825.76
ORD100002,2024-02-12,CUST0778,Returning,North,Sports,Football,3,2475.93,0,7427.79
ORD100268,2024-02-13,CUST0588,New,South,Apparel,Denim Jacket,3,1760.58,15,4489.48
ORD102786,2024-02-13,CUST0501,Returning,West,Apparel,Denim Jacket,1,369.63,0,369.63
ORD100539,2024-02-14,CUST0708,Returning,Central,Apparel,Running Shoes,1,578.21,0,578.21
ORD101480,2024-02-14,CUST0166,Returning,East,Home & Kitchen,Electric Kettle,1,1031.39,15,876.68
ORD103585,2024-02-14,CUST0089,New,North,Home & Kitchen,Mixer Grinder,3,2761.63,20,6627.91
ORD102618,2024-02-14,CUST0363,Returning,North,Beauty,Face Serum,4,360.56,0,1442.24
ORD103725,2024-02-14,CUST0796,Returning,North,Apparel,Cotton T-Shirt,4,1756.41,15,5971.79
ORD103370,2024-02-15,CUST0160,Loyal,Central,Apparel,Backpack,6,874.49,0,5246.94
ORD100816,2024-02-15,CUST0442,Returning,North,Sports,Football,4,645.65,20,2066.08
ORD100764,2024-02-15,CUST0280,New,North,Home & Kitchen,Electric Kettle,3,1635.12,0,4905.36
ORD100535,2024-02-16,CUST0728,Returning,West,Home & Kitchen,Table Lamp,2,2979.34,0,5958.68
ORD101462,2024-02-16,CUST0254,Returning,North,Electronics,Wireless Earbuds,1,1335.72,0,1335.72
ORD103526,2024-02-16,CUST0539,New,Central,Electronics,Wireless Earbuds,1,1035.78,0,1035.78
ORD101193,2024-02-16,CUST0419,New,West,Electronics,Smartwatch,1,4438.61,20,3550.89
ORD100708,2024-02-16,CUST0677,Returning,North,Sports,Cricket Bat,2,272.92,5,518.55
ORD103224,2024-02-17,CUST0428,Returning,North,Beauty,Face Serum,2,924.81,0,1849.62
ORD102875,2024-02-17,CUST0334,Returning,Central,Beauty,Perfume,5,1275.37,20,5101.48
ORD103232,2024-02-17,CUST0239,Loyal,Central,Sports,Football,1,296.72,20,237.38
ORD100750,2024-02-17,CUST0786,New,West,Apparel,Denim Jacket,2,1262.71,0,2525.42
ORD102131,2024-02-17,CUST0249,New,South,Home & Kitchen,Non-stick Pan Set,1,2264.4,15,1924.74
ORD103774,2024-02-17,CUST0274,Loyal,North,Home & Kitchen,Non-stick Pan Set,1,2250.82,20,1800.66
ORD101289,2024-02-18,CUST0778,New,North,Sports,Dumbbell Set,2,1763.86,0,3527.72
ORD100609,2024-02-18,CUST0238,Returning,North,Sports,Cricket Bat,1,1654.01,15,1405.91
ORD100732,2024-02-18,CUST0168,Returning,North,Beauty,Face Serum,1,1374.67,20,1099.74
ORD100759,2024-02-18,CUST0195,Returning,East,Electronics,Power Bank,2,4157.84,0,8315.68
ORD101597,2024-02-19,CUST0578,Returning,North,Electronics,Laptop Stand,1,1907.95,0,1907.95
ORD102250,2024-02-20,CUST0733,New,North,Beauty,Sunscreen SPF50,2,1407.37,0,2814.74
ORD103966,2024-02-20,CUST0057,Returning,East,Home & Kitchen,Table Lamp,1,2368.88,15,2013.55
ORD103925,2024-02-20,CUST0419,Loyal,West,Electronics,Bluetooth Speaker,1,2942.58,20,2354.06
ORD103089,2024-02-21,CUST0068,New,East,Electronics,Laptop Stand,5,3206.24,20,12824.96
ORD103296,2024-02-21,CUST0737,Returning,South,Beauty,Lip Balm Set,3,323.42,20,776.21
ORD101839,2024-02-21,CUST0211,Returning,East,Beauty,Sunscreen SPF50,1,211.07,5,200.52
ORD102310,2024-02-22,CUST0533,Returning,West,Beauty,Perfume,1,533.28,0,533.28
ORD102767,2024-02-22,CUST0311,New,Central,Beauty,Hair Dryer,1,461.75,0,461.75
ORD101463,2024-02-23,CUST0308,Returning,North,Electronics,Power Bank,5,2306.57,0,11532.85
ORD102411,2024-02-23,CUST0350,Returning,North,Beauty,Face Serum,1,700.3,0,700.3
ORD100502,2024-02-25,CUST0621,New,South,Electronics,Bluetooth Speaker,1,2773.11,10,2495.8
ORD100410,2024-02-25,CUST0729,Loyal,South,Sports,Dumbbell Set,1,2924.54,0,2924.54
ORD102021,2024-02-25,CUST0173,Returning,West,Apparel,Running Shoes,2,1627.96,5,3093.12
ORD100283,2024-02-25,CUST0136,Returning,North,Sports,Football,3,2473.9,5,7050.62
ORD101396,2024-02-26,CUST0327,Returning,Central,Beauty,Lip Balm Set,1,1158.56,20,926.85
ORD103329,2024-02-26,CUST0328,Loyal,North,Sports,Dumbbell Set,3,1014.16,0,3042.48
ORD101417,2024-02-26,CUST0480,New,Central,Electronics,Wireless Earbuds,3,947.26,0,2841.78
ORD102651,2024-02-26,CUST0113,Returning,East,Electronics,Bluetooth Speaker,1,1545.29,0,1545.29
ORD101429,2024-02-26,CUST0004,New,South,Home & Kitchen,Non-stick Pan Set,1,2069.68,15,1759.23
ORD102006,2024-02-26,CUST0402,Returning,North,Sports,Cricket Bat,2,1616.63,0,3233.26
ORD103041,2024-02-26,CUST0290,Returning,North,Home & Kitchen,Mixer Grinder,1,2619.18,0,2619.18
ORD102819,2024-02-26,CUST0522,Returning,North,Beauty,Lip Balm Set,1,442.99,0,442.99
ORD102968,2024-02-27,CUST0709,Loyal,West,Apparel,Running Shoes,1,1061.68,5,1008.6
ORD101944,2024-02-27,CUST0170,Returning,West,Beauty,Lip Balm Set,1,677.52,20,542.02
ORD101440,2024-02-27,CUST0642,New,Central,Electronics,Smartwatch,1,1288.55,0,1288.55
ORD102755,2024-02-27,CUST0796,Returning,East,Beauty,Perfume,2,1496.28,0,2992.56
ORD102818,2024-02-28,CUST0509,Loyal,Central,Beauty,Face Serum,4,1223.35,10,4404.06
ORD103702,2024-02-29,CUST0020,Loyal,Central,Apparel,Backpack,1,1393.42,0,1393.42
ORD103993,2024-02-29,CUST0249,Loyal,West,Electronics,Bluetooth Speaker,2,3263.2,5,6200.08
ORD102982,2024-02-29,CUST0814,Loyal,North,Sports,Dumbbell Set,1,2303.91,10,2073.52
ORD101969,2024-02-29,CUST0678,Returning,North,Home & Kitchen,Air Fryer,2,733.07,0,1466.14
ORD103726,2024-03-01,CUST0585,Returning,East,Electronics,Laptop Stand,2,3216.06,0,6432.12
ORD102641,2024-03-01,CUST0337,Returning,North,Sports,Cricket Bat,3,1982.4,5,5649.84
ORD102677,2024-03-01,CUST0049,Returning,North,Apparel,Cotton T-Shirt,1,1803.61,0,1803.61
ORD100416,2024-03-01,CUST0703,Loyal,East,Beauty,Hair Dryer,1,272.07,20,217.66
ORD100777,2024-03-02,CUST0711,Returning,West,Sports,Football,3,2415.15,10,6520.91
ORD103712,2024-03-02,CUST0726,Returning,East,Electronics,Bluetooth Speaker,2,2227.94,20,3564.7
ORD100755,2024-03-02,CUST0288,Loyal,West,Sports,Cricket Bat,2,1222.39,0,2444.78
ORD103003,2024-03-02,CUST0253,New,West,Sports,Dumbbell Set,2,2656.65,0,5313.3
ORD101740,2024-03-03,CUST0791,Loyal,North,Home & Kitchen,Electric Kettle,1,1052.34,0,1052.34
ORD103515,2024-03-03,CUST0209,Returning,Central,Apparel,Formal Shirt,3,1940.68,20,4657.63
ORD100304,2024-03-03,CUST0121,New,Central,Apparel,Denim Jacket,3,2080.6,15,5305.53
ORD101585,2024-03-04,CUST0473,New,East,Sports,Football,1,2043.02,0,2043.02
ORD103277,2024-03-04,CUST0668,New,South,Electronics,Wireless Earbuds,1,2640.23,0,2640.23
ORD101968,2024-03-04,CUST0124,New,Central,Sports,Yoga Mat,4,294.6,0,1178.4
ORD101129,2024-03-05,CUST0834,Returning,East,Beauty,Sunscreen SPF50,1,1172.79,15,996.87
ORD100863,2024-03-05,CUST0056,New,South,Home & Kitchen,Electric Kettle,1,2304.63,0,2304.63
ORD101744,2024-03-05,CUST0196,New,West,Electronics,Power Bank,3,4483.29,5,12777.38
ORD101131,2024-03-05,CUST0132,New,West,Beauty,Lip Balm Set,1,337.58,20,270.06
ORD103827,2024-03-06,CUST0105,Returning,Central,Apparel,Running Shoes,4,1194.43,5,4538.83
ORD101745,2024-03-06,CUST0017,New,South,Electronics,Laptop Stand,2,1303.17,5,2476.02
ORD102129,2024-03-06,CUST0742,New,South,Electronics,Wireless Earbuds,1,2509.47,0,2509.47
ORD102342,2024-03-06,CUST0649,Loyal,North,Sports,Football,4,649.26,0,2597.04
ORD101546,2024-03-07,CUST0292,Loyal,North,Beauty,Perfume,3,574.4,0,1723.2
ORD103830,2024-03-07,CUST0113,New,East,Apparel,Backpack,1,396.81,0,396.81
ORD101592,2024-03-07,CUST0427,Returning,North,Apparel,Running Shoes,1,1200.35,0,1200.35
ORD102336,2024-03-07,CUST0818,New,South,Apparel,Backpack,1,1316.48,0,1316.48
ORD101505,2024-03-07,CUST0716,Returning,West,Electronics,Bluetooth Speaker,2,1029.12,0,2058.24
ORD100587,2024-03-07,CUST0588,Returning,East,Sports,Dumbbell Set,2,920.09,0,1840.18
ORD101326,2024-03-07,CUST0387,New,West,Home & Kitchen,Air Fryer,2,2348.19,0,4696.38
ORD101197,2024-03-08,CUST0498,Returning,South,Sports,Yoga Mat,2,2895.66,0,5791.32
ORD100566,2024-03-09,CUST0199,New,North,Beauty,Perfume,1,982.79,0,982.79
ORD100828,2024-03-09,CUST0594,Loyal,Central,Sports,Football,1,1725.54,15,1466.71
ORD100075,2024-03-09,CUST0432,Loyal,South,Beauty,Hair Dryer,1,525.65,20,420.52
ORD102634,2024-03-09,CUST0489,Returning,South,Sports,Cricket Bat,1,2463.35,0,2463.35
ORD102468,2024-03-10,CUST0180,Loyal,North,Home & Kitchen,Non-stick Pan Set,2,441.73,0,883.46
ORD101072,2024-03-11,CUST0308,New,South,Sports,Resistance Bands,1,1718.75,0,1718.75
ORD102792,2024-03-11,CUST0525,Loyal,East,Apparel,Running Shoes,1,1272.53,0,1272.53
ORD100164,2024-03-11,CUST0118,New,North,Home & Kitchen,Mixer Grinder,4,2767.05,0,11068.2
ORD100011,2024-03-11,CUST0253,Returning,Central,Beauty,Lip Balm Set,1,342.88,0,342.88
ORD103377,2024-03-12,CUST0439,New,West,Beauty,Lip Balm Set,1,663.76,20,531.01
ORD102613,2024-03-12,CUST0233,Returning,North,Home & Kitchen,Non-stick Pan Set,1,2558.4,5,2430.48
ORD100385,2024-03-12,CUST0144,Returning,East,Home & Kitchen,Mixer Grinder,3,1008.29,0,3024.87
ORD101357,2024-03-13,CUST0371,Returning,North,Apparel,Backpack,1,1022.54,20,818.03
ORD102596,2024-03-13,CUST0107,New,East,Electronics,Power Bank,3,3673.15,0,11019.45
ORD101991,2024-03-13,CUST0649,New,East,Home & Kitchen,Mixer Grinder,1,882.77,10,794.49
ORD100686,2024-03-14,CUST0407,New,Central,Beauty,Perfume,3,1448.23,5,4127.46
ORD102784,2024-03-15,CUST0750,Loyal,South,Apparel,Running Shoes,1,1690.42,20,1352.34
ORD101838,2024-03-15,CUST0732,Loyal,Central,Electronics,Power Bank,2,3464.68,0,6929.36
ORD101241,2024-03-16,CUST0638,Returning,East,Home & Kitchen,Table Lamp,3,1176.71,15,3000.61
ORD103990,2024-03-17,CUST0039,Returning,Central,Beauty,Face Serum,1,1155.97,10,1040.37
ORD103162,2024-03-18,CUST0243,New,South,Beauty,Perfume,1,1247.01,5,1184.66
ORD102985,2024-03-18,CUST0702,Returning,Central,Electronics,Power Bank,3,3702.72,0,11108.16
ORD102197,2024-03-18,CUST0126,Returning,North,Home & Kitchen,Electric Kettle,1,2043.94,15,1737.35
ORD103936,2024-03-18,CUST0266,New,West,Beauty,Perfume,1,216.12,0,216.12
ORD103842,2024-03-19,CUST0027,Returning,South,Beauty,Hair Dryer,1,200.06,5,190.06
ORD103165,2024-03-19,CUST0243,Loyal,East,Sports,Yoga Mat,1,411.43,15,349.72
ORD102297,2024-03-19,CUST0538,New,East,Home & Kitchen,Electric Kettle,2,1574.55,15,2676.73
ORD102152,2024-03-19,CUST0285,Returning,North,Beauty,Hair Dryer,1,459.59,10,413.63
ORD103992,2024-03-19,CUST0551,Returning,East,Sports,Dumbbell Set,1,1627.3,0,1627.3
ORD103865,2024-03-19,CUST0509,Returning,East,Beauty,Lip Balm Set,1,875.03,0,875.03
ORD100812,2024-03-20,CUST0385,New,West,Sports,Yoga Mat,1,2605.21,0,2605.21
ORD101147,2024-03-20,CUST0774,Returning,Central,Beauty,Lip Balm Set,6,1493.68,0,8962.08
ORD103818,2024-03-21,CUST0328,Returning,West,Sports,Dumbbell Set,4,1498.47,20,4795.1
ORD102609,2024-03-21,CUST0036,Returning,West,Beauty,Perfume,3,817.41,0,2452.23
ORD103658,2024-03-22,CUST0109,New,North,Sports,Dumbbell Set,1,2892.95,0,2892.95
ORD100664,2024-03-22,CUST0599,New,East,Electronics,Smartwatch,2,1502.5,0,3005.0
ORD101517,2024-03-22,CUST0322,New,East,Beauty,Face Serum,1,1361.01,10,1224.91
ORD101225,2024-03-22,CUST0152,Loyal,South,Home & Kitchen,Air Fryer,1,685.45,20,548.36
ORD100900,2024-03-22,CUST0707,New,North,Home & Kitchen,Table Lamp,1,2911.76,10,2620.58
ORD100817,2024-03-23,CUST0073,Returning,Central,Sports,Yoga Mat,3,534.04,0,1602.12
ORD101162,2024-03-23,CUST0550,Returning,West,Beauty,Hair Dryer,3,1487.14,15,3792.21
ORD102660,2024-03-23,CUST0103,Loyal,East,Sports,Resistance Bands,2,1852.25,0,3704.5
ORD102712,2024-03-23,CUST0412,New,East,Electronics,Smartwatch,1,3293.43,10,2964.09
ORD102253,2024-03-24,CUST0508,Loyal,West,Beauty,Sunscreen SPF50,3,578.97,5,1650.06
ORD101449,2024-03-24,CUST0433,New,Central,Electronics,Power Bank,4,3342.6,5,12701.88
ORD101934,2024-03-24,CUST0775,New,Central,Home & Kitchen,Non-stick Pan Set,4,1294.49,5,4919.06
ORD100429,2024-03-24,CUST0599,Loyal,North,Electronics,Bluetooth Speaker,4,2805.96,20,8979.07
ORD101803,2024-03-24,CUST0250,Loyal,South,Home & Kitchen,Non-stick Pan Set,2,807.05,0,1614.1
ORD101323,2024-03-25,CUST0572,New,South,Electronics,Smartwatch,1,3962.14,0,3962.14
ORD100811,2024-03-25,CUST0673,New,North,Apparel,Denim Jacket,1,474.69,10,427.22
ORD102015,2024-03-26,CUST0585,Returning,North,Home & Kitchen,Mixer Grinder,1,3072.53,0,3072.53
ORD103250,2024-03-26,CUST0734,Returning,North,Home & Kitchen,Mixer Grinder,3,2423.2,5,6906.12
ORD101393,2024-03-26,CUST0726,Returning,North,Electronics,Smartwatch,1,4331.63,0,4331.63
ORD100832,2024-03-27,CUST0412,Loyal,South,Electronics,Smartwatch,4,4435.89,15,15082.03
ORD100362,2024-03-27,CUST0580,Returning,North,Apparel,Cotton T-Shirt,4,619.6,5,2354.48
ORD103456,2024-03-27,CUST0396,New,Central,Home & Kitchen,Mixer Grinder,3,1498.31,20,3595.94
ORD103516,2024-03-27,CUST0615,Returning,East,Apparel,Denim Jacket,7,980.5,0,6863.5
ORD100072,2024-03-27,CUST0696,Returning,North,Beauty,Sunscreen SPF50,2,674.96,15,1147.43
ORD103755,2024-03-27,CUST0784,Returning,West,Apparel,Backpack,5,1340.69,15,5697.93
ORD101302,2024-03-27,CUST0160,Returning,North,Apparel,Denim Jacket,2,1930.62,5,3668.18
ORD102232,2024-03-27,CUST0142,Returning,Central,Apparel,Backpack,1,2007.19,10,1806.47
ORD103455,2024-03-27,CUST0354,Returning,West,Apparel,Cotton T-Shirt,2,2187.5,0,4375.0
ORD102053,2024-03-27,CUST0199,Loyal,South,Electronics,Wireless Earbuds,1,1600.18,10,1440.16
ORD100346,2024-03-28,CUST0155,Returning,South,Beauty,Hair Dryer,5,944.6,10,4250.7
ORD100696,2024-03-28,CUST0610,Loyal,West,Home & Kitchen,Air Fryer,3,3118.91,20,7485.38
ORD102148,2024-03-28,CUST0419,New,South,Home & Kitchen,Non-stick Pan Set,1,432.75,10,389.48
ORD100279,2024-03-28,CUST0426,Returning,East,Home & Kitchen,Non-stick Pan Set,3,3168.75,0,9506.25
ORD100155,2024-03-29,CUST0470,Loyal,West,Sports,Yoga Mat,1,2061.98,0,2061.98
ORD102312,2024-03-30,CUST0659,Returning,Central,Beauty,Lip Balm Set,3,1121.14,0,3363.42
ORD102615,2024-03-30,CUST0036,Returning,North,Apparel,Running Shoes,3,465.5,0,1396.5
ORD101641,2024-03-30,CUST0002,New,West,Sports,Dumbbell Set,2,1184.59,20,1895.34
ORD102407,2024-03-30,CUST0447,Returning,South,Apparel,Backpack,3,733.11,0,2199.33
ORD101384,2024-03-30,CUST0388,New,East,Apparel,Running Shoes,3,1782.06,20,4276.94
ORD102949,2024-03-30,CUST0025,Loyal,South,Sports,Dumbbell Set,2,1634.32,0,3268.64
ORD102619,2024-03-31,CUST0505,New,East,Sports,Resistance Bands,2,496.51,20,794.42
ORD102992,2024-03-31,CUST0129,Returning,South,Apparel,Cotton T-Shirt,4,1852.5,0,7410.0
ORD100484,2024-03-31,CUST0175,Returning,Central,Sports,Football,2,1645.12,20,2632.19
ORD103276,2024-03-31,CUST0522,New,West,Sports,Cricket Bat,4,372.96,0,1491.84
ORD101106,2024-04-01,CUST0340,New,East,Home & Kitchen,Mixer Grinder,2,2456.84,20,3930.94
ORD101374,2024-04-01,CUST0360,New,South,Beauty,Perfume,1,783.93,0,783.93
ORD102090,2024-04-01,CUST0685,Returning,South,Beauty,Hair Dryer,6,202.26,0,1213.56
ORD103952,2024-04-01,CUST0826,Returning,West,Sports,Yoga Mat,1,1821.22,20,1456.98
ORD103961,2024-04-01,CUST0314,Loyal,East,Home & Kitchen,Electric Kettle,1,1164.11,20,931.29
ORD100050,2024-04-01,CUST0286,New,South,Electronics,Smartwatch,2,1149.91,20,1839.86
ORD102061,2024-04-02,CUST0518,New,East,Home & Kitchen,Non-stick Pan Set,2,676.07,10,1216.93
ORD102240,2024-04-03,CUST0065,Returning,West,Electronics,Wireless Earbuds,1,3061.41,5,2908.34
ORD100541,2024-04-04,CUST0710,Returning,North,Sports,Football,2,2446.76,0,4893.52
ORD102659,2024-04-04,CUST0741,Returning,South,Electronics,Laptop Stand,2,3079.58,5,5851.2
ORD102293,2024-04-04,CUST0845,Returning,South,Electronics,Smartwatch,4,4059.9,10,14615.64
ORD100971,2024-04-04,CUST0507,Loyal,Central,Home & Kitchen,Non-stick Pan Set,1,1145.37,15,973.56
ORD101697,2024-04-05,CUST0123,New,North,Apparel,Running Shoes,2,1778.23,20,2845.17
ORD103273,2024-04-06,CUST0242,Returning,South,Home & Kitchen,Electric Kettle,1,2641.02,5,2508.97
ORD103135,2024-04-06,CUST0424,Loyal,Central,Apparel,Cotton T-Shirt,3,1614.47,5,4601.24
ORD102999,2024-04-06,CUST0172,New,South,Home & Kitchen,Non-stick Pan Set,1,977.61,0,977.61
ORD100476,2024-04-06,CUST0699,Returning,East,Home & Kitchen,Electric Kettle,2,2820.96,20,4513.54
ORD100446,2024-04-06,CUST0268,Loyal,North,Home & Kitchen,Mixer Grinder,1,1225.74,0,1225.74
ORD101736,2024-04-06,CUST0335,Loyal,North,Apparel,Formal Shirt,2,1410.32,20,2256.51
ORD102862,2024-04-06,CUST0148,Loyal,West,Apparel,Denim Jacket,1,550.31,0,550.31
ORD102698,2024-04-06,CUST0712,Returning,South,Sports,Dumbbell Set,4,1953.42,0,7813.68
ORD100714,2024-04-06,CUST0534,Returning,Central,Home & Kitchen,Electric Kettle,6,645.83,5,3681.23
ORD100791,2024-04-07,CUST0730,Returning,East,Home & Kitchen,Mixer Grinder,1,2771.05,0,2771.05
ORD102552,2024-04-07,CUST0663,Returning,North,Sports,Yoga Mat,2,2882.95,0,5765.9
ORD100939,2024-04-07,CUST0069,Returning,West,Sports,Yoga Mat,2,1877.63,0,3755.26
ORD100821,2024-04-07,CUST0549,Loyal,Central,Electronics,Power Bank,1,2635.44,10,2371.9
ORD103669,2024-04-08,CUST0662,New,West,Apparel,Cotton T-Shirt,2,551.95,0,1103.9
ORD101268,2024-04-08,CUST0832,New,South,Beauty,Lip Balm Set,4,1354.46,10,4876.06
ORD103953,2024-04-08,CUST0596,Returning,East,Apparel,Backpack,1,538.19,5,511.28
ORD102419,2024-04-08,CUST0560,New,North,Apparel,Backpack,2,1015.41,0,2030.82
ORD101964,2024-04-09,CUST0405,Returning,North,Apparel,Formal Shirt,3,1814.13,10,4898.15
ORD103633,2024-04-09,CUST0269,Returning,South,Electronics,Laptop Stand,1,2417.39,5,2296.52
ORD103637,2024-04-09,CUST0724,New,East,Electronics,Bluetooth Speaker,1,4327.52,20,3462.02
ORD102504,2024-04-10,CUST0073,New,West,Beauty,Face Serum,1,209.2,5,198.74
ORD100715,2024-04-10,CUST0338,Returning,East,Beauty,Sunscreen SPF50,1,571.72,10,514.55
ORD102691,2024-04-10,CUST0518,Returning,North,Sports,Football,1,1979.54,0,1979.54
ORD102897,2024-04-10,CUST0466,New,South,Apparel,Running Shoes,3,2068.05,0,6204.15
ORD101519,2024-04-10,CUST0040,Returning,West,Home & Kitchen,Non-stick Pan Set,1,1051.48,15,893.76
ORD102425,2024-04-10,CUST0322,Returning,West,Sports,Resistance Bands,2,1335.94,5,2538.29
ORD101795,2024-04-11,CUST0637,Returning,North,Apparel,Denim Jacket,1,1514.96,0,1514.96
ORD101809,2024-04-11,CUST0055,New,West,Apparel,Backpack,3,811.35,20,1947.24
ORD100913,2024-04-11,CUST0140,New,West,Beauty,Face Serum,1,778.97,10,701.07
ORD101903,2024-04-12,CUST0333,New,North,Sports,Dumbbell Set,3,1528.6,5,4356.51
ORD100640,2024-04-12,CUST0278,Returning,East,Apparel,Denim Jacket,1,1450.23,5,1377.72
ORD103398,2024-04-12,CUST0846,Loyal,West,Apparel,Cotton T-Shirt,1,959.36,0,959.36
ORD102435,2024-04-13,CUST0122,Returning,West,Electronics,Wireless Earbuds,2,1476.95,0,2953.9
ORD103603,2024-04-13,CUST0078,Returning,North,Sports,Dumbbell Set,4,927.01,10,3337.24
ORD102263,2024-04-13,CUST0558,New,Central,Sports,Football,1,2410.42,10,2169.38
ORD100968,2024-04-13,CUST0633,Returning,North,Electronics,Power Bank,1,1507.52,5,1432.14
ORD100107,2024-04-13,CUST0591,Loyal,Central,Sports,Resistance Bands,3,2098.77,0,6296.31
ORD103313,2024-04-13,CUST0259,Returning,South,Sports,Yoga Mat,2,2880.93,0,5761.86
ORD102444,2024-04-13,CUST0771,New,North,Beauty,Hair Dryer,1,944.8,5,897.56
ORD101982,2024-04-13,CUST0577,New,North,Beauty,Face Serum,1,1149.48,10,1034.53
ORD100645,2024-04-14,CUST0030,New,South,Home & Kitchen,Electric Kettle,2,1874.88,0,3749.76
ORD101571,2024-04-14,CUST0255,New,Central,Apparel,Running Shoes,2,709.67,15,1206.44
ORD103704,2024-04-14,CUST0183,New,South,Beauty,Hair Dryer,6,1111.11,0,6666.66
ORD100618,2024-04-15,CUST0270,Returning,Central,Apparel,Formal Shirt,1,318.47,20,254.78
ORD102454,2024-04-15,CUST0339,New,East,Apparel,Backpack,3,1485.85,0,4457.55
ORD102832,2024-04-15,CUST0817,Loyal,West,Sports,Cricket Bat,1,1832.2,10,1648.98
ORD100291,2024-04-15,CUST0784,New,South,Home & Kitchen,Mixer Grinder,2,3024.75,15,5142.07
ORD102455,2024-04-15,CUST0759,Loyal,North,Apparel,Cotton T-Shirt,1,1630.01,15,1385.51
ORD102272,2024-04-15,CUST0299,Returning,Central,Sports,Football,3,2151.37,10,5808.7
ORD100585,2024-04-16,CUST0617,New,East,Electronics,Laptop Stand,4,1572.86,0,6291.44
ORD103530,2024-04-16,CUST0249,Returning,West,Electronics,Bluetooth Speaker,1,2401.77,0,2401.77
ORD100023,2024-04-16,CUST0033,Returning,North,Sports,Dumbbell Set,3,411.9,0,1235.7
ORD101322,2024-04-16,CUST0831,Returning,East,Beauty,Face Serum,2,930.13,15,1581.22
ORD103773,2024-04-16,CUST0051,Returning,East,Home & Kitchen,Electric Kettle,2,1943.55,5,3692.74
ORD103015,2024-04-16,CUST0143,New,North,Apparel,Denim Jacket,1,698.78,20,559.02
ORD102876,2024-04-16,CUST0517,Returning,North,Apparel,Backpack,3,1153.19,0,3459.57
ORD103107,2024-04-17,CUST0542,Loyal,South,Beauty,Face Serum,2,965.83,10,1738.49
ORD103876,2024-04-17,CUST0034,Loyal,South,Sports,Yoga Mat,4,2439.23,10,8781.23
ORD103957,2024-04-17,CUST0645,Returning,West,Electronics,Laptop Stand,6,1866.35,20,8958.48
ORD103005,2024-04-17,CUST0166,Returning,West,Electronics,Smartwatch,1,3609.57,0,3609.57
ORD103799,2024-04-18,CUST0807,Returning,North,Apparel,Running Shoes,1,2004.72,15,1704.01
ORD103883,2024-04-19,CUST0699,Returning,East,Home & Kitchen,Electric Kettle,2,2717.16,0,5434.32
ORD101956,2024-04-19,CUST0558,Returning,South,Electronics,Bluetooth Speaker,2,2542.53,5,4830.81
ORD103283,2024-04-19,CUST0138,Loyal,Central,Beauty,Lip Balm Set,2,239.63,0,479.26
ORD102166,2024-04-19,CUST0248,Returning,Central,Home & Kitchen,Non-stick Pan Set,3,2099.32,0,6297.96
ORD102775,2024-04-19,CUST0295,Returning,South,Sports,Dumbbell Set,3,475.05,0,1425.15
ORD103892,2024-04-19,CUST0119,New,South,Sports,Resistance Bands,2,1309.26,0,2618.52
ORD103330,2024-04-20,CUST0671,New,North,Sports,Dumbbell Set,3,1274.21,0,3822.63
ORD100269,2024-04-20,CUST0038,New,Central,Sports,Yoga Mat,2,2676.17,0,5352.34
ORD100668,2024-04-21,CUST0751,Returning,West,Apparel,Backpack,3,1830.5,5,5216.93
ORD100430,2024-04-21,CUST0755,New,North,Home & Kitchen,Air Fryer,1,1894.33,20,1515.46
ORD100266,2024-04-21,CUST0141,Returning,South,Electronics,Wireless Earbuds,3,1261.96,20,3028.7
ORD101166,2024-04-21,CUST0128,New,West,Sports,Resistance Bands,4,308.34,20,986.69
ORD102841,2024-04-21,CUST0198,Loyal,North,Electronics,Laptop Stand,2,4291.49,0,8582.98
ORD103577,2024-04-21,CUST0817,Loyal,East,Home & Kitchen,Mixer Grinder,8,1325.71,0,10605.68
ORD102981,2024-04-21,CUST0009,New,North,Electronics,Bluetooth Speaker,3,2429.39,10,6559.35
ORD102713,2024-04-21,CUST0177,Returning,East,Beauty,Sunscreen SPF50,2,358.13,5,680.45
ORD101096,2024-04-22,CUST0635,New,North,Sports,Resistance Bands,3,2436.7,10,6579.09
ORD100829,2024-04-22,CUST0047,Returning,West,Electronics,Wireless Earbuds,2,968.63,10,1743.53
ORD103244,2024-04-22,CUST0534,Returning,Central,Electronics,Bluetooth Speaker,1,3645.74,0,3645.74
ORD103077,2024-04-22,CUST0843,Loyal,South,Beauty,Face Serum,2,158.2,5,300.58
ORD102394,2024-04-22,CUST0177,New,Central,Sports,Football,1,2814.39,10,2532.95
ORD100151,2024-04-22,CUST0134,Returning,West,Apparel,Running Shoes,1,826.82,0,826.82
ORD101914,2024-04-23,CUST0716,Returning,West,Apparel,Formal Shirt,1,1396.72,0,1396.72
ORD102971,2024-04-23,CUST0007,Returning,West,Home & Kitchen,Air Fryer,2,2576.78,0,5153.56
ORD103413,2024-04-23,CUST0148,Loyal,South,Beauty,Hair Dryer,1,262.04,0,262.04
ORD102957,2024-04-24,CUST0266,Returning,West,Sports,Cricket Bat,1,520.77,0,520.77
ORD103437,2024-04-24,CUST0787,Returning,East,Electronics,Power Bank,1,4197.78,10,3778.0
ORD102840,2024-04-24,CUST0097,Returning,South,Home & Kitchen,Mixer Grinder,1,438.99,0,438.99
ORD103589,2024-04-24,CUST0634,New,West,Electronics,Laptop Stand,3,3744.36,0,11233.08
ORD100580,2024-04-24,CUST0048,Returning,East,Electronics,Smartwatch,1,2297.14,5,2182.28
ORD101081,2024-04-24,CUST0215,Returning,North,Beauty,Hair Dryer,3,1100.46,10,2971.24
ORD103079,2024-04-25,CUST0709,New,Central,Electronics,Smartwatch,5,4462.44,10,20080.98
ORD103657,2024-04-25,CUST0286,Loyal,East,Sports,Resistance Bands,3,671.16,20,1610.78
ORD103021,2024-04-25,CUST0633,Returning,East,Home & Kitchen,Table Lamp,4,1392.01,0,5568.04
ORD101020,2024-04-25,CUST0694,New,North,Home & Kitchen,Table Lamp,2,2866.54,0,5733.08
ORD103527,2024-04-25,CUST0844,New,South,Electronics,Laptop Stand,1,912.79,0,912.79
ORD101522,2024-04-25,CUST0209,Returning,North,Apparel,Cotton T-Shirt,2,1270.97,0,2541.94
ORD100506,2024-04-25,CUST0506,Loyal,West,Electronics,Wireless Earbuds,1,3906.84,15,3320.81
ORD101930,2024-04-26,CUST0072,New,Central,Electronics,Bluetooth Speaker,2,2385.51,20,3816.82
ORD100061,2024-04-26,CUST0626,New,West,Apparel,Running Shoes,1,387.81,5,368.42
ORD103949,2024-04-27,CUST0651,Loyal,East,Beauty,Lip Balm Set,2,498.14,0,996.28
ORD100458,2024-04-27,CUST0585,Loyal,North,Beauty,Hair Dryer,3,1114.31,10,3008.64
ORD103256,2024-04-27,CUST0640,New,West,Home & Kitchen,Mixer Grinder,1,1726.52,5,1640.19
ORD100778,2024-04-28,CUST0607,Returning,West,Home & Kitchen,Air Fryer,4,2742.89,0,10971.56
ORD102378,2024-04-28,CUST0725,Returning,North,Sports,Resistance Bands,2,2332.54,20,3732.06
ORD103847,2024-04-29,CUST0810,Returning,South,Sports,Resistance Bands,3,937.46,0,2812.38
ORD101477,2024-04-29,CUST0064,New,West,Electronics,Smartwatch,1,4403.95,0,4403.95
ORD102486,2024-04-29,CUST0368,New,Central,Home & Kitchen,Air Fryer,2,2867.3,20,4587.68
ORD103349,2024-04-29,CUST0426,Returning,West,Sports,Resistance Bands,1,2415.15,0,2415.15
ORD103148,2024-04-29,CUST0308,New,North,Apparel,Formal Shirt,2,660.76,5,1255.44
ORD100366,2024-04-30,CUST0170,Loyal,West,Home & Kitchen,Table Lamp,1,2108.73,5,2003.29
ORD101916,2024-04-30,CUST0394,Loyal,East,Home & Kitchen,Mixer Grinder,1,1277.69,0,1277.69
ORD103784,2024-05-01,CUST0142,Loyal,South,Electronics,Smartwatch,3,2400.09,0,7200.27
ORD103617,2024-05-01,CUST0491,Returning,West,Sports,Resistance Bands,1,2033.41,15,1728.4
ORD100738,2024-05-02,CUST0615,Returning,East,Home & Kitchen,Table Lamp,1,1637.25,10,1473.53
ORD100153,2024-05-02,CUST0539,New,North,Sports,Cricket Bat,4,598.59,5,2274.64
ORD103686,2024-05-02,CUST0391,New,East,Apparel,Running Shoes,5,2118.43,10,9532.93
ORD101513,2024-05-02,CUST0790,Returning,South,Home & Kitchen,Air Fryer,1,1168.3,0,1168.3
ORD101431,2024-05-03,CUST0146,New,West,Home & Kitchen,Electric Kettle,4,1330.03,5,5054.11
ORD100826,2024-05-03,CUST0832,Returning,North,Beauty,Lip Balm Set,2,565.44,10,1017.79
ORD102891,2024-05-04,CUST0622,Returning,South,Apparel,Formal Shirt,1,1012.62,10,911.36
ORD100121,2024-05-04,CUST0485,Returning,North,Sports,Football,1,370.03,15,314.53
ORD102078,2024-05-04,CUST0566,Loyal,South,Beauty,Lip Balm Set,4,1052.16,15,3577.34
ORD102092,2024-05-04,CUST0549,Loyal,South,Beauty,Face Serum,2,1233.23,0,2466.46
ORD100578,2024-05-04,CUST0580,New,West,Sports,Dumbbell Set,1,687.86,10,619.07
ORD100856,2024-05-04,CUST0585,New,East,Electronics,Wireless Earbuds,1,3431.9,20,2745.52
ORD101199,2024-05-05,CUST0826,New,South,Apparel,Formal Shirt,1,976.46,0,976.46
ORD102593,2024-05-05,CUST0735,New,West,Electronics,Power Bank,3,1762.55,20,4230.12
ORD100389,2024-05-05,CUST0013,Returning,North,Beauty,Lip Balm Set,1,951.81,10,856.63
ORD102825,2024-05-06,CUST0432,New,North,Beauty,Lip Balm Set,2,363.85,10,654.93
ORD101256,2024-05-06,CUST0828,New,East,Electronics,Smartwatch,2,1929.06,5,3665.21
ORD101466,2024-05-07,CUST0297,Returning,West,Home & Kitchen,Table Lamp,1,1733.24,0,1733.24
ORD100089,2024-05-07,CUST0709,New,South,Beauty,Lip Balm Set,5,547.22,5,2599.3
ORD103832,2024-05-07,CUST0480,Returning,West,Electronics,Bluetooth Speaker,1,1522.62,0,1522.62
ORD103707,2024-05-07,CUST0774,Loyal,West,Sports,Cricket Bat,1,1426.54,0,1426.54
ORD103428,2024-05-08,CUST0006,New,Central,Sports,Dumbbell Set,4,827.27,20,2647.26
ORD100300,2024-05-08,CUST0576,New,West,Home & Kitchen,Electric Kettle,1,1696.47,0,1696.47
ORD102814,2024-05-08,CUST0588,Loyal,North,Sports,Yoga Mat,1,1714.76,20,1371.81
ORD102976,2024-05-09,CUST0768,New,North,Sports,Cricket Bat,4,827.66,5,3145.11
ORD101488,2024-05-09,CUST0114,New,East,Sports,Resistance Bands,4,405.78,15,1379.65
ORD103654,2024-05-10,CUST0773,Returning,East,Electronics,Power Bank,1,1863.94,0,1863.94
ORD100809,2024-05-10,CUST0561,Returning,East,Sports,Dumbbell Set,1,2981.34,0,2981.34
ORD103741,2024-05-10,CUST0364,Loyal,South,Sports,Resistance Bands,2,434.48,0,868.96
ORD100207,2024-05-10,CUST0192,Returning,South,Home & Kitchen,Electric Kettle,1,1073.58,5,1019.9
ORD102219,2024-05-10,CUST0351,Returning,North,Apparel,Backpack,1,1150.12,0,1150.12
ORD103338,2024-05-11,CUST0238,Returning,East,Apparel,Backpack,2,636.96,5,1210.22
ORD102657,2024-05-11,CUST0420,New,East,Apparel,Denim Jacket,4,1392.35,0,5569.4
ORD103518,2024-05-11,CUST0246,New,Central,Sports,Football,4,1029.99,20,3295.97
ORD100407,2024-05-11,CUST0751,Returning,East,Beauty,Hair Dryer,2,1193.03,0,2386.06
ORD100830,2024-05-12,CUST0100,New,North,Home & Kitchen,Air Fryer,5,1260.54,20,5042.16
ORD102262,2024-05-12,CUST0347,Returning,North,Electronics,Laptop Stand,4,2046.39,0,8185.56
ORD103468,2024-05-12,CUST0716,Loyal,East,Home & Kitchen,Mixer Grinder,2,2341.56,10,4214.81
ORD102637,2024-05-13,CUST0038,Returning,South,Beauty,Perfume,3,1023.81,5,2917.86
ORD100150,2024-05-13,CUST0222,Loyal,North,Home & Kitchen,Table Lamp,2,1951.78,10,3513.2
ORD101631,2024-05-13,CUST0240,Returning,East,Apparel,Denim Jacket,2,1062.19,0,2124.38
ORD101986,2024-05-13,CUST0457,New,North,Home & Kitchen,Air Fryer,1,923.01,0,923.01
ORD100090,2024-05-13,CUST0564,Returning,South,Apparel,Backpack,1,953.14,15,810.17
ORD103743,2024-05-13,CUST0513,New,East,Home & Kitchen,Table Lamp,1,1670.59,15,1420.0
ORD103432,2024-05-13,CUST0064,Returning,East,Home & Kitchen,Electric Kettle,1,1764.2,10,1587.78
ORD101656,2024-05-14,CUST0624,New,South,Sports,Resistance Bands,2,1275.19,0,2550.38
ORD101660,2024-05-14,CUST0765,New,East,Electronics,Bluetooth Speaker,1,4267.72,0,4267.72
ORD102473,2024-05-14,CUST0802,New,East,Electronics,Laptop Stand,2,2637.32,5,5010.91
ORD102140,2024-05-15,CUST0509,Loyal,East,Sports,Resistance Bands,3,2785.03,15,7101.83
ORD100933,2024-05-15,CUST0313,Returning,East,Home & Kitchen,Non-stick Pan Set,3,2949.09,0,8847.27
ORD103535,2024-05-15,CUST0516,Loyal,South,Electronics,Laptop Stand,1,3076.78,10,2769.1
ORD100129,2024-05-15,CUST0625,Returning,East,Sports,Football,2,717.46,0,1434.92
ORD102545,2024-05-15,CUST0156,Returning,East,Electronics,Laptop Stand,1,1811.8,0,1811.8
ORD102327,2024-05-15,CUST0126,Returning,North,Sports,Resistance Bands,3,1097.17,5,3126.93
ORD103716,2024-05-15,CUST0380,Returning,East,Home & Kitchen,Air Fryer,2,821.51,0,1643.02
ORD101500,2024-05-15,CUST0079,Returning,East,Apparel,Running Shoes,5,532.52,0,2662.6
ORD102626,2024-05-16,CUST0283,New,East,Electronics,Wireless Earbuds,3,3361.23,5,9579.51
ORD101702,2024-05-16,CUST0094,Loyal,North,Home & Kitchen,Mixer Grinder,1,1144.14,0,1144.14
ORD101689,2024-05-16,CUST0265,Returning,South,Apparel,Denim Jacket,4,1796.01,15,6106.43
ORD102317,2024-05-16,CUST0025,New,East,Beauty,Hair Dryer,1,896.21,0,896.21
ORD103000,2024-05-16,CUST0340,Loyal,North,Apparel,Cotton T-Shirt,1,2021.15,20,1616.92
ORD103618,2024-05-17,CUST0664,Returning,North,Beauty,Perfume,1,949.89,0,949.89
ORD103841,2024-05-17,CUST0531,Returning,East,Apparel,Cotton T-Shirt,4,1386.62,0,5546.48
ORD102059,2024-05-17,CUST0511,New,South,Home & Kitchen,Air Fryer,1,3031.83,0,3031.83
ORD102585,2024-05-17,CUST0081,New,Central,Apparel,Running Shoes,4,1610.1,0,6440.4
ORD100408,2024-05-17,CUST0711,New,Central,Home & Kitchen,Air Fryer,3,1916.33,15,4886.64
ORD103732,2024-05-17,CUST0081,Returning,Central,Apparel,Backpack,3,1866.5,0,5599.5
ORD103986,2024-05-18,CUST0688,Returning,North,Electronics,Power Bank,5,3943.35,0,19716.75
ORD103035,2024-05-18,CUST0475,New,East,Apparel,Running Shoes,2,604.61,20,967.38
ORD103449,2024-05-18,CUST0715,Returning,East,Sports,Resistance Bands,2,2652.68,15,4509.56
ORD103065,2024-05-18,CUST0838,Returning,South,Home & Kitchen,Air Fryer,4,2264.44,0,9057.76
ORD101802,2024-05-18,CUST0712,New,West,Sports,Dumbbell Set,3,1609.86,20,3863.66
ORD100956,2024-05-19,CUST0661,Returning,South,Apparel,Running Shoes,1,1860.59,0,1860.59
ORD100035,2024-05-19,CUST0536,New,North,Sports,Resistance Bands,2,2057.78,10,3704.0
ORD102779,2024-05-19,CUST0176,Returning,East,Sports,Cricket Bat,1,1133.38,0,1133.38
ORD102612,2024-05-19,CUST0676,Loyal,West,Apparel,Running Shoes,3,969.27,20,2326.25
ORD103341,2024-05-19,CUST0485,Returning,East,Sports,Yoga Mat,1,1075.4,0,1075.4
ORD102745,2024-05-20,CUST0734,Returning,South,Sports,Cricket Bat,2,2269.67,0,4539.34
ORD103420,2024-05-20,CUST0599,Returning,North,Beauty,Perfume,2,575.69,0,1151.38
ORD101184,2024-05-20,CUST0029,Loyal,North,Home & Kitchen,Mixer Grinder,1,2166.67,15,1841.67
ORD100852,2024-05-20,CUST0588,New,South,Home & Kitchen,Electric Kettle,2,2996.94,0,5993.88
ORD103493,2024-05-21,CUST0410,Returning,West,Sports,Resistance Bands,4,1026.29,5,3899.9
ORD100365,2024-05-21,CUST0121,New,South,Apparel,Cotton T-Shirt,1,1851.78,5,1759.19
ORD102120,2024-05-22,CUST0107,Returning,North,Electronics,Bluetooth Speaker,1,2948.45,20,2358.76
ORD103973,2024-05-23,CUST0284,New,Central,Sports,Yoga Mat,2,2819.2,0,5638.4
ORD102227,2024-05-23,CUST0584,New,East,Home & Kitchen,Electric Kettle,1,2562.44,0,2562.44
ORD100619,2024-05-23,CUST0183,Returning,South,Apparel,Cotton T-Shirt,4,949.79,10,3419.24
ORD101777,2024-05-24,CUST0127,Loyal,North,Apparel,Cotton T-Shirt,1,566.84,5,538.5
ORD100682,2024-05-24,CUST0654,Returning,East,Sports,Dumbbell Set,4,2301.8,20,7365.76
ORD102347,2024-05-24,CUST0442,New,West,Home & Kitchen,Table Lamp,1,1222.11,0,1222.11
ORD102426,2024-05-24,CUST0058,Returning,North,Beauty,Sunscreen SPF50,5,592.33,10,2665.49
ORD103141,2024-05-24,CUST0003,New,Central,Sports,Yoga Mat,3,1602.72,5,4567.75
ORD103106,2024-05-24,CUST0131,Returning,North,Sports,Cricket Bat,1,1380.56,0,1380.56
ORD101175,2024-05-24,CUST0801,Loyal,East,Apparel,Denim Jacket,1,682.66,20,546.13
ORD102661,2024-05-25,CUST0133,Loyal,Central,Home & Kitchen,Air Fryer,1,2528.7,5,2402.26
ORD103380,2024-05-25,CUST0085,Loyal,South,Home & Kitchen,Air Fryer,1,613.18,0,613.18
ORD100427,2024-05-25,CUST0801,Returning,Central,Sports,Yoga Mat,1,1237.56,10,1113.8
ORD100472,2024-05-25,CUST0844,New,North,Electronics,Power Bank,2,1616.8,0,3233.6
ORD100622,2024-05-26,CUST0680,New,North,Sports,Cricket Bat,2,2780.52,15,4726.88
ORD101860,2024-05-27,CUST0230,Loyal,East,Apparel,Formal Shirt,5,1163.02,0,5815.1
ORD101478,2024-05-27,CUST0647,New,West,Electronics,Wireless Earbuds,1,3648.07,10,3283.26
ORD101091,2024-05-27,CUST0342,Loyal,East,Home & Kitchen,Air Fryer,1,2731.05,20,2184.84
ORD101501,2024-05-27,CUST0226,Returning,East,Sports,Dumbbell Set,1,1231.64,20,985.31
ORD102892,2024-05-27,CUST0152,New,Central,Apparel,Backpack,3,1068.4,5,3044.94
ORD100152,2024-05-28,CUST0808,New,West,Home & Kitchen,Air Fryer,3,441.61,20,1059.86
ORD100818,2024-05-28,CUST0681,New,Central,Beauty,Face Serum,1,1014.45,0,1014.45
ORD103018,2024-05-29,CUST0261,Returning,Central,Home & Kitchen,Non-stick Pan Set,2,1061.55,20,1698.48
ORD102439,2024-05-29,CUST0016,Loyal,East,Sports,Resistance Bands,1,266.83,10,240.15
ORD103045,2024-05-29,CUST0829,Loyal,North,Sports,Cricket Bat,1,2501.67,5,2376.59
ORD102143,2024-05-29,CUST0579,Returning,North,Apparel,Backpack,2,1899.63,10,3419.33
ORD103115,2024-05-30,CUST0783,New,North,Sports,Dumbbell Set,1,1701.67,0,1701.67
ORD101974,2024-05-31,CUST0466,Returning,North,Sports,Yoga Mat,3,2217.92,0,6653.76
ORD102768,2024-05-31,CUST0352,New,East,Home & Kitchen,Table Lamp,2,1755.05,15,2983.59
ORD100076,2024-05-31,CUST0230,Returning,North,Electronics,Power Bank,2,4499.67,0,8999.34
ORD101943,2024-05-31,CUST0342,New,North,Home & Kitchen,Table Lamp,1,2722.84,20,2178.27
ORD102184,2024-06-01,CUST0641,Loyal,Central,Sports,Yoga Mat,1,2280.89,0,2280.89
ORD103476,2024-06-02,CUST0576,Loyal,Central,Sports,Cricket Bat,2,1898.33,0,3796.66
ORD100737,2024-06-02,CUST0506,Returning,East,Electronics,Power Bank,2,3806.84,10,6852.31
ORD102987,2024-06-03,CUST0164,Loyal,East,Apparel,Formal Shirt,1,1939.75,5,1842.76
ORD102091,2024-06-04,CUST0461,New,North,Beauty,Hair Dryer,4,449.43,20,1438.18
ORD103660,2024-06-04,CUST0187,Loyal,Central,Beauty,Lip Balm Set,2,293.5,15,498.95
ORD103334,2024-06-04,CUST0513,New,West,Apparel,Formal Shirt,1,711.5,0,711.5
ORD103291,2024-06-05,CUST0558,New,West,Beauty,Sunscreen SPF50,2,1003.46,0,2006.92
ORD102542,2024-06-05,CUST0798,New,North,Home & Kitchen,Table Lamp,4,3051.67,15,10375.68
ORD102576,2024-06-05,CUST0314,Returning,South,Apparel,Cotton T-Shirt,2,2161.42,15,3674.41
ORD103230,2024-06-06,CUST0071,Loyal,North,Apparel,Cotton T-Shirt,2,1936.99,0,3873.98
ORD102827,2024-06-06,CUST0639,Returning,West,Apparel,Cotton T-Shirt,1,445.43,0,445.43
ORD102211,2024-06-06,CUST0850,Returning,North,Electronics,Bluetooth Speaker,3,4286.4,0,12859.2
ORD102461,2024-06-07,CUST0541,Returning,West,Sports,Football,3,1420.36,10,3834.97
ORD101939,2024-06-08,CUST0463,New,South,Apparel,Running Shoes,2,526.42,0,1052.84
ORD100264,2024-06-09,CUST0279,Returning,North,Beauty,Sunscreen SPF50,2,1409.58,15,2396.29
ORD101693,2024-06-10,CUST0266,Returning,West,Home & Kitchen,Air Fryer,3,815.42,0,2446.26
ORD103128,2024-06-11,CUST0677,Loyal,South,Electronics,Smartwatch,1,3263.93,5,3100.73
ORD101650,2024-06-12,CUST0476,Returning,West,Home & Kitchen,Table Lamp,4,1673.97,0,6695.88
ORD102112,2024-06-12,CUST0373,Loyal,South,Beauty,Sunscreen SPF50,1,1474.77,10,1327.29
ORD101842,2024-06-12,CUST0755,Loyal,West,Beauty,Perfume,4,568.15,15,1931.71
ORD103696,2024-06-12,CUST0658,New,South,Beauty,Face Serum,3,1095.38,20,2628.91
ORD101332,2024-06-12,CUST0095,New,South,Sports,Resistance Bands,2,2811.49,0,5622.98
ORD102185,2024-06-13,CUST0199,Returning,Central,Home & Kitchen,Table Lamp,3,3006.52,10,8117.6
ORD102685,2024-06-13,CUST0135,New,North,Beauty,Sunscreen SPF50,4,1117.6,20,3576.32
ORD102906,2024-06-13,CUST0148,Loyal,West,Apparel,Formal Shirt,2,880.38,0,1760.76
ORD100398,2024-06-14,CUST0790,Returning,North,Home & Kitchen,Electric Kettle,1,1152.54,0,1152.54
ORD101521,2024-06-14,CUST0046,Loyal,West,Apparel,Cotton T-Shirt,4,971.34,15,3302.56
ORD103757,2024-06-14,CUST0706,New,Central,Home & Kitchen,Table Lamp,1,2961.24,0,2961.24
ORD102389,2024-06-15,CUST0719,Returning,Central,Electronics,Laptop Stand,1,1746.76,15,1484.75
ORD103260,2024-06-15,CUST0080,New,South,Electronics,Power Bank,1,1629.09,10,1466.18
ORD102356,2024-06-15,CUST0127,Loyal,North,Electronics,Smartwatch,3,4248.67,5,12108.71
ORD101084,2024-06-15,CUST0695,Returning,Central,Sports,Dumbbell Set,1,1004.4,20,803.52
ORD100983,2024-06-16,CUST0453,Loyal,South,Home & Kitchen,Mixer Grinder,3,2996.18,0,8988.54
ORD103731,2024-06-16,CUST0754,Returning,West,Beauty,Face Serum,2,256.22,0,512.44
ORD100872,2024-06-16,CUST0362,New,South,Home & Kitchen,Mixer Grinder,1,2767.44,0,2767.44
ORD100576,2024-06-17,CUST0791,Returning,East,Sports,Resistance Bands,2,1256.0,0,2512.0
ORD101726,2024-06-17,CUST0070,Returning,West,Sports,Resistance Bands,2,636.29,20,1018.06
ORD100798,2024-06-17,CUST0829,Returning,East,Electronics,Power Bank,2,3262.75,0,6525.5
ORD100966,2024-06-17,CUST0377,Returning,West,Home & Kitchen,Table Lamp,4,956.26,5,3633.79
ORD101385,2024-06-17,CUST0106,New,North,Electronics,Bluetooth Speaker,1,983.31,10,884.98
ORD100481,2024-06-18,CUST0822,Returning,North,Apparel,Running Shoes,1,2009.41,20,1607.53
ORD101127,2024-06-18,CUST0842,New,South,Electronics,Bluetooth Speaker,2,4488.63,5,8528.4
ORD100052,2024-06-18,CUST0354,New,Central,Home & Kitchen,Table Lamp,3,703.53,5,2005.06
ORD101923,2024-06-18,CUST0081,New,South,Home & Kitchen,Non-stick Pan Set,1,2203.17,5,2093.01
ORD102669,2024-06-18,CUST0227,New,South,Apparel,Backpack,5,921.79,5,4378.5
ORD100276,2024-06-18,CUST0741,New,South,Beauty,Sunscreen SPF50,1,594.99,10,535.49
ORD102458,2024-06-19,CUST0705,Returning,North,Apparel,Formal Shirt,1,1856.95,0,1856.95
ORD101806,2024-06-19,CUST0328,New,South,Apparel,Denim Jacket,2,2058.46,0,4116.92
ORD103478,2024-06-19,CUST0384,New,West,Sports,Cricket Bat,1,1800.79,0,1800.79
ORD103779,2024-06-20,CUST0462,Loyal,West,Electronics,Power Bank,1,4091.07,0,4091.07
ORD102430,2024-06-20,CUST0373,Loyal,West,Home & Kitchen,Air Fryer,1,1281.29,20,1025.03
ORD102621,2024-06-21,CUST0157,Loyal,North,Home & Kitchen,Non-stick Pan Set,2,1006.73,15,1711.44
ORD101510,2024-06-21,CUST0438,New,West,Sports,Dumbbell Set,2,2530.41,5,4807.78
ORD101994,2024-06-21,CUST0029,New,West,Beauty,Face Serum,4,582.66,5,2214.11
ORD100012,2024-06-22,CUST0522,New,Central,Sports,Football,4,853.13,0,3412.52
ORD103310,2024-06-22,CUST0834,New,East,Electronics,Bluetooth Speaker,3,4238.26,20,10171.82
ORD103149,2024-06-23,CUST0443,Loyal,Central,Electronics,Laptop Stand,1,3643.51,20,2914.81
ORD102249,2024-06-23,CUST0204,Returning,Central,Electronics,Power Bank,1,1846.08,0,1846.08
ORD100582,2024-06-23,CUST0670,New,East,Sports,Resistance Bands,1,1290.93,10,1161.84
ORD103861,2024-06-24,CUST0839,Returning,Central,Apparel,Formal Shirt,1,643.64,15,547.09
ORD102658,2024-06-24,CUST0150,Loyal,West,Electronics,Laptop Stand,1,3418.59,0,3418.59
ORD100981,2024-06-24,CUST0783,New,South,Sports,Cricket Bat,2,2276.39,5,4325.14
ORD103521,2024-06-24,CUST0041,Returning,Central,Sports,Dumbbell Set,4,603.47,0,2413.88
ORD101413,2024-06-24,CUST0598,New,West,Apparel,Backpack,3,1627.46,0,4882.38
ORD100042,2024-06-24,CUST0434,Loyal,North,Sports,Football,2,389.7,15,662.49
ORD101376,2024-06-25,CUST0016,New,West,Apparel,Formal Shirt,5,2027.21,0,10136.05
ORD101688,2024-06-25,CUST0771,New,East,Electronics,Bluetooth Speaker,2,4137.1,5,7860.49
ORD100592,2024-06-25,CUST0395,Returning,Central,Home & Kitchen,Electric Kettle,1,592.76,5,563.12
ORD101709,2024-06-25,CUST0451,Returning,South,Sports,Dumbbell Set,3,1633.42,15,4165.22
ORD100260,2024-06-25,CUST0305,New,North,Sports,Football,1,1784.74,0,1784.74
ORD103623,2024-06-26,CUST0632,New,North,Apparel,Denim Jacket,1,1450.47,0,1450.47
ORD102268,2024-06-26,CUST0075,New,North,Beauty,Perfume,1,1029.26,0,1029.26
ORD100238,2024-06-26,CUST0559,Returning,South,Home & Kitchen,Table Lamp,2,1794.51,15,3050.67
ORD103181,2024-06-27,CUST0697,Returning,Central,Electronics,Power Bank,1,2215.32,0,2215.32
ORD103365,2024-06-27,CUST0039,Loyal,Central,Electronics,Wireless Earbuds,2,2677.05,0,5354.1
ORD100450,2024-06-27,CUST0503,New,North,Apparel,Denim Jacket,3,1386.36,20,3327.26
ORD102829,2024-06-27,CUST0002,New,Central,Electronics,Bluetooth Speaker,5,3309.4,10,14892.3
ORD102320,2024-06-28,CUST0146,Loyal,South,Beauty,Sunscreen SPF50,1,1421.89,0,1421.89
ORD102743,2024-06-29,CUST0120,Returning,East,Home & Kitchen,Air Fryer,2,1644.87,5,3125.25
ORD102160,2024-06-29,CUST0600,Returning,Central,Sports,Resistance Bands,1,2727.51,10,2454.76
ORD102014,2024-06-30,CUST0781,New,West,Sports,Cricket Bat,2,1772.7,0,3545.4
ORD100721,2024-06-30,CUST0368,Returning,East,Sports,Resistance Bands,3,885.01,0,2655.03
ORD100008,2024-06-30,CUST0389,Returning,East,Electronics,Laptop Stand,2,1781.32,5,3384.51
ORD100946,2024-06-30,CUST0154,Returning,North,Apparel,Running Shoes,2,1071.15,0,2142.3
ORD103814,2024-07-01,CUST0405,New,East,Beauty,Sunscreen SPF50,4,599.22,0,2396.88
ORD101311,2024-07-01,CUST0524,New,North,Sports,Yoga Mat,2,1747.77,0,3495.54
ORD101023,2024-07-01,CUST0819,New,East,Home & Kitchen,Table Lamp,3,541.18,5,1542.36
ORD102052,2024-07-01,CUST0404,New,West,Home & Kitchen,Non-stick Pan Set,1,2127.25,0,2127.25
ORD102138,2024-07-02,CUST0819,New,North,Apparel,Backpack,4,1937.8,10,6976.08
ORD103564,2024-07-02,CUST0362,Returning,West,Sports,Dumbbell Set,2,2604.41,15,4427.5
ORD103054,2024-07-02,CUST0618,New,South,Home & Kitchen,Air Fryer,2,1299.6,10,2339.28
ORD100996,2024-07-03,CUST0191,Returning,South,Sports,Resistance Bands,3,2480.23,10,6696.62
ORD102588,2024-07-03,CUST0278,New,South,Apparel,Running Shoes,1,1004.37,5,954.15
ORD103009,2024-07-03,CUST0101,Returning,North,Electronics,Laptop Stand,5,3139.68,20,12558.72
ORD103014,2024-07-04,CUST0363,New,North,Apparel,Running Shoes,2,1639.79,0,3279.58
ORD101626,2024-07-04,CUST0119,New,West,Electronics,Laptop Stand,2,2583.68,0,5167.36
ORD100467,2024-07-04,CUST0504,Returning,South,Apparel,Cotton T-Shirt,3,890.8,20,2137.92
ORD103237,2024-07-05,CUST0488,Returning,East,Sports,Yoga Mat,2,432.09,10,777.76
ORD102125,2024-07-05,CUST0620,New,West,Home & Kitchen,Table Lamp,1,1576.63,15,1340.14
ORD101244,2024-07-05,CUST0430,Returning,East,Home & Kitchen,Electric Kettle,1,1832.0,0,1832.0
ORD101716,2024-07-05,CUST0314,Loyal,East,Home & Kitchen,Electric Kettle,3,1250.13,0,3750.39
ORD101269,2024-07-05,CUST0445,Returning,East,Electronics,Power Bank,3,1403.55,15,3579.05
ORD100009,2024-07-06,CUST0842,Loyal,West,Sports,Dumbbell Set,2,2384.0,0,4768.0
ORD103845,2024-07-06,CUST0321,Returning,East,Sports,Yoga Mat,2,1892.8,10,3407.04
ORD102379,2024-07-06,CUST0804,Returning,South,Sports,Yoga Mat,1,2196.25,0,2196.25
ORD102016,2024-07-06,CUST0625,Loyal,North,Beauty,Face Serum,3,448.31,5,1277.68
ORD103469,2024-07-06,CUST0456,New,West,Apparel,Cotton T-Shirt,3,1060.38,15,2703.97
ORD100859,2024-07-06,CUST0344,New,East,Sports,Resistance Bands,1,2132.83,10,1919.55
ORD102048,2024-07-06,CUST0414,Returning,East,Electronics,Wireless Earbuds,1,2236.56,5,2124.73
ORD100724,2024-07-06,CUST0182,Loyal,West,Beauty,Sunscreen SPF50,1,1173.0,0,1173.0
ORD101359,2024-07-06,CUST0730,New,North,Apparel,Running Shoes,4,1069.63,0,4278.52
ORD101886,2024-07-07,CUST0417,Returning,South,Beauty,Hair Dryer,2,1491.43,5,2833.72
ORD103685,2024-07-07,CUST0236,New,North,Beauty,Sunscreen SPF50,2,848.48,10,1527.26
ORD103772,2024-07-08,CUST0354,Returning,West,Beauty,Perfume,1,1156.77,0,1156.77
ORD101493,2024-07-08,CUST0490,Returning,North,Electronics,Wireless Earbuds,2,3241.21,5,6158.3
ORD101907,2024-07-08,CUST0563,New,North,Apparel,Running Shoes,2,876.69,20,1402.7
ORD101708,2024-07-08,CUST0307,Returning,South,Beauty,Sunscreen SPF50,6,533.07,15,2718.66
ORD103134,2024-07-08,CUST0132,Returning,North,Beauty,Lip Balm Set,1,871.64,20,697.31
ORD102705,2024-07-08,CUST0387,New,West,Beauty,Face Serum,3,655.16,15,1670.66
ORD103343,2024-07-08,CUST0595,Returning,West,Beauty,Lip Balm Set,5,606.39,10,2728.76
ORD102838,2024-07-08,CUST0067,New,South,Electronics,Smartwatch,1,2713.96,10,2442.56
ORD101590,2024-07-09,CUST0298,New,East,Sports,Cricket Bat,1,2038.11,0,2038.11
ORD103312,2024-07-09,CUST0549,New,West,Apparel,Denim Jacket,4,567.3,10,2042.28
ORD100709,2024-07-09,CUST0390,Loyal,North,Apparel,Cotton T-Shirt,5,1533.88,0,7669.4
ORD100654,2024-07-10,CUST0140,Returning,West,Apparel,Backpack,2,1921.62,0,3843.24
ORD103691,2024-07-11,CUST0433,Returning,North,Beauty,Face Serum,5,1370.81,20,5483.24
ORD101574,2024-07-11,CUST0087,New,East,Electronics,Power Bank,3,3565.89,0,10697.67
ORD103105,2024-07-11,CUST0511,New,North,Sports,Resistance Bands,4,2221.34,5,8441.09
ORD101662,2024-07-12,CUST0274,Returning,North,Electronics,Power Bank,1,3265.97,0,3265.97
ORD101843,2024-07-12,CUST0837,Returning,South,Beauty,Face Serum,1,525.42,0,525.42
ORD100986,2024-07-12,CUST0585,Loyal,North,Sports,Resistance Bands,2,261.35,20,418.16
ORD103397,2024-07-12,CUST0119,Returning,West,Electronics,Wireless Earbuds,4,2528.54,20,8091.33
ORD101951,2024-07-13,CUST0221,Returning,West,Apparel,Cotton T-Shirt,3,1689.72,0,5069.16
ORD101247,2024-07-13,CUST0388,New,North,Home & Kitchen,Non-stick Pan Set,4,3142.56,0,12570.24
ORD102442,2024-07-13,CUST0654,Returning,Central,Beauty,Sunscreen SPF50,1,505.21,0,505.21
ORD100262,2024-07-14,CUST0839,Returning,East,Apparel,Cotton T-Shirt,1,2001.94,5,1901.84
ORD102415,2024-07-14,CUST0496,Loyal,South,Electronics,Laptop Stand,2,2592.17,15,4406.69
ORD100720,2024-07-14,CUST0632,New,North,Home & Kitchen,Non-stick Pan Set,3,2534.85,10,6844.09
ORD101279,2024-07-14,CUST0390,Returning,South,Home & Kitchen,Non-stick Pan Set,2,654.62,0,1309.24
ORD102429,2024-07-15,CUST0447,Returning,South,Sports,Resistance Bands,2,387.51,20,620.02
ORD103607,2024-07-15,CUST0662,Loyal,North,Apparel,Cotton T-Shirt,2,311.17,20,497.87
ORD102277,2024-07-16,CUST0507,New,Central,Beauty,Face Serum,1,997.56,5,947.68
ORD100135,2024-07-16,CUST0764,Returning,West,Electronics,Laptop Stand,2,4404.97,10,7928.95
ORD101408,2024-07-16,CUST0049,Returning,South,Apparel,Denim Jacket,1,895.03,10,805.53
ORD100744,2024-07-16,CUST0112,New,South,Apparel,Backpack,1,697.2,0,697.2
ORD101126,2024-07-16,CUST0557,Loyal,Central,Home & Kitchen,Table Lamp,2,2506.67,15,4261.34
ORD102497,2024-07-17,CUST0482,Loyal,North,Electronics,Power Bank,1,1902.41,20,1521.93
ORD101690,2024-07-17,CUST0380,New,West,Sports,Yoga Mat,1,1043.18,0,1043.18
ORD100297,2024-07-17,CUST0696,Loyal,Central,Electronics,Laptop Stand,1,4181.68,15,3554.43
ORD103354,2024-07-17,CUST0803,Loyal,North,Sports,Dumbbell Set,3,2942.38,5,8385.78
ORD102370,2024-07-18,CUST0026,Returning,North,Beauty,Hair Dryer,3,304.18,0,912.54
ORD100602,2024-07-18,CUST0573,Returning,South,Beauty,Sunscreen SPF50,1,801.33,0,801.33
ORD102572,2024-07-19,CUST0208,New,South,Electronics,Laptop Stand,1,2942.96,20,2354.37
ORD102954,2024-07-19,CUST0828,Loyal,North,Beauty,Lip Balm Set,1,812.29,20,649.83
ORD100088,2024-07-19,CUST0501,New,East,Sports,Yoga Mat,5,913.73,5,4340.22
ORD100118,2024-07-19,CUST0744,Returning,Central,Beauty,Hair Dryer,2,1257.74,0,2515.48
ORD100689,2024-07-19,CUST0472,Loyal,East,Sports,Resistance Bands,2,675.47,0,1350.94
ORD101195,2024-07-20,CUST0104,New,North,Electronics,Bluetooth Speaker,3,2646.7,20,6352.08
ORD100613,2024-07-20,CUST0268,Returning,Central,Home & Kitchen,Table Lamp,1,1531.08,0,1531.08
ORD100814,2024-07-20,CUST0392,Returning,North,Beauty,Hair Dryer,2,524.34,0,1048.68
ORD100043,2024-07-20,CUST0760,New,South,Electronics,Wireless Earbuds,1,4427.27,0,4427.27
ORD102517,2024-07-20,CUST0407,Returning,South,Electronics,Power Bank,1,2168.78,0,2168.78
ORD100572,2024-07-20,CUST0368,New,West,Apparel,Running Shoes,1,1211.91,5,1151.31
ORD101599,2024-07-21,CUST0094,New,North,Sports,Football,1,887.54,0,887.54
ORD103823,2024-07-21,CUST0689,Returning,West,Apparel,Cotton T-Shirt,1,613.9,0,613.9
ORD103560,2024-07-21,CUST0695,Loyal,Central,Apparel,Formal Shirt,2,998.21,5,1896.6
ORD100893,2024-07-21,CUST0265,New,East,Beauty,Face Serum,1,798.66,5,758.73
ORD103727,2024-07-22,CUST0763,New,South,Electronics,Power Bank,2,2722.47,0,5444.94
ORD101908,2024-07-22,CUST0164,Returning,East,Home & Kitchen,Non-stick Pan Set,2,1612.0,20,2579.2
ORD103210,2024-07-22,CUST0604,Loyal,North,Sports,Yoga Mat,3,1641.74,0,4925.22
ORD103703,2024-07-23,CUST0591,Returning,East,Apparel,Cotton T-Shirt,5,1076.2,15,4573.85
ORD103083,2024-07-23,CUST0759,Returning,West,Home & Kitchen,Air Fryer,2,2342.47,20,3747.95
ORD101421,2024-07-23,CUST0151,Loyal,West,Beauty,Sunscreen SPF50,2,929.28,0,1858.56
ORD102029,2024-07-24,CUST0095,New,South,Home & Kitchen,Non-stick Pan Set,1,586.98,20,469.58
ORD103146,2024-07-24,CUST0623,New,East,Electronics,Power Bank,3,2310.27,0,6930.81
ORD100165,2024-07-24,CUST0637,Loyal,West,Sports,Dumbbell Set,4,2930.0,20,9376.0
ORD103458,2024-07-24,CUST0641,Loyal,West,Sports,Cricket Bat,2,309.62,5,588.28
ORD102988,2024-07-24,CUST0577,Loyal,Central,Beauty,Lip Balm Set,4,157.19,0,628.76
ORD100086,2024-07-25,CUST0030,Returning,West,Beauty,Sunscreen SPF50,2,1052.05,0,2104.1
ORD102925,2024-07-25,CUST0319,New,North,Electronics,Smartwatch,2,3449.64,0,6899.28
ORD101152,2024-07-25,CUST0548,Returning,West,Home & Kitchen,Non-stick Pan Set,1,896.26,0,896.26
ORD102134,2024-07-26,CUST0601,Returning,West,Home & Kitchen,Mixer Grinder,6,2535.37,0,15212.22
ORD101504,2024-07-26,CUST0760,Loyal,Central,Electronics,Smartwatch,1,2775.58,0,2775.58
ORD102283,2024-07-26,CUST0187,New,West,Sports,Dumbbell Set,3,1279.96,0,3839.88
ORD101035,2024-07-26,CUST0558,Returning,Central,Sports,Resistance Bands,2,1477.02,0,2954.04
ORD100147,2024-07-26,CUST0102,Returning,North,Electronics,Bluetooth Speaker,1,1750.01,0,1750.01
ORD102960,2024-07-27,CUST0028,New,East,Beauty,Lip Balm Set,1,237.29,0,237.29
ORD100411,2024-07-27,CUST0382,Loyal,Central,Electronics,Wireless Earbuds,2,2771.13,15,4710.92
ORD103251,2024-07-27,CUST0102,Returning,South,Home & Kitchen,Mixer Grinder,1,2998.66,0,2998.66
ORD101784,2024-07-27,CUST0366,New,East,Apparel,Denim Jacket,1,1567.26,0,1567.26
ORD103894,2024-07-27,CUST0819,Loyal,South,Home & Kitchen,Electric Kettle,1,2759.82,10,2483.84
ORD103684,2024-07-28,CUST0193,Returning,North,Home & Kitchen,Electric Kettle,1,897.49,15,762.87
ORD103593,2024-07-28,CUST0353,Returning,Central,Home & Kitchen,Table Lamp,2,507.74,10,913.93
ORD101209,2024-07-28,CUST0140,Loyal,West,Home & Kitchen,Electric Kettle,2,2277.68,15,3872.06
ORD102590,2024-07-28,CUST0009,New,North,Home & Kitchen,Air Fryer,1,461.95,15,392.66
ORD103245,2024-07-28,CUST0099,Loyal,East,Sports,Yoga Mat,2,672.3,0,1344.6
ORD101080,2024-07-29,CUST0227,Returning,North,Apparel,Running Shoes,2,876.04,15,1489.27
ORD103614,2024-07-29,CUST0241,New,North,Beauty,Face Serum,2,351.01,0,702.02
ORD102599,2024-07-29,CUST0181,Loyal,North,Apparel,Running Shoes,2,1550.09,15,2635.15
ORD102246,2024-07-30,CUST0413,Loyal,North,Beauty,Sunscreen SPF50,1,1345.34,15,1143.54
ORD101651,2024-07-30,CUST0703,Returning,West,Electronics,Wireless Earbuds,2,1080.26,10,1944.47
ORD103715,2024-07-30,CUST0757,Returning,North,Home & Kitchen,Table Lamp,2,2073.7,15,3525.29
ORD102584,2024-07-30,CUST0231,Returning,Central,Beauty,Sunscreen SPF50,2,642.31,0,1284.62
ORD103152,2024-07-31,CUST0400,Returning,North,Home & Kitchen,Air Fryer,1,2949.31,20,2359.45
ORD100774,2024-08-01,CUST0816,Returning,East,Apparel,Backpack,3,1070.8,15,2730.54
ORD101339,2024-08-01,CUST0720,Returning,North,Beauty,Perfume,1,1129.68,0,1129.68
ORD100480,2024-08-01,CUST0284,New,East,Apparel,Cotton T-Shirt,2,825.32,0,1650.64
ORD100102,2024-08-02,CUST0604,Loyal,West,Beauty,Face Serum,1,1213.57,15,1031.53
ORD103208,2024-08-02,CUST0107,Returning,North,Sports,Football,2,2025.64,0,4051.28
ORD101446,2024-08-02,CUST0001,New,North,Sports,Yoga Mat,1,1433.39,15,1218.38
ORD100306,2024-08-02,CUST0510,New,East,Beauty,Lip Balm Set,2,503.11,10,905.6
ORD102403,2024-08-02,CUST0440,New,South,Sports,Football,3,978.29,10,2641.38
ORD103292,2024-08-03,CUST0435,Loyal,North,Electronics,Power Bank,3,4244.72,0,12734.16
ORD103692,2024-08-03,CUST0337,New,South,Apparel,Running Shoes,4,1937.59,5,7362.84
ORD100590,2024-08-03,CUST0225,Loyal,South,Electronics,Smartwatch,2,4022.29,0,8044.58
ORD100915,2024-08-03,CUST0568,Returning,West,Beauty,Perfume,3,1285.47,0,3856.41
ORD100837,2024-08-04,CUST0462,New,West,Beauty,Lip Balm Set,6,1013.76,10,5474.3
ORD100988,2024-08-05,CUST0158,Loyal,South,Electronics,Power Bank,4,1281.85,0,5127.4
ORD103447,2024-08-05,CUST0156,Loyal,South,Sports,Cricket Bat,2,480.42,0,960.84
ORD100873,2024-08-05,CUST0180,New,East,Beauty,Sunscreen SPF50,2,872.68,0,1745.36
ORD103512,2024-08-05,CUST0656,Returning,South,Beauty,Sunscreen SPF50,3,601.68,20,1444.03
ORD102072,2024-08-05,CUST0717,Loyal,East,Home & Kitchen,Air Fryer,1,840.7,20,672.56
ORD101579,2024-08-05,CUST0382,New,North,Sports,Resistance Bands,2,1616.85,5,3072.01
ORD100197,2024-08-06,CUST0199,New,East,Beauty,Sunscreen SPF50,1,1241.64,5,1179.56
ORD103676,2024-08-06,CUST0067,New,East,Electronics,Bluetooth Speaker,1,2840.95,15,2414.81
ORD101545,2024-08-07,CUST0753,New,South,Apparel,Formal Shirt,2,572.07,20,915.31
ORD100538,2024-08-08,CUST0058,New,East,Beauty,Face Serum,2,346.19,15,588.52
ORD100608,2024-08-09,CUST0011,Loyal,Central,Sports,Yoga Mat,1,2010.8,5,1910.26
ORD103347,2024-08-09,CUST0027,Returning,South,Beauty,Perfume,1,482.57,10,434.31
ORD102208,2024-08-10,CUST0028,New,South,Electronics,Laptop Stand,2,2807.6,0,5615.2
ORD102940,2024-08-10,CUST0477,Returning,West,Sports,Yoga Mat,1,1257.43,0,1257.43
ORD103048,2024-08-10,CUST0509,New,South,Sports,Dumbbell Set,1,985.13,20,788.1
ORD100316,2024-08-10,CUST0110,Returning,West,Electronics,Laptop Stand,1,3802.2,0,3802.2
ORD100287,2024-08-10,CUST0431,Returning,West,Beauty,Sunscreen SPF50,1,1470.75,15,1250.14
ORD101313,2024-08-10,CUST0174,Returning,West,Home & Kitchen,Mixer Grinder,2,2924.52,5,5556.59
ORD102922,2024-08-11,CUST0601,Returning,West,Sports,Resistance Bands,1,1702.65,0,1702.65
ORD101562,2024-08-11,CUST0327,Returning,South,Beauty,Lip Balm Set,3,306.36,5,873.13
ORD101664,2024-08-12,CUST0488,Returning,East,Sports,Football,1,1154.07,5,1096.37
ORD103043,2024-08-12,CUST0536,Returning,South,Electronics,Smartwatch,1,3270.57,5,3107.04
ORD100892,2024-08-12,CUST0784,Returning,East,Beauty,Sunscreen SPF50,2,480.41,0,960.82
ORD103688,2024-08-12,CUST0137,Returning,North,Home & Kitchen,Electric Kettle,1,1474.41,10,1326.97
ORD103559,2024-08-13,CUST0781,Returning,East,Electronics,Bluetooth Speaker,2,1231.28,15,2093.18
ORD103630,2024-08-14,CUST0507,Returning,South,Beauty,Face Serum,4,1345.76,0,5383.04
ORD100248,2024-08-14,CUST0697,Returning,East,Electronics,Power Bank,3,1906.99,10,5148.87
ORD102098,2024-08-14,CUST0125,Returning,West,Apparel,Backpack,4,444.83,0,1779.32
ORD100261,2024-08-14,CUST0739,New,South,Home & Kitchen,Mixer Grinder,3,3014.36,20,7234.46
ORD102176,2024-08-14,CUST0446,New,West,Sports,Resistance Bands,5,1539.4,10,6927.3
ORD101910,2024-08-15,CUST0014,Returning,East,Home & Kitchen,Non-stick Pan Set,1,1005.93,5,955.63
ORD103158,2024-08-15,CUST0279,Returning,West,Beauty,Face Serum,2,1134.41,10,2041.94
ORD101541,2024-08-15,CUST0522,Returning,West,Beauty,Sunscreen SPF50,1,945.9,20,756.72
ORD103327,2024-08-15,CUST0263,Returning,South,Home & Kitchen,Air Fryer,1,688.67,0,688.67
ORD103190,2024-08-15,CUST0782,Returning,North,Apparel,Cotton T-Shirt,2,553.41,0,1106.82
ORD103317,2024-08-15,CUST0436,New,South,Electronics,Laptop Stand,4,2683.97,5,10199.09
ORD100655,2024-08-16,CUST0329,New,East,Electronics,Power Bank,1,3141.91,0,3141.91
ORD100239,2024-08-16,CUST0075,Loyal,North,Apparel,Formal Shirt,1,1071.58,5,1018.0
ORD103728,2024-08-17,CUST0673,Loyal,North,Apparel,Denim Jacket,1,1820.93,15,1547.79
ORD103536,2024-08-17,CUST0684,Loyal,East,Home & Kitchen,Air Fryer,3,2491.59,0,7474.77
ORD102191,2024-08-18,CUST0557,New,South,Electronics,Smartwatch,1,3332.7,0,3332.7
ORD100577,2024-08-18,CUST0679,New,East,Home & Kitchen,Mixer Grinder,1,1418.82,0,1418.82
ORD101459,2024-08-18,CUST0691,Loyal,West,Sports,Football,2,583.97,10,1051.15
ORD101013,2024-08-18,CUST0837,Returning,South,Electronics,Power Bank,1,3508.61,15,2982.32
ORD101138,2024-08-19,CUST0421,New,South,Sports,Yoga Mat,1,280.38,0,280.38
ORD100338,2024-08-19,CUST0403,New,West,Beauty,Perfume,1,528.41,20,422.73
ORD100526,2024-08-20,CUST0144,New,South,Sports,Resistance Bands,3,2716.41,5,7741.77
ORD102097,2024-08-21,CUST0100,Returning,North,Apparel,Formal Shirt,1,1685.41,0,1685.41
ORD101026,2024-08-21,CUST0343,Loyal,East,Beauty,Perfume,2,358.3,0,716.6
ORD101881,2024-08-21,CUST0428,Returning,East,Electronics,Bluetooth Speaker,1,957.44,10,861.7
ORD102383,2024-08-22,CUST0294,Loyal,Central,Electronics,Power Bank,3,1434.38,5,4087.98
ORD103195,2024-08-23,CUST0538,Returning,Central,Home & Kitchen,Non-stick Pan Set,2,597.69,10,1075.84
ORD100213,2024-08-23,CUST0528,Loyal,West,Home & Kitchen,Air Fryer,2,1283.67,0,2567.34
ORD101750,2024-08-23,CUST0156,New,South,Apparel,Backpack,1,627.6,10,564.84
ORD101539,2024-08-23,CUST0111,Loyal,Central,Electronics,Bluetooth Speaker,1,3029.32,10,2726.39
ORD103102,2024-08-24,CUST0044,Loyal,South,Home & Kitchen,Mixer Grinder,3,2895.91,0,8687.73
ORD102494,2024-08-24,CUST0130,New,West,Apparel,Formal Shirt,1,1126.72,10,1014.05
ORD102451,2024-08-24,CUST0389,New,North,Home & Kitchen,Mixer Grinder,1,2731.29,10,2458.16
ORD101801,2024-08-24,CUST0042,New,Central,Sports,Resistance Bands,3,868.27,20,2083.85
ORD103390,2024-08-25,CUST0664,New,West,Apparel,Cotton T-Shirt,1,1854.98,10,1669.48
ORD100784,2024-08-25,CUST0841,Loyal,Central,Electronics,Bluetooth Speaker,1,903.04,10,812.74
ORD101394,2024-08-25,CUST0178,Loyal,South,Beauty,Lip Balm Set,2,1395.17,0,2790.34
ORD102765,2024-08-25,CUST0020,Returning,East,Beauty,Lip Balm Set,1,797.8,15,678.13
ORD102285,2024-08-25,CUST0276,New,East,Home & Kitchen,Non-stick Pan Set,2,1891.57,10,3404.83
ORD100797,2024-08-26,CUST0804,Loyal,North,Apparel,Running Shoes,4,1723.91,15,5861.29
ORD102800,2024-08-26,CUST0770,Returning,West,Beauty,Hair Dryer,1,847.55,10,762.79
ORD103155,2024-08-27,CUST0695,New,North,Beauty,Sunscreen SPF50,1,960.84,5,912.8
ORD100563,2024-08-27,CUST0664,Loyal,West,Home & Kitchen,Electric Kettle,1,2626.05,15,2232.14
ORD100140,2024-08-27,CUST0693,New,East,Apparel,Cotton T-Shirt,1,1732.89,0,1732.89
ORD100540,2024-08-27,CUST0692,Loyal,North,Home & Kitchen,Table Lamp,1,686.94,20,549.55
ORD101514,2024-08-28,CUST0257,Returning,South,Apparel,Backpack,1,987.22,15,839.14
ORD103656,2024-08-28,CUST0841,Returning,West,Apparel,Backpack,1,949.32,5,901.85
ORD101768,2024-08-28,CUST0517,Returning,South,Home & Kitchen,Electric Kettle,1,3156.07,0,3156.07
ORD102785,2024-08-28,CUST0471,Returning,North,Electronics,Power Bank,3,3428.38,10,9256.63
ORD103176,2024-08-29,CUST0202,Loyal,West,Beauty,Sunscreen SPF50,2,698.24,0,1396.48
ORD103903,2024-08-29,CUST0594,Loyal,North,Sports,Cricket Bat,2,318.01,0,636.02
ORD103091,2024-08-29,CUST0469,Loyal,South,Apparel,Backpack,1,1554.98,0,1554.98
ORD101168,2024-08-30,CUST0613,Returning,South,Home & Kitchen,Non-stick Pan Set,1,1066.58,15,906.59
ORD102714,2024-08-30,CUST0527,New,South,Home & Kitchen,Air Fryer,3,2257.09,10,6094.14
ORD102117,2024-08-31,CUST0431,Returning,North,Sports,Cricket Bat,1,2809.67,0,2809.67
ORD101144,2024-09-01,CUST0633,Loyal,West,Beauty,Perfume,5,710.32,0,3551.6
ORD100950,2024-09-02,CUST0742,Returning,Central,Electronics,Power Bank,5,4088.59,5,19420.8
ORD100496,2024-09-02,CUST0138,Returning,West,Apparel,Formal Shirt,5,941.89,15,4003.03
ORD101064,2024-09-02,CUST0848,Returning,South,Beauty,Face Serum,4,587.69,5,2233.22
ORD102516,2024-09-02,CUST0455,New,East,Beauty,Sunscreen SPF50,2,221.65,20,354.64
ORD100271,2024-09-03,CUST0557,Loyal,North,Sports,Resistance Bands,6,1032.54,15,5265.95
ORD100741,2024-09-03,CUST0292,Returning,North,Apparel,Cotton T-Shirt,4,638.67,15,2171.48
ORD103875,2024-09-03,CUST0771,Returning,East,Electronics,Laptop Stand,3,2062.44,15,5259.22
ORD101780,2024-09-03,CUST0738,Returning,West,Electronics,Laptop Stand,3,1153.45,20,2768.28
ORD100119,2024-09-03,CUST0496,Returning,Central,Sports,Resistance Bands,2,658.64,10,1185.55
ORD101942,2024-09-03,CUST0236,New,West,Home & Kitchen,Table Lamp,2,552.23,15,938.79
ORD102220,2024-09-03,CUST0140,Loyal,West,Home & Kitchen,Mixer Grinder,2,2462.64,10,4432.75
ORD103900,2024-09-04,CUST0485,New,West,Beauty,Lip Balm Set,1,219.15,10,197.24
ORD102998,2024-09-04,CUST0599,New,North,Home & Kitchen,Table Lamp,1,2002.78,0,2002.78
ORD103815,2024-09-04,CUST0841,Returning,North,Sports,Resistance Bands,2,671.18,10,1208.12
ORD100128,2024-09-05,CUST0150,New,South,Electronics,Wireless Earbuds,1,2190.47,5,2080.95
ORD102157,2024-09-05,CUST0008,Loyal,West,Beauty,Sunscreen SPF50,4,364.74,5,1386.01
ORD100651,2024-09-05,CUST0383,Returning,West,Electronics,Power Bank,1,3768.36,10,3391.52
ORD102532,2024-09-06,CUST0632,Loyal,Central,Sports,Yoga Mat,4,1176.23,10,4234.43
ORD100037,2024-09-06,CUST0577,Loyal,Central,Beauty,Hair Dryer,5,162.58,10,731.61
ORD100319,2024-09-06,CUST0653,New,North,Electronics,Wireless Earbuds,3,2889.73,0,8669.19
ORD102867,2024-09-06,CUST0848,Returning,Central,Sports,Yoga Mat,1,993.46,0,993.46
ORD100941,2024-09-06,CUST0465,Returning,South,Beauty,Perfume,1,489.21,10,440.29
ORD103295,2024-09-06,CUST0837,Loyal,South,Apparel,Formal Shirt,3,1639.94,0,4919.82
ORD100945,2024-09-06,CUST0423,Loyal,South,Beauty,Lip Balm Set,1,236.98,0,236.98
ORD100693,2024-09-07,CUST0357,Returning,South,Electronics,Laptop Stand,2,4218.74,0,8437.48
ORD101507,2024-09-07,CUST0392,Returning,North,Electronics,Wireless Earbuds,2,2683.29,20,4293.26
ORD100691,2024-09-07,CUST0333,Loyal,South,Electronics,Laptop Stand,2,3543.36,15,6023.71
ORD100688,2024-09-07,CUST0843,New,West,Home & Kitchen,Non-stick Pan Set,1,2701.43,15,2296.22
ORD100337,2024-09-07,CUST0327,New,Central,Apparel,Backpack,2,896.95,5,1704.2
ORD103358,2024-09-07,CUST0082,Returning,South,Electronics,Smartwatch,2,2720.26,15,4624.44
ORD100548,2024-09-08,CUST0226,New,East,Beauty,Perfume,2,1105.37,10,1989.67
ORD100959,2024-09-08,CUST0647,Loyal,South,Electronics,Smartwatch,2,1476.82,5,2805.96
ORD101452,2024-09-08,CUST0385,Loyal,South,Apparel,Cotton T-Shirt,2,1176.19,0,2352.38
ORD100058,2024-09-08,CUST0594,New,West,Beauty,Perfume,1,433.75,20,347.0
ORD102673,2024-09-08,CUST0821,Returning,West,Home & Kitchen,Mixer Grinder,2,2476.06,15,4209.3
ORD101437,2024-09-08,CUST0496,Loyal,West,Apparel,Backpack,4,2014.12,10,7250.83
ORD100898,2024-09-08,CUST0141,Returning,North,Apparel,Denim Jacket,1,1864.3,0,1864.3
ORD102349,2024-09-09,CUST0292,Returning,North,Sports,Yoga Mat,1,734.38,0,734.38
ORD103379,2024-09-09,CUST0174,New,East,Sports,Yoga Mat,6,2401.76,0,14410.56
ORD101636,2024-09-09,CUST0251,Loyal,North,Apparel,Cotton T-Shirt,1,1129.44,15,960.02
ORD100805,2024-09-09,CUST0149,Returning,North,Beauty,Perfume,3,676.6,0,2029.8
ORD100388,2024-09-09,CUST0056,New,East,Home & Kitchen,Table Lamp,6,1496.9,15,7634.19
ORD102964,2024-09-09,CUST0577,Returning,West,Sports,Cricket Bat,1,1304.14,0,1304.14
ORD100561,2024-09-09,CUST0677,Loyal,South,Sports,Yoga Mat,3,1298.89,20,3117.34
ORD102043,2024-09-10,CUST0499,Loyal,North,Beauty,Sunscreen SPF50,3,1369.95,0,4109.85
ORD103839,2024-09-10,CUST0608,Returning,South,Beauty,Face Serum,4,489.69,20,1567.01
ORD100890,2024-09-10,CUST0003,Returning,East,Sports,Cricket Bat,1,867.43,20,693.94
ORD100378,2024-09-10,CUST0665,New,North,Home & Kitchen,Electric Kettle,2,630.78,15,1072.33
ORD101949,2024-09-10,CUST0124,Loyal,South,Home & Kitchen,Electric Kettle,3,3153.19,0,9459.57
ORD100479,2024-09-10,CUST0384,New,South,Sports,Resistance Bands,1,1656.66,15,1408.16
ORD102079,2024-09-11,CUST0068,New,East,Home & Kitchen,Mixer Grinder,2,1494.22,0,2988.44
ORD100094,2024-09-11,CUST0715,New,North,Electronics,Laptop Stand,1,1096.29,0,1096.29
ORD103533,2024-09-12,CUST0226,Loyal,West,Beauty,Hair Dryer,1,1326.95,15,1127.91
ORD102326,2024-09-12,CUST0373,New,East,Home & Kitchen,Table Lamp,2,866.38,15,1472.85
ORD101469,2024-09-12,CUST0480,Loyal,South,Electronics,Laptop Stand,1,2177.02,0,2177.02
ORD101494,2024-09-13,CUST0548,New,Central,Home & Kitchen,Air Fryer,3,2589.1,0,7767.3
ORD103898,2024-09-13,CUST0021,Returning,West,Beauty,Sunscreen SPF50,1,1487.62,5,1413.24
ORD103562,2024-09-14,CUST0672,New,North,Apparel,Denim Jacket,4,424.61,5,1613.52
ORD102994,2024-09-14,CUST0383,New,East,Apparel,Running Shoes,3,1722.95,10,4651.97
ORD101668,2024-09-14,CUST0171,Returning,South,Apparel,Denim Jacket,3,596.21,10,1609.77
ORD101039,2024-09-14,CUST0520,New,North,Beauty,Perfume,1,653.52,15,555.49
ORD101224,2024-09-14,CUST0215,Returning,East,Beauty,Sunscreen SPF50,1,801.3,0,801.3
ORD100523,2024-09-15,CUST0846,Returning,North,Sports,Resistance Bands,2,2863.48,0,5726.96
ORD101814,2024-09-15,CUST0785,Loyal,East,Apparel,Running Shoes,2,2097.91,0,4195.82
ORD103288,2024-09-15,CUST0382,New,North,Home & Kitchen,Non-stick Pan Set,2,1452.56,15,2469.35
ORD100417,2024-09-15,CUST0255,Loyal,North,Sports,Yoga Mat,3,657.89,15,1677.62
ORD101136,2024-09-15,CUST0618,Returning,North,Electronics,Smartwatch,6,1015.41,15,5178.59
ORD103118,2024-09-16,CUST0308,Returning,West,Home & Kitchen,Air Fryer,2,1979.26,0,3958.52
ORD101509,2024-09-16,CUST0345,Loyal,West,Electronics,Laptop Stand,3,4176.19,20,10022.86
ORD100702,2024-09-16,CUST0452,Loyal,East,Home & Kitchen,Electric Kettle,1,1638.19,0,1638.19
ORD102656,2024-09-17,CUST0623,Loyal,South,Sports,Yoga Mat,1,1869.99,20,1495.99
ORD103570,2024-09-17,CUST0276,Returning,South,Apparel,Cotton T-Shirt,4,1432.17,10,5155.81
ORD100964,2024-09-17,CUST0665,New,North,Apparel,Backpack,1,1281.1,20,1024.88
ORD101255,2024-09-17,CUST0079,New,South,Electronics,Bluetooth Speaker,2,1224.51,0,2449.02
ORD100478,2024-09-17,CUST0478,Loyal,Central,Apparel,Formal Shirt,2,1172.1,0,2344.2
ORD101132,2024-09-17,CUST0436,Loyal,West,Electronics,Power Bank,4,2123.36,5,8068.77
ORD100573,2024-09-17,CUST0847,Returning,North,Beauty,Perfume,1,260.66,0,260.66
ORD103410,2024-09-18,CUST0430,New,West,Electronics,Laptop Stand,3,4121.25,0,12363.75
ORD103950,2024-09-18,CUST0169,Returning,West,Home & Kitchen,Electric Kettle,1,1694.83,5,1610.09
ORD101823,2024-09-19,CUST0652,Loyal,East,Electronics,Laptop Stand,1,4340.56,0,4340.56
ORD102255,2024-09-20,CUST0049,Loyal,North,Apparel,Backpack,2,1942.66,0,3885.32
ORD102963,2024-09-20,CUST0075,New,North,Home & Kitchen,Table Lamp,3,1638.44,20,3932.26
ORD101063,2024-09-20,CUST0060,Loyal,North,Beauty,Sunscreen SPF50,5,394.97,15,1678.62
ORD102308,2024-09-20,CUST0135,Loyal,East,Apparel,Running Shoes,1,438.22,0,438.22
ORD102188,2024-09-21,CUST0134,New,North,Beauty,Hair Dryer,1,716.73,15,609.22
ORD100019,2024-09-21,CUST0498,Returning,North,Home & Kitchen,Air Fryer,1,620.52,15,527.44
ORD103762,2024-09-21,CUST0049,Returning,South,Apparel,Cotton T-Shirt,3,1576.27,0,4728.81
ORD102296,2024-09-21,CUST0110,New,South,Electronics,Bluetooth Speaker,2,3879.36,0,7758.72
ORD101911,2024-09-22,CUST0614,Returning,East,Home & Kitchen,Electric Kettle,1,1601.19,0,1601.19
ORD101190,2024-09-22,CUST0428,New,West,Electronics,Smartwatch,3,1151.43,15,2936.15
ORD103674,2024-09-22,CUST0754,Loyal,South,Beauty,Lip Balm Set,1,272.66,15,231.76
ORD103789,2024-09-22,CUST0749,New,West,Electronics,Laptop Stand,1,2554.57,10,2299.11
ORD103078,2024-09-22,CUST0736,Returning,North,Sports,Cricket Bat,7,683.77,0,4786.39
ORD101567,2024-09-23,CUST0641,Loyal,North,Beauty,Lip Balm Set,2,873.62,20,1397.79
ORD100172,2024-09-23,CUST0217,Returning,South,Electronics,Smartwatch,5,927.67,0,4638.35
ORD100434,2024-09-24,CUST0540,New,North,Home & Kitchen,Mixer Grinder,2,2084.66,0,4169.32
ORD100193,2024-09-24,CUST0159,Returning,South,Home & Kitchen,Non-stick Pan Set,3,937.61,0,2812.83
ORD101057,2024-09-24,CUST0591,New,East,Sports,Yoga Mat,1,2876.71,10,2589.04
ORD101101,2024-09-24,CUST0695,Loyal,South,Sports,Cricket Bat,3,1673.62,15,4267.73
ORD101167,2024-09-24,CUST0511,Returning,West,Home & Kitchen,Mixer Grinder,1,567.78,0,567.78
ORD103247,2024-09-24,CUST0536,Returning,Central,Electronics,Laptop Stand,1,4476.35,15,3804.9
ORD102642,2024-09-24,CUST0343,Returning,Central,Home & Kitchen,Air Fryer,2,2599.79,15,4419.64
ORD102646,2024-09-25,CUST0317,New,East,Sports,Football,3,1481.52,5,4222.33
ORD101337,2024-09-25,CUST0584,Loyal,North,Home & Kitchen,Table Lamp,2,1072.94,0,2145.88
ORD102909,2024-09-25,CUST0503,New,North,Beauty,Sunscreen SPF50,4,1447.49,0,5789.96
ORD103852,2024-09-26,CUST0492,Loyal,South,Sports,Dumbbell Set,2,2787.93,0,5575.86
ORD103946,2024-09-26,CUST0163,Returning,East,Home & Kitchen,Electric Kettle,4,1067.03,5,4054.71
ORD103609,2024-09-26,CUST0407,New,North,Apparel,Cotton T-Shirt,1,1059.55,20,847.64
ORD101053,2024-09-26,CUST0621,Returning,Central,Sports,Football,2,1556.88,15,2646.7
ORD102139,2024-09-27,CUST0259,Loyal,North,Beauty,Face Serum,2,294.61,0,589.22
ORD101141,2024-09-27,CUST0147,Returning,East,Sports,Dumbbell Set,2,1007.46,0,2014.92
ORD101305,2024-09-27,CUST0074,Returning,West,Home & Kitchen,Non-stick Pan Set,4,925.97,0,3703.88
ORD102376,2024-09-28,CUST0603,New,North,Apparel,Backpack,3,521.31,5,1485.73
ORD102239,2024-09-28,CUST0490,New,East,Sports,Cricket Bat,1,331.0,0,331.0
ORD101775,2024-09-30,CUST0148,New,East,Home & Kitchen,Table Lamp,2,2514.47,0,5028.94
ORD100658,2024-09-30,CUST0769,Returning,East,Beauty,Hair Dryer,2,595.84,20,953.34
ORD103576,2024-09-30,CUST0272,New,North,Home & Kitchen,Electric Kettle,1,2944.8,10,2650.32
ORD103448,2024-09-30,CUST0345,Loyal,North,Home & Kitchen,Air Fryer,3,1085.56,20,2605.34
ORD101827,2024-09-30,CUST0510,New,South,Apparel,Cotton T-Shirt,1,1285.13,0,1285.13
ORD100495,2024-10-01,CUST0047,Returning,South,Home & Kitchen,Air Fryer,2,867.66,20,1388.26
ORD101873,2024-10-03,CUST0372,Loyal,West,Apparel,Running Shoes,2,884.37,0,1768.74
ORD103647,2024-10-03,CUST0611,Returning,North,Beauty,Sunscreen SPF50,1,1269.27,0,1269.27
ORD102812,2024-10-03,CUST0013,Returning,West,Sports,Resistance Bands,2,1527.87,15,2597.38
ORD103203,2024-10-03,CUST0746,New,East,Home & Kitchen,Table Lamp,2,2164.49,0,4328.98
ORD100355,2024-10-03,CUST0469,Returning,East,Sports,Football,4,1206.79,20,3861.73
ORD101419,2024-10-03,CUST0225,Loyal,East,Apparel,Formal Shirt,2,500.75,0,1001.5
ORD100033,2024-10-04,CUST0059,Returning,East,Electronics,Wireless Earbuds,2,3969.79,0,7939.58
ORD100257,2024-10-04,CUST0483,New,South,Beauty,Sunscreen SPF50,4,827.46,10,2978.86
ORD100053,2024-10-04,CUST0261,New,Central,Beauty,Perfume,2,1364.33,0,2728.66
ORD100259,2024-10-04,CUST0739,New,Central,Home & Kitchen,Mixer Grinder,1,1392.0,20,1113.6
ORD101727,2024-10-04,CUST0472,New,West,Apparel,Formal Shirt,1,910.41,0,910.41
ORD103846,2024-10-04,CUST0593,New,Central,Electronics,Power Bank,1,3597.34,0,3597.34
ORD103399,2024-10-05,CUST0785,Loyal,Central,Home & Kitchen,Electric Kettle,4,2997.41,0,11989.64
ORD101236,2024-10-05,CUST0263,New,North,Electronics,Wireless Earbuds,1,1480.36,10,1332.32
ORD102653,2024-10-05,CUST0782,Returning,Central,Sports,Cricket Bat,4,1788.88,10,6439.97
ORD101613,2024-10-05,CUST0018,Loyal,North,Electronics,Laptop Stand,5,3258.38,15,13848.12
ORD101925,2024-10-05,CUST0167,New,South,Electronics,Bluetooth Speaker,2,3083.55,0,6167.1
ORD103835,2024-10-05,CUST0566,Returning,West,Home & Kitchen,Non-stick Pan Set,2,3106.87,0,6213.74
ORD102974,2024-10-05,CUST0475,New,South,Home & Kitchen,Electric Kettle,1,1726.33,10,1553.7
ORD103071,2024-10-06,CUST0849,Returning,West,Apparel,Cotton T-Shirt,1,1384.9,0,1384.9
ORD101815,2024-10-06,CUST0073,Returning,North,Electronics,Laptop Stand,1,3014.81,20,2411.85
ORD103573,2024-10-06,CUST0030,Loyal,West,Apparel,Denim Jacket,1,309.1,10,278.19
ORD102523,2024-10-07,CUST0139,Loyal,West,Apparel,Cotton T-Shirt,1,1996.64,15,1697.14
ORD101927,2024-10-07,CUST0335,Returning,North,Beauty,Perfume,2,587.24,0,1174.48
ORD103211,2024-10-07,CUST0147,Returning,West,Apparel,Cotton T-Shirt,1,1820.83,0,1820.83
ORD100624,2024-10-07,CUST0287,Returning,West,Beauty,Perfume,4,1478.93,10,5324.15
ORD102866,2024-10-08,CUST0618,Returning,Central,Electronics,Smartwatch,1,1184.05,5,1124.85
ORD101874,2024-10-08,CUST0822,Returning,East,Sports,Football,4,1046.79,0,4187.16
ORD103129,2024-10-08,CUST0174,Returning,North,Beauty,Face Serum,4,819.42,15,2786.03
ORD100036,2024-10-09,CUST0688,New,West,Apparel,Running Shoes,1,804.67,0,804.67
ORD102951,2024-10-09,CUST0737,New,North,Home & Kitchen,Air Fryer,1,599.55,5,569.57
ORD100490,2024-10-09,CUST0060,Returning,East,Home & Kitchen,Air Fryer,2,895.11,15,1521.69
ORD101364,2024-10-10,CUST0117,Loyal,Central,Electronics,Smartwatch,2,2698.0,0,5396.0
ORD103862,2024-10-11,CUST0705,New,Central,Apparel,Denim Jacket,5,485.36,20,1941.44
ORD100439,2024-10-11,CUST0682,Loyal,West,Home & Kitchen,Table Lamp,1,2603.58,0,2603.58
ORD100960,2024-10-11,CUST0483,New,North,Beauty,Face Serum,7,1202.27,5,7995.1
ORD102306,2024-10-11,CUST0085,New,North,Sports,Cricket Bat,5,2884.51,0,14422.55
ORD103586,2024-10-12,CUST0171,Returning,Central,Beauty,Hair Dryer,2,1179.37,15,2004.93
ORD103485,2024-10-12,CUST0269,Returning,South,Beauty,Hair Dryer,4,1251.12,10,4504.03
ORD101619,2024-10-12,CUST0472,Returning,West,Sports,Yoga Mat,1,848.2,0,848.2
ORD100786,2024-10-13,CUST0143,Returning,South,Beauty,Lip Balm Set,1,1044.36,5,992.14
ORD103275,2024-10-13,CUST0618,Returning,South,Beauty,Face Serum,1,858.48,10,772.63
ORD103233,2024-10-13,CUST0199,Returning,West,Beauty,Face Serum,1,1443.75,5,1371.56
ORD101380,2024-10-13,CUST0122,New,South,Sports,Dumbbell Set,4,2453.22,10,8831.59
ORD102813,2024-10-14,CUST0590,New,West,Home & Kitchen,Non-stick Pan Set,1,2484.36,0,2484.36
ORD101883,2024-10-14,CUST0346,Returning,East,Home & Kitchen,Air Fryer,2,1136.72,5,2159.77
ORD100252,2024-10-14,CUST0520,Returning,Central,Home & Kitchen,Mixer Grinder,4,1237.86,0,4951.44
ORD102631,2024-10-14,CUST0378,New,North,Apparel,Backpack,5,1489.8,0,7449.0
ORD103826,2024-10-15,CUST0270,New,East,Sports,Yoga Mat,1,1083.23,10,974.91
ORD102432,2024-10-15,CUST0249,Loyal,West,Home & Kitchen,Non-stick Pan Set,1,480.9,0,480.9
ORD100241,2024-10-15,CUST0248,New,North,Apparel,Formal Shirt,1,1367.14,0,1367.14
ORD103143,2024-10-15,CUST0619,Loyal,East,Apparel,Cotton T-Shirt,7,2189.48,0,15326.36
ORD102709,2024-10-15,CUST0409,Returning,Central,Home & Kitchen,Non-stick Pan Set,1,449.1,0,449.1
ORD103284,2024-10-15,CUST0364,Returning,West,Beauty,Sunscreen SPF50,1,431.22,0,431.22
ORD101503,2024-10-15,CUST0498,New,North,Sports,Resistance Bands,2,1379.79,10,2483.62
ORD103328,2024-10-16,CUST0256,New,North,Sports,Resistance Bands,4,2614.77,5,9936.13
ORD103182,2024-10-17,CUST0082,Returning,North,Beauty,Perfume,4,316.2,15,1075.08
ORD101218,2024-10-17,CUST0588,New,Central,Apparel,Backpack,5,2194.01,15,9324.54
ORD100931,2024-10-18,CUST0760,New,East,Electronics,Wireless Earbuds,1,2219.08,20,1775.26
ORD100674,2024-10-18,CUST0565,New,West,Electronics,Laptop Stand,2,3359.61,20,5375.38
ORD102338,2024-10-18,CUST0746,Loyal,North,Electronics,Power Bank,1,1486.82,0,1486.82
ORD100296,2024-10-18,CUST0308,Loyal,West,Home & Kitchen,Electric Kettle,1,1859.5,5,1766.52
ORD102460,2024-10-18,CUST0677,Returning,North,Home & Kitchen,Table Lamp,2,3088.97,10,5560.15
ORD101283,2024-10-20,CUST0259,Loyal,East,Home & Kitchen,Electric Kettle,5,682.13,0,3410.65
ORD103019,2024-10-20,CUST0791,Returning,East,Sports,Yoga Mat,2,2915.1,0,5830.2
ORD101075,2024-10-20,CUST0137,Returning,South,Apparel,Running Shoes,1,330.16,15,280.64
ORD103136,2024-10-20,CUST0571,Returning,North,Electronics,Laptop Stand,2,1022.82,15,1738.79
ORD101834,2024-10-20,CUST0295,New,East,Sports,Football,2,2978.79,20,4766.06
ORD100532,2024-10-21,CUST0281,Returning,South,Sports,Football,4,2154.42,0,8617.68
ORD103604,2024-10-21,CUST0028,Returning,West,Beauty,Sunscreen SPF50,1,803.46,20,642.77
ORD100059,2024-10-21,CUST0754,New,South,Beauty,Lip Balm Set,1,788.8,20,631.04
ORD102170,2024-10-21,CUST0784,Loyal,West,Beauty,Sunscreen SPF50,2,605.87,0,1211.74
ORD103227,2024-10-22,CUST0261,New,Central,Apparel,Denim Jacket,1,2183.28,0,2183.28
ORD101451,2024-10-22,CUST0205,New,West,Sports,Dumbbell Set,4,623.15,10,2243.34
ORD103185,2024-10-22,CUST0008,Returning,North,Sports,Football,4,1515.02,10,5454.07
ORD100438,2024-10-22,CUST0665,Returning,West,Home & Kitchen,Non-stick Pan Set,4,2189.94,5,8321.77
ORD101680,2024-10-22,CUST0251,New,North,Home & Kitchen,Electric Kettle,1,2017.29,5,1916.43
ORD100375,2024-10-23,CUST0352,New,East,Apparel,Denim Jacket,1,1919.6,20,1535.68
ORD103963,2024-10-23,CUST0817,Loyal,West,Sports,Football,2,1573.57,5,2989.78
ORD100182,2024-10-23,CUST0282,Returning,South,Apparel,Running Shoes,4,1499.63,20,4798.82
ORD103311,2024-10-24,CUST0214,New,West,Electronics,Smartwatch,1,1128.77,15,959.45
ORD102548,2024-10-24,CUST0320,Returning,North,Sports,Dumbbell Set,1,1882.39,5,1788.27
ORD100436,2024-10-24,CUST0539,Returning,North,Electronics,Wireless Earbuds,1,1409.95,0,1409.95
ORD101577,2024-10-24,CUST0271,New,West,Beauty,Perfume,4,769.52,0,3078.08
ORD100975,2024-10-24,CUST0075,Returning,West,Beauty,Sunscreen SPF50,1,1143.74,0,1143.74
ORD102081,2024-10-24,CUST0323,Returning,West,Beauty,Sunscreen SPF50,1,1104.97,15,939.22
ORD100671,2024-10-24,CUST0071,Returning,West,Beauty,Hair Dryer,4,1311.76,0,5247.04
ORD102002,2024-10-25,CUST0531,Loyal,North,Home & Kitchen,Table Lamp,2,937.17,0,1874.34
ORD101714,2024-10-25,CUST0679,Returning,West,Home & Kitchen,Non-stick Pan Set,1,2786.6,10,2507.94
ORD102292,2024-10-26,CUST0268,Returning,South,Electronics,Laptop Stand,2,3348.37,20,5357.39
ORD100169,2024-10-26,CUST0051,New,North,Sports,Resistance Bands,1,682.88,10,614.59
ORD102519,2024-10-26,CUST0615,Returning,East,Electronics,Wireless Earbuds,2,3530.23,15,6001.39
ORD100685,2024-10-26,CUST0247,Returning,West,Apparel,Formal Shirt,1,1679.15,10,1511.24
ORD102447,2024-10-26,CUST0693,Loyal,West,Apparel,Denim Jacket,1,809.87,0,809.87
ORD100833,2024-10-26,CUST0783,New,East,Electronics,Laptop Stand,5,4372.89,0,21864.45
ORD102990,2024-10-27,CUST0162,Returning,North,Electronics,Laptop Stand,2,1357.99,15,2308.58
ORD100158,2024-10-27,CUST0813,Returning,East,Beauty,Perfume,1,967.33,0,967.33
ORD100773,2024-10-27,CUST0175,Returning,North,Beauty,Lip Balm Set,1,624.45,5,593.23
ORD102774,2024-10-28,CUST0844,Returning,North,Apparel,Backpack,2,624.37,20,998.99
ORD100628,2024-10-28,CUST0483,New,West,Apparel,Backpack,1,799.41,0,799.41
ORD101055,2024-10-28,CUST0348,Returning,West,Electronics,Laptop Stand,4,1738.16,5,6605.01
ORD101233,2024-10-28,CUST0838,Loyal,North,Electronics,Laptop Stand,1,971.09,10,873.98
ORD103097,2024-10-29,CUST0697,New,East,Sports,Football,2,945.97,10,1702.75
ORD101523,2024-10-29,CUST0290,Returning,West,Sports,Cricket Bat,8,446.33,5,3392.11
ORD103923,2024-10-29,CUST0591,Loyal,Central,Sports,Football,4,2866.41,20,9172.51
ORD102058,2024-10-30,CUST0286,Loyal,West,Sports,Dumbbell Set,1,1871.89,15,1591.11
ORD100414,2024-10-30,CUST0789,New,North,Apparel,Formal Shirt,2,685.15,20,1096.24
ORD102351,2024-10-30,CUST0606,New,East,Home & Kitchen,Non-stick Pan Set,4,447.92,20,1433.34
ORD102355,2024-10-30,CUST0028,Returning,South,Sports,Cricket Bat,4,608.42,20,1946.94
ORD101999,2024-10-31,CUST0604,New,East,Apparel,Formal Shirt,1,1955.2,15,1661.92
ORD101731,2024-10-31,CUST0579,New,South,Sports,Football,8,434.55,0,3476.4
ORD100924,2024-10-31,CUST0533,New,East,Home & Kitchen,Electric Kettle,1,614.25,20,491.4
ORD101405,2024-10-31,CUST0590,New,North,Sports,Football,1,299.05,20,239.24
ORD100373,2024-11-01,CUST0651,Loyal,West,Sports,Yoga Mat,1,506.14,5,480.83
ORD103807,2024-11-01,CUST0130,New,East,Sports,Football,2,2785.4,0,5570.8
ORD103745,2024-11-01,CUST0689,New,South,Sports,Cricket Bat,1,2717.28,20,2173.82
ORD102900,2024-11-01,CUST0033,Returning,North,Apparel,Backpack,2,1995.28,0,3990.56
ORD103714,2024-11-01,CUST0312,New,North,Beauty,Sunscreen SPF50,1,720.32,0,720.32
ORD100406,2024-11-01,CUST0312,New,South,Electronics,Laptop Stand,2,1949.74,20,3119.58
ORD102540,2024-11-02,CUST0218,New,North,Electronics,Smartwatch,5,939.8,5,4464.05
ORD103197,2024-11-03,CUST0332,New,North,Apparel,Denim Jacket,4,2038.19,5,7745.12
ORD100192,2024-11-03,CUST0372,Returning,North,Home & Kitchen,Table Lamp,2,1823.77,0,3647.54
ORD100570,2024-11-03,CUST0324,New,West,Sports,Cricket Bat,2,1808.87,20,2894.19
ORD101105,2024-11-04,CUST0004,Returning,South,Home & Kitchen,Air Fryer,2,518.14,0,1036.28
ORD102096,2024-11-04,CUST0174,New,North,Home & Kitchen,Mixer Grinder,2,2498.35,0,4996.7
ORD102836,2024-11-04,CUST0022,Returning,North,Sports,Football,4,1497.16,0,5988.64
ORD101791,2024-11-04,CUST0260,Loyal,Central,Electronics,Bluetooth Speaker,1,3524.61,20,2819.69
ORD103171,2024-11-05,CUST0736,Returning,North,Home & Kitchen,Table Lamp,2,2165.74,0,4331.48
ORD100953,2024-11-05,CUST0148,Returning,West,Sports,Football,1,2822.63,0,2822.63
ORD103122,2024-11-05,CUST0032,New,North,Sports,Dumbbell Set,1,1176.29,0,1176.29
ORD103403,2024-11-05,CUST0781,New,North,Home & Kitchen,Electric Kettle,1,2525.35,20,2020.28
ORD103591,2024-11-06,CUST0721,Loyal,East,Sports,Resistance Bands,4,593.87,15,2019.16
ORD102161,2024-11-06,CUST0460,Returning,West,Beauty,Sunscreen SPF50,5,1041.7,0,5208.5
ORD103800,2024-11-06,CUST0726,Returning,Central,Sports,Dumbbell Set,2,1593.5,10,2868.3
ORD102953,2024-11-06,CUST0122,New,East,Home & Kitchen,Electric Kettle,1,1312.38,20,1049.9
ORD103689,2024-11-06,CUST0592,New,South,Apparel,Cotton T-Shirt,1,1860.27,0,1860.27
ORD100110,2024-11-06,CUST0038,Loyal,South,Beauty,Lip Balm Set,1,1248.31,10,1123.48
ORD103495,2024-11-07,CUST0214,Returning,Central,Sports,Cricket Bat,5,1583.41,20,6333.64
ORD103173,2024-11-07,CUST0153,New,North,Beauty,Lip Balm Set,5,1222.17,0,6110.85
ORD101134,2024-11-07,CUST0210,Returning,Central,Sports,Resistance Bands,1,1324.94,5,1258.69
ORD100024,2024-11-07,CUST0741,Returning,North,Electronics,Laptop Stand,5,1671.25,0,8356.25
ORD102655,2024-11-07,CUST0811,New,West,Apparel,Denim Jacket,1,789.06,0,789.06
ORD102648,2024-11-08,CUST0204,New,South,Electronics,Wireless Earbuds,1,3416.51,5,3245.68
ORD100091,2024-11-08,CUST0324,New,North,Apparel,Formal Shirt,1,529.25,0,529.25
ORD100351,2024-11-08,CUST0191,New,Central,Sports,Football,7,1363.88,0,9547.16
ORD101271,2024-11-09,CUST0122,Loyal,West,Electronics,Smartwatch,2,4354.92,0,8709.84
ORD103777,2024-11-09,CUST0410,New,West,Sports,Yoga Mat,1,1987.32,10,1788.59
ORD100878,2024-11-09,CUST0683,Loyal,Central,Apparel,Formal Shirt,2,1732.91,10,3119.24
ORD100487,2024-11-09,CUST0650,Returning,East,Apparel,Denim Jacket,2,523.78,0,1047.56
ORD102899,2024-11-10,CUST0806,Returning,North,Electronics,Laptop Stand,4,1150.0,0,4600.0
ORD103409,2024-11-10,CUST0586,Loyal,Central,Sports,Cricket Bat,1,2406.68,10,2166.01
ORD100048,2024-11-11,CUST0040,Returning,North,Beauty,Sunscreen SPF50,1,295.93,20,236.74
ORD100211,2024-11-11,CUST0798,New,South,Home & Kitchen,Air Fryer,1,2199.83,20,1759.86
ORD103340,2024-11-11,CUST0379,Returning,North,Sports,Yoga Mat,1,1322.74,0,1322.74
ORD102591,2024-11-11,CUST0611,Loyal,East,Sports,Cricket Bat,1,759.75,5,721.76
ORD102329,2024-11-12,CUST0743,Loyal,East,Apparel,Denim Jacket,7,1246.42,15,7416.2
ORD101614,2024-11-12,CUST0015,Returning,Central,Apparel,Running Shoes,1,2094.17,10,1884.75
ORD100190,2024-11-13,CUST0716,Loyal,West,Electronics,Laptop Stand,4,2016.83,15,6857.22
ORD102776,2024-11-13,CUST0058,Returning,North,Apparel,Running Shoes,5,1937.52,10,8718.84
ORD100251,2024-11-13,CUST0628,Returning,South,Beauty,Perfume,2,845.93,0,1691.86
ORD101321,2024-11-13,CUST0546,Returning,South,Home & Kitchen,Non-stick Pan Set,1,1908.49,5,1813.07
ORD103920,2024-11-13,CUST0653,Loyal,East,Electronics,Power Bank,1,2427.4,10,2184.66
ORD102856,2024-11-14,CUST0195,Returning,North,Sports,Yoga Mat,1,1942.17,0,1942.17
ORD102295,2024-11-14,CUST0404,New,North,Sports,Dumbbell Set,2,2556.05,0,5112.1
ORD102821,2024-11-14,CUST0093,Loyal,Central,Sports,Cricket Bat,4,2564.27,5,9744.23
ORD101717,2024-11-14,CUST0006,Returning,South,Apparel,Denim Jacket,4,1047.73,5,3981.37
ORD102049,2024-11-15,CUST0530,New,South,Sports,Football,5,1261.91,20,5047.64
ORD103722,2024-11-15,CUST0260,New,South,Home & Kitchen,Table Lamp,5,2499.73,20,9998.92
ORD101675,2024-11-15,CUST0429,New,West,Beauty,Sunscreen SPF50,4,933.21,5,3546.2
ORD103309,2024-11-16,CUST0385,Returning,West,Apparel,Backpack,2,1223.34,5,2324.35
ORD102204,2024-11-16,CUST0251,Loyal,East,Beauty,Face Serum,2,857.22,0,1714.44
ORD102242,2024-11-16,CUST0286,New,Central,Electronics,Wireless Earbuds,5,1101.55,15,4681.59
ORD101629,2024-11-16,CUST0191,New,North,Apparel,Cotton T-Shirt,2,609.22,10,1096.6
ORD102547,2024-11-16,CUST0462,Loyal,West,Beauty,Hair Dryer,5,901.25,10,4055.62
ORD103326,2024-11-17,CUST0099,New,Central,Electronics,Bluetooth Speaker,1,1937.9,0,1937.9
ORD102654,2024-11-17,CUST0306,New,South,Sports,Football,2,2058.01,0,4116.02
ORD100808,2024-11-17,CUST0792,New,West,Apparel,Denim Jacket,4,1409.94,5,5357.77
ORD103381,2024-11-18,CUST0190,Returning,North,Home & Kitchen,Electric Kettle,1,1613.36,15,1371.36
ORD103937,2024-11-18,CUST0760,New,North,Beauty,Perfume,2,805.33,0,1610.66
ORD100870,2024-11-18,CUST0682,Returning,South,Beauty,Perfume,1,590.51,10,531.46
ORD101370,2024-11-18,CUST0556,New,South,Electronics,Smartwatch,4,2889.91,0,11559.64
ORD101122,2024-11-19,CUST0280,Returning,East,Beauty,Lip Balm Set,4,1236.08,0,4944.32
ORD103828,2024-11-19,CUST0273,New,North,Beauty,Perfume,2,153.61,10,276.5
ORD103590,2024-11-19,CUST0730,Loyal,West,Electronics,Power Bank,4,2018.75,0,8075.0
ORD100195,2024-11-20,CUST0790,New,East,Sports,Dumbbell Set,1,747.33,15,635.23
ORD102885,2024-11-20,CUST0561,Loyal,Central,Apparel,Backpack,4,2091.33,20,6692.26
ORD102679,2024-11-20,CUST0240,Returning,North,Home & Kitchen,Non-stick Pan Set,1,829.29,20,663.43
ORD103699,2024-11-20,CUST0669,Returning,West,Beauty,Lip Balm Set,4,1132.66,0,4530.64
ORD100639,2024-11-21,CUST0352,Loyal,East,Beauty,Perfume,4,246.31,0,985.24
ORD100684,2024-11-22,CUST0564,Returning,Central,Home & Kitchen,Table Lamp,4,1386.51,0,5546.04
ORD100310,2024-11-22,CUST0751,Returning,Central,Apparel,Formal Shirt,4,1232.13,0,4928.52
ORD102013,2024-11-22,CUST0585,New,South,Sports,Cricket Bat,1,856.2,10,770.58
ORD103064,2024-11-22,CUST0522,Returning,West,Electronics,Smartwatch,5,4193.45,10,18870.53
ORD102288,2024-11-22,CUST0176,New,Central,Beauty,Sunscreen SPF50,2,376.37,10,677.47
ORD100237,2024-11-22,CUST0790,New,West,Sports,Yoga Mat,1,375.02,15,318.77
ORD102405,2024-11-23,CUST0249,Loyal,North,Electronics,Power Bank,4,2180.06,20,6976.19
ORD103864,2024-11-23,CUST0707,Loyal,North,Home & Kitchen,Air Fryer,1,2201.71,0,2201.71
ORD101032,2024-11-23,CUST0038,New,Central,Apparel,Formal Shirt,1,416.79,20,333.43
ORD100448,2024-11-23,CUST0169,Returning,Central,Sports,Resistance Bands,4,1436.14,15,4882.88
ORD103423,2024-11-23,CUST0656,Loyal,South,Sports,Cricket Bat,1,2582.89,0,2582.89
ORD103147,2024-11-23,CUST0209,Returning,South,Electronics,Power Bank,7,3061.13,20,17142.33
ORD102108,2024-11-24,CUST0099,Loyal,Central,Beauty,Face Serum,4,265.05,20,848.16
ORD103700,2024-11-24,CUST0394,Returning,West,Electronics,Laptop Stand,1,972.01,0,972.01
ORD100605,2024-11-24,CUST0006,Returning,West,Sports,Resistance Bands,1,692.03,15,588.23
ORD102855,2024-11-25,CUST0140,New,East,Beauty,Lip Balm Set,1,279.3,0,279.3
ORD101472,2024-11-25,CUST0070,Returning,North,Beauty,Sunscreen SPF50,5,558.96,5,2655.06
ORD101017,2024-11-25,CUST0690,New,North,Sports,Football,1,2206.31,5,2095.99
ORD103775,2024-11-26,CUST0126,New,West,Sports,Football,5,776.28,5,3687.33
ORD101110,2024-11-26,CUST0022,New,North,Sports,Dumbbell Set,1,2567.92,0,2567.92
ORD103744,2024-11-26,CUST0193,Loyal,South,Home & Kitchen,Electric Kettle,1,2717.32,0,2717.32
ORD101643,2024-11-26,CUST0493,New,South,Beauty,Sunscreen SPF50,4,672.2,20,2151.04
ORD102196,2024-11-27,CUST0210,New,West,Electronics,Bluetooth Speaker,4,3970.68,0,15882.72
ORD101061,2024-11-27,CUST0094,Loyal,South,Beauty,Sunscreen SPF50,1,578.47,0,578.47
ORD100760,2024-11-27,CUST0842,New,South,Beauty,Perfume,7,1188.8,0,8321.6
ORD103255,2024-11-27,CUST0157,Returning,South,Sports,Cricket Bat,4,2548.93,5,9685.93
ORD103694,2024-11-27,CUST0292,Loyal,East,Apparel,Running Shoes,2,703.31,0,1406.62
ORD102422,2024-11-27,CUST0629,Loyal,Central,Sports,Cricket Bat,5,385.58,0,1927.9
ORD102534,2024-11-28,CUST0584,New,South,Home & Kitchen,Air Fryer,1,566.11,5,537.8
ORD102110,2024-11-28,CUST0320,Returning,West,Electronics,Laptop Stand,2,3197.09,0,6394.18
ORD103974,2024-11-28,CUST0184,Loyal,North,Home & Kitchen,Non-stick Pan Set,7,1584.68,0,11092.76
ORD103899,2024-11-29,CUST0369,Returning,East,Apparel,Running Shoes,2,1780.96,10,3205.73
ORD103766,2024-11-29,CUST0823,Returning,South,Home & Kitchen,Air Fryer,4,3017.82,15,10260.59
ORD102142,2024-11-29,CUST0436,New,North,Electronics,Power Bank,2,2002.82,20,3204.51
ORD103453,2024-11-29,CUST0032,New,North,Home & Kitchen,Table Lamp,1,2581.04,15,2193.88
ORD100083,2024-11-29,CUST0849,New,West,Electronics,Power Bank,2,4358.84,15,7410.03
ORD101781,2024-11-30,CUST0437,Loyal,South,Apparel,Cotton T-Shirt,2,514.39,5,977.34
ORD101852,2024-11-30,CUST0390,New,South,Apparel,Running Shoes,1,1523.86,5,1447.67
ORD101887,2024-12-01,CUST0086,Returning,West,Home & Kitchen,Electric Kettle,5,1768.73,0,8843.65
ORD100497,2024-12-02,CUST0414,New,West,Beauty,Hair Dryer,1,1374.31,20,1099.45
ORD100629,2024-12-03,CUST0374,New,East,Apparel,Running Shoes,2,1631.35,0,3262.7
ORD102693,2024-12-03,CUST0743,New,West,Beauty,Lip Balm Set,2,493.88,10,888.98
ORD103796,2024-12-03,CUST0420,Returning,West,Beauty,Perfume,7,1272.93,5,8464.98
ORD100350,2024-12-03,CUST0164,Returning,Central,Electronics,Smartwatch,2,2757.58,10,4963.64
ORD102580,2024-12-04,CUST0526,New,North,Sports,Cricket Bat,1,2117.74,20,1694.19
ORD101527,2024-12-05,CUST0781,New,West,Home & Kitchen,Mixer Grinder,4,2433.53,5,9247.41
ORD101274,2024-12-05,CUST0440,New,West,Sports,Yoga Mat,1,2115.35,0,2115.35
ORD101879,2024-12-05,CUST0694,New,Central,Apparel,Cotton T-Shirt,1,556.39,0,556.39
ORD103001,2024-12-05,CUST0337,Returning,East,Electronics,Wireless Earbuds,1,4461.52,0,4461.52
ORD100286,2024-12-06,CUST0033,Loyal,Central,Electronics,Laptop Stand,2,1148.47,5,2182.09
ORD102508,2024-12-06,CUST0751,Loyal,North,Home & Kitchen,Table Lamp,1,2544.78,5,2417.54
ORD100120,2024-12-07,CUST0194,New,West,Apparel,Backpack,1,2072.42,20,1657.94
ORD100804,2024-12-07,CUST0488,New,West,Electronics,Bluetooth Speaker,1,1503.36,5,1428.19
ORD100347,2024-12-07,CUST0748,Returning,North,Electronics,Power Bank,2,4362.22,0,8724.44
ORD100263,2024-12-07,CUST0672,Loyal,North,Home & Kitchen,Electric Kettle,1,621.28,5,590.22
ORD101898,2024-12-07,CUST0773,Loyal,North,Home & Kitchen,Table Lamp,1,2313.89,0,2313.89
ORD103886,2024-12-07,CUST0784,Returning,West,Electronics,Wireless Earbuds,5,1995.33,20,7981.32
ORD100584,2024-12-07,CUST0170,New,Central,Beauty,Lip Balm Set,1,1340.75,5,1273.71
ORD102254,2024-12-07,CUST0304,Returning,North,Beauty,Face Serum,2,1353.39,10,2436.1
ORD103813,2024-12-07,CUST0497,New,North,Home & Kitchen,Table Lamp,1,2122.15,5,2016.04
ORD102178,2024-12-08,CUST0387,Returning,South,Apparel,Cotton T-Shirt,4,1307.07,5,4966.87
ORD102207,2024-12-09,CUST0539,Returning,North,Home & Kitchen,Air Fryer,2,2663.84,20,4262.14
ORD102623,2024-12-09,CUST0189,Loyal,North,Sports,Resistance Bands,1,2974.73,15,2528.52
ORD103606,2024-12-10,CUST0261,New,West,Sports,Resistance Bands,1,2624.32,0,2624.32
ORD102972,2024-12-11,CUST0592,Returning,Central,Electronics,Laptop Stand,5,1421.24,0,7106.2
ORD103138,2024-12-11,CUST0834,New,South,Electronics,Bluetooth Speaker,2,1820.86,10,3277.55
ORD102526,2024-12-11,CUST0290,Loyal,South,Sports,Cricket Bat,2,1184.41,5,2250.38
ORD101290,2024-12-12,CUST0430,New,East,Apparel,Formal Shirt,1,1128.64,5,1072.21
ORD103690,2024-12-12,CUST0624,Loyal,East,Home & Kitchen,Table Lamp,1,2659.49,0,2659.49
ORD100227,2024-12-12,CUST0727,Loyal,East,Electronics,Laptop Stand,1,3964.9,15,3370.16
ORD103492,2024-12-13,CUST0246,New,South,Beauty,Hair Dryer,2,648.98,0,1297.96
ORD102663,2024-12-13,CUST0820,Returning,East,Home & Kitchen,Electric Kettle,1,1437.52,5,1365.64
ORD103387,2024-12-13,CUST0189,Returning,South,Beauty,Sunscreen SPF50,2,549.93,0,1099.86
ORD101222,2024-12-14,CUST0718,Returning,North,Beauty,Lip Balm Set,1,531.19,0,531.19
ORD101605,2024-12-14,CUST0746,Loyal,West,Home & Kitchen,Air Fryer,1,2558.09,0,2558.09
ORD103482,2024-12-14,CUST0339,New,Central,Beauty,Lip Balm Set,2,1077.59,20,1724.14
ORD102340,2024-12-14,CUST0524,Returning,South,Electronics,Wireless Earbuds,2,3253.52,15,5530.98
ORD101183,2024-12-14,CUST0435,New,East,Sports,Football,2,408.69,5,776.51
ORD101560,2024-12-15,CUST0300,New,East,Beauty,Perfume,2,555.14,0,1110.28
ORD101471,2024-12-15,CUST0737,New,East,Sports,Football,1,666.36,15,566.41
ORD103816,2024-12-15,CUST0374,Loyal,West,Beauty,Lip Balm Set,4,357.31,10,1286.32
ORD103505,2024-12-15,CUST0729,New,Central,Beauty,Lip Balm Set,2,985.71,20,1577.14
ORD102644,2024-12-15,CUST0291,New,North,Beauty,Lip Balm Set,1,1014.11,20,811.29
ORD103169,2024-12-15,CUST0605,New,West,Beauty,Hair Dryer,2,519.03,15,882.35
ORD100985,2024-12-16,CUST0843,New,West,Electronics,Smartwatch,2,1505.86,10,2710.55
ORD102710,2024-12-16,CUST0587,Returning,North,Sports,Yoga Mat,2,326.39,0,652.78
ORD100550,2024-12-16,CUST0634,New,West,Home & Kitchen,Non-stick Pan Set,2,1222.01,20,1955.22
ORD103983,2024-12-16,CUST0632,New,East,Home & Kitchen,Electric Kettle,1,2533.86,0,2533.86
ORD101266,2024-12-17,CUST0542,New,South,Home & Kitchen,Mixer Grinder,2,1777.73,0,3555.46
ORD101595,2024-12-18,CUST0841,New,South,Sports,Dumbbell Set,1,779.76,0,779.76
ORD100766,2024-12-18,CUST0251,Loyal,North,Sports,Cricket Bat,1,2461.01,10,2214.91
ORD101436,2024-12-19,CUST0362,New,West,Sports,Cricket Bat,5,1511.56,20,6046.24
ORD101973,2024-12-19,CUST0487,Loyal,South,Beauty,Face Serum,1,1174.72,0,1174.72
ORD100908,2024-12-20,CUST0357,Returning,North,Electronics,Wireless Earbuds,2,1898.55,10,3417.39
ORD100051,2024-12-20,CUST0119,Loyal,West,Sports,Football,1,1160.66,0,1160.66
ORD100433,2024-12-21,CUST0505,Loyal,North,Sports,Resistance Bands,1,2550.92,20,2040.74
ORD101669,2024-12-21,CUST0570,Returning,South,Sports,Football,4,2316.32,0,9265.28
ORD103103,2024-12-21,CUST0717,Returning,West,Apparel,Running Shoes,8,1252.34,0,10018.72
ORD100909,2024-12-22,CUST0102,Returning,West,Home & Kitchen,Table Lamp,1,1813.75,0,1813.75
ORD100311,2024-12-22,CUST0658,Returning,West,Home & Kitchen,Non-stick Pan Set,1,2967.32,10,2670.59
ORD103484,2024-12-22,CUST0529,Returning,North,Sports,Yoga Mat,1,283.06,5,268.91
ORD102790,2024-12-23,CUST0446,New,East,Home & Kitchen,Mixer Grinder,4,1198.67,10,4315.21
ORD103177,2024-12-24,CUST0698,New,East,Electronics,Bluetooth Speaker,1,2248.05,0,2248.05
ORD101770,2024-12-25,CUST0820,Returning,West,Sports,Resistance Bands,5,1709.04,0,8545.2
ORD100163,2024-12-25,CUST0520,Returning,Central,Beauty,Face Serum,4,624.72,10,2248.99
ORD101553,2024-12-25,CUST0465,New,West,Electronics,Smartwatch,2,2725.42,0,5450.84
ORD103955,2024-12-26,CUST0392,New,East,Beauty,Sunscreen SPF50,2,1336.62,5,2539.58
ORD101812,2024-12-26,CUST0613,Loyal,East,Electronics,Bluetooth Speaker,2,3519.94,15,5983.9
ORD101040,2024-12-26,CUST0755,Loyal,West,Electronics,Wireless Earbuds,1,2515.45,10,2263.9
ORD102699,2024-12-27,CUST0105,Loyal,South,Home & Kitchen,Table Lamp,1,2540.09,5,2413.09
ORD102932,2024-12-27,CUST0652,New,West,Sports,Yoga Mat,1,1850.04,0,1850.04
ORD101741,2024-12-28,CUST0027,Loyal,West,Electronics,Smartwatch,2,1343.2,5,2552.08
ORD100418,2024-12-29,CUST0032,New,North,Beauty,Perfume,4,1257.12,0,5028.48
ORD103446,2024-12-29,CUST0738,New,North,Sports,Dumbbell Set,1,2501.52,10,2251.37
ORD100690,2024-12-29,CUST0831,Loyal,North,Home & Kitchen,Non-stick Pan Set,1,1099.6,0,1099.6
ORD101300,2024-12-29,CUST0797,Loyal,North,Home & Kitchen,Electric Kettle,5,1904.69,20,7618.76
ORD102666,2024-12-29,CUST0403,New,West,Electronics,Smartwatch,1,4009.59,0,4009.59
ORD102667,2024-12-30,CUST0483,New,South,Sports,Resistance Bands,4,1177.8,15,4004.52
ORD102598,2024-12-30,CUST0095,New,Central,Home & Kitchen,Non-stick Pan Set,1,2443.69,5,2321.51
ORD103339,2024-12-30,CUST0380,New,South,Beauty,Face Serum,4,667.93,5,2538.13
ORD103337,2024-12-31,CUST0841,Returning,West,Home & Kitchen,Mixer Grinder,1,1725.95,20,1380.76
ORD102144,2024-12-31,CUST0345,New,East,Electronics,Power Bank,2,1781.58,0,3563.16
ORD101484,2024-12-31,CUST0386,Loyal,West,Sports,Resistance Bands,1,1456.91,15,1238.37
ORD102145,2024-12-31,CUST0017,Returning,East,Beauty,Sunscreen SPF50,1,731.61,10,658.45
ORD100984,2024-12-31,CUST0127,New,South,Sports,Football,2,2229.35,0,4458.7
ORD102605,2025-01-01,CUST0334,New,Central,Home & Kitchen,Mixer Grinder,1,2997.2,0,2997.2
ORD103137,2025-01-01,CUST0608,Loyal,West,Electronics,Power Bank,1,1499.25,10,1349.33
ORD101807,2025-01-01,CUST0552,Loyal,South,Electronics,Smartwatch,2,3428.77,20,5486.03
ORD102069,2025-01-01,CUST0597,Loyal,North,Sports,Yoga Mat,1,1157.89,0,1157.89
ORD100210,2025-01-01,CUST0753,Returning,North,Electronics,Bluetooth Speaker,3,1273.19,10,3437.61
ORD102764,2025-01-02,CUST0449,New,North,Beauty,Hair Dryer,1,913.2,20,730.56
ORD101454,2025-01-02,CUST0573,Returning,South,Beauty,Hair Dryer,3,703.85,0,2111.55
ORD101400,2025-01-02,CUST0126,New,North,Home & Kitchen,Air Fryer,2,806.11,0,1612.22
ORD100683,2025-01-03,CUST0517,New,Central,Beauty,Lip Balm Set,1,393.54,5,373.86
ORD100374,2025-01-03,CUST0275,Loyal,South,Electronics,Laptop Stand,2,3869.45,5,7351.95
ORD103662,2025-01-03,CUST0240,Returning,West,Apparel,Cotton T-Shirt,3,1354.23,0,4062.69
ORD101792,2025-01-04,CUST0333,New,Central,Apparel,Denim Jacket,3,1147.41,0,3442.23
ORD100514,2025-01-04,CUST0495,Loyal,West,Sports,Yoga Mat,1,2250.02,0,2250.02
ORD102235,2025-01-04,CUST0587,New,South,Sports,Dumbbell Set,1,2404.9,5,2284.66
ORD101960,2025-01-04,CUST0352,Loyal,West,Beauty,Lip Balm Set,3,371.77,0,1115.31
ORD100848,2025-01-04,CUST0140,New,South,Apparel,Running Shoes,6,1380.47,0,8282.82
ORD100785,2025-01-05,CUST0641,New,West,Electronics,Bluetooth Speaker,2,3428.0,5,6513.2
ORD102868,2025-01-05,CUST0589,New,South,Sports,Resistance Bands,2,611.39,0,1222.78
ORD100134,2025-01-05,CUST0406,New,Central,Sports,Cricket Bat,4,2939.35,15,9993.79
ORD103605,2025-01-05,CUST0300,Returning,East,Home & Kitchen,Table Lamp,2,402.74,15,684.66
ORD100822,2025-01-05,CUST0375,Returning,South,Apparel,Denim Jacket,1,2121.77,0,2121.77
ORD103401,2025-01-06,CUST0030,Returning,Central,Beauty,Perfume,2,776.89,0,1553.78
ORD100330,2025-01-07,CUST0525,New,North,Apparel,Cotton T-Shirt,1,1152.8,10,1037.52
ORD102512,2025-01-07,CUST0156,Loyal,East,Beauty,Hair Dryer,1,476.64,20,381.31
ORD101018,2025-01-07,CUST0495,New,East,Beauty,Sunscreen SPF50,3,1161.49,15,2961.8
ORD100509,2025-01-07,CUST0010,New,West,Apparel,Formal Shirt,5,1740.59,0,8702.95
ORD101315,2025-01-08,CUST0186,New,East,Electronics,Wireless Earbuds,1,2809.73,10,2528.76
ORD101029,2025-01-08,CUST0822,Returning,West,Home & Kitchen,Non-stick Pan Set,2,2604.2,0,5208.4
ORD103314,2025-01-09,CUST0300,Returning,West,Apparel,Formal Shirt,1,1010.2,5,959.69
ORD100896,2025-01-09,CUST0527,New,North,Beauty,Hair Dryer,2,1012.58,0,2025.16
ORD100390,2025-01-09,CUST0700,Loyal,South,Apparel,Running Shoes,2,1099.64,10,1979.35
ORD101044,2025-01-09,CUST0064,Returning,North,Beauty,Face Serum,6,706.27,0,4237.62
ORD101901,2025-01-10,CUST0761,Returning,East,Sports,Yoga Mat,3,1127.43,0,3382.29
ORD103044,2025-01-11,CUST0214,Returning,Central,Beauty,Lip Balm Set,1,719.69,15,611.74
ORD100840,2025-01-11,CUST0055,Returning,North,Sports,Resistance Bands,3,2063.15,0,6189.45
ORD101728,2025-01-11,CUST0024,Returning,West,Apparel,Running Shoes,1,785.18,15,667.4
ORD102357,2025-01-11,CUST0614,Returning,East,Sports,Dumbbell Set,2,1014.31,0,2028.62
ORD101878,2025-01-12,CUST0688,Returning,East,Beauty,Perfume,2,176.81,5,335.94
ORD101783,2025-01-12,CUST0108,Loyal,West,Home & Kitchen,Mixer Grinder,2,1580.69,15,2687.17
ORD101691,2025-01-12,CUST0731,New,Central,Apparel,Denim Jacket,3,1504.4,5,4287.54
ORD103761,2025-01-12,CUST0828,New,Central,Home & Kitchen,Air Fryer,1,509.18,0,509.18
ORD101673,2025-01-13,CUST0507,Returning,East,Electronics,Bluetooth Speaker,3,1710.36,5,4874.53
ORD102062,2025-01-13,CUST0639,New,South,Beauty,Lip Balm Set,1,259.52,0,259.52
ORD101348,2025-01-14,CUST0263,Returning,North,Apparel,Cotton T-Shirt,4,1175.41,5,4466.56
ORD100525,2025-01-14,CUST0850,Returning,North,Beauty,Face Serum,1,152.97,0,152.97
ORD101866,2025-01-14,CUST0219,Returning,West,Beauty,Perfume,2,656.0,0,1312.0
ORD101420,2025-01-14,CUST0071,Returning,West,Beauty,Lip Balm Set,3,1203.03,0,3609.09
ORD101694,2025-01-15,CUST0660,Returning,South,Sports,Resistance Bands,2,718.63,0,1437.26
ORD102952,2025-01-16,CUST0684,Returning,West,Sports,Football,1,2434.02,0,2434.02
ORD103987,2025-01-16,CUST0447,New,South,Beauty,Sunscreen SPF50,2,1201.79,5,2283.4
ORD103510,2025-01-16,CUST0091,Loyal,East,Home & Kitchen,Mixer Grinder,1,910.44,20,728.35
ORD102334,2025-01-16,CUST0780,New,East,Beauty,Face Serum,2,1342.55,0,2685.1
ORD100339,2025-01-17,CUST0564,Loyal,North,Electronics,Laptop Stand,1,1547.74,20,1238.19
ORD103855,2025-01-17,CUST0351,New,South,Sports,Dumbbell Set,2,728.79,20,1166.06
ORD101215,2025-01-17,CUST0552,Returning,West,Home & Kitchen,Table Lamp,4,698.44,0,2793.76
ORD103621,2025-01-17,CUST0007,New,West,Electronics,Laptop Stand,1,1549.09,5,1471.64
ORD100437,2025-01-17,CUST0310,Returning,West,Electronics,Bluetooth Speaker,1,3009.66,0,3009.66
ORD100861,2025-01-18,CUST0210,Returning,East,Apparel,Running Shoes,1,1365.44,20,1092.35
ORD100247,2025-01-19,CUST0567,New,North,Beauty,Hair Dryer,1,908.45,0,908.45
ORD102586,2025-01-19,CUST0479,New,South,Sports,Football,3,2226.61,0,6679.83
ORD103509,2025-01-20,CUST0389,Loyal,Central,Home & Kitchen,Non-stick Pan Set,4,3045.93,15,10356.16
ORD100678,2025-01-20,CUST0504,New,West,Home & Kitchen,Table Lamp,1,2978.9,15,2532.07
ORD102367,2025-01-20,CUST0722,New,North,Beauty,Face Serum,2,1121.72,0,2243.44
ORD103595,2025-01-20,CUST0262,Returning,East,Electronics,Smartwatch,1,1755.17,0,1755.17
ORD103389,2025-01-21,CUST0085,New,South,Electronics,Bluetooth Speaker,1,981.2,0,981.2
ORD102212,2025-01-21,CUST0762,Loyal,North,Electronics,Bluetooth Speaker,2,2443.21,20,3909.14
ORD102822,2025-01-21,CUST0841,New,West,Apparel,Formal Shirt,1,935.19,5,888.43
ORD102481,2025-01-22,CUST0387,Returning,South,Sports,Dumbbell Set,1,1059.05,0,1059.05
ORD100383,2025-01-22,CUST0694,Loyal,South,Apparel,Running Shoes,2,1961.54,15,3334.62
ORD100917,2025-01-22,CUST0536,Returning,Central,Home & Kitchen,Air Fryer,1,694.48,5,659.76
ORD100148,2025-01-22,CUST0844,New,North,Sports,Cricket Bat,1,2912.57,20,2330.06
ORD101230,2025-01-22,CUST0231,New,North,Electronics,Wireless Earbuds,3,3209.07,10,8664.49
ORD100544,2025-01-23,CUST0302,New,West,Sports,Resistance Bands,1,2243.51,0,2243.51
ORD100198,2025-01-23,CUST0429,New,East,Sports,Football,1,1300.15,10,1170.14
ORD103082,2025-01-23,CUST0525,Loyal,East,Apparel,Backpack,2,815.95,10,1468.71
ORD101984,2025-01-24,CUST0433,New,South,Sports,Yoga Mat,1,1449.8,15,1232.33
ORD102189,2025-01-24,CUST0474,New,North,Sports,Football,2,2390.31,0,4780.62
ORD100142,2025-01-24,CUST0240,Returning,South,Apparel,Backpack,1,1005.8,15,854.93
ORD101924,2025-01-24,CUST0777,New,South,Beauty,Sunscreen SPF50,4,361.92,5,1375.3
ORD102281,2025-01-25,CUST0400,Returning,Central,Electronics,Bluetooth Speaker,1,4024.04,20,3219.23
ORD101317,2025-01-25,CUST0672,Loyal,West,Apparel,Cotton T-Shirt,1,2158.29,20,1726.63
ORD102314,2025-01-25,CUST0178,New,Central,Apparel,Running Shoes,1,715.03,20,572.02
ORD101652,2025-01-26,CUST0274,New,South,Apparel,Formal Shirt,4,1856.42,10,6683.11
ORD102433,2025-01-26,CUST0789,Returning,West,Apparel,Formal Shirt,1,1923.15,0,1923.15
ORD102291,2025-01-26,CUST0573,Returning,Central,Apparel,Cotton T-Shirt,2,799.41,5,1518.88
ORD102889,2025-01-26,CUST0154,Returning,East,Apparel,Denim Jacket,2,2129.42,0,4258.84
ORD103342,2025-01-26,CUST0453,Returning,South,Home & Kitchen,Non-stick Pan Set,4,1438.44,0,5753.76
ORD100039,2025-01-26,CUST0670,Returning,South,Apparel,Running Shoes,1,874.78,20,699.82
ORD100875,2025-01-27,CUST0152,New,East,Home & Kitchen,Non-stick Pan Set,1,1287.44,0,1287.44
ORD103125,2025-01-27,CUST0252,New,North,Beauty,Perfume,2,789.71,0,1579.42
ORD102290,2025-01-27,CUST0401,Loyal,West,Electronics,Smartwatch,1,1282.36,15,1090.01
ORD103221,2025-01-27,CUST0278,Loyal,East,Beauty,Hair Dryer,1,959.27,20,767.42
ORD100835,2025-01-27,CUST0811,Loyal,South,Sports,Dumbbell Set,2,361.92,0,723.84
ORD103051,2025-01-27,CUST0288,New,West,Home & Kitchen,Mixer Grinder,1,1966.35,0,1966.35
ORD103758,2025-01-27,CUST0602,New,West,Sports,Football,2,2348.6,0,4697.2
ORD101678,2025-01-28,CUST0198,Returning,Central,Electronics,Laptop Stand,1,2887.41,20,2309.93
ORD102742,2025-01-28,CUST0670,Loyal,North,Sports,Dumbbell Set,3,1730.12,0,5190.36
ORD102222,2025-01-28,CUST0595,New,East,Beauty,Face Serum,3,647.13,10,1747.25
ORD103477,2025-01-28,CUST0150,Loyal,East,Beauty,Hair Dryer,1,303.53,0,303.53
ORD101253,2025-01-28,CUST0818,Returning,South,Home & Kitchen,Table Lamp,1,1629.09,0,1629.09
ORD101335,2025-01-30,CUST0344,New,North,Beauty,Sunscreen SPF50,3,639.65,20,1535.16
ORD102846,2025-01-30,CUST0317,New,East,Home & Kitchen,Table Lamp,2,1751.62,10,3152.92
ORD102173,2025-01-30,CUST0689,New,North,Electronics,Laptop Stand,1,2172.01,5,2063.41
ORD102555,2025-01-30,CUST0768,Returning,East,Apparel,Backpack,3,1973.38,10,5328.13
ORD101286,2025-01-31,CUST0645,New,North,Home & Kitchen,Electric Kettle,2,2884.14,0,5768.28
ORD102625,2025-01-31,CUST0818,Loyal,North,Electronics,Power Bank,1,3745.28,5,3558.02
ORD102718,2025-02-01,CUST0158,Loyal,West,Apparel,Backpack,2,1651.33,10,2972.39
ORD101112,2025-02-01,CUST0067,Loyal,Central,Home & Kitchen,Table Lamp,2,2868.66,15,4876.72
ORD100511,2025-02-02,CUST0395,Returning,North,Apparel,Running Shoes,3,1167.42,20,2801.81
ORD102085,2025-02-02,CUST0217,Returning,North,Apparel,Cotton T-Shirt,2,2141.62,0,4283.24
ORD100876,2025-02-02,CUST0415,Returning,Central,Beauty,Perfume,4,314.01,0,1256.04
ORD100564,2025-02-03,CUST0611,New,West,Electronics,Laptop Stand,6,1050.38,10,5672.05
ORD102501,2025-02-03,CUST0715,Returning,North,Electronics,Power Bank,2,4294.7,15,7300.99
ORD103027,2025-02-03,CUST0359,Returning,South,Electronics,Laptop Stand,1,1521.41,20,1217.13
ORD100022,2025-02-03,CUST0603,New,South,Beauty,Perfume,1,236.43,0,236.43
ORD101987,2025-02-03,CUST0424,Loyal,East,Sports,Cricket Bat,3,2054.72,10,5547.74
ORD101752,2025-02-03,CUST0036,Returning,South,Apparel,Backpack,3,930.01,5,2650.53
ORD101822,2025-02-03,CUST0394,Loyal,North,Electronics,Smartwatch,4,945.28,0,3781.12
ORD103871,2025-02-03,CUST0427,Returning,South,Electronics,Power Bank,4,3918.02,15,13321.27
ORD103749,2025-02-04,CUST0835,Loyal,Central,Home & Kitchen,Electric Kettle,2,2562.85,10,4613.13
ORD103186,2025-02-05,CUST0490,Loyal,West,Beauty,Face Serum,1,1491.66,15,1267.91
ORD101825,2025-02-05,CUST0520,Returning,Central,Sports,Dumbbell Set,4,2669.1,0,10676.4
ORD100288,2025-02-05,CUST0678,Loyal,West,Beauty,Lip Balm Set,3,657.12,15,1675.66
ORD100554,2025-02-06,CUST0329,New,South,Sports,Resistance Bands,1,2720.27,0,2720.27
ORD101761,2025-02-06,CUST0395,Loyal,West,Home & Kitchen,Table Lamp,4,2494.22,20,7981.5
ORD103753,2025-02-07,CUST0386,Loyal,West,Apparel,Denim Jacket,2,2148.7,0,4297.4
ORD101229,2025-02-07,CUST0456,Returning,West,Electronics,Power Bank,2,1890.78,15,3214.33
ORD101723,2025-02-07,CUST0292,New,North,Electronics,Wireless Earbuds,1,2836.42,5,2694.6
ORD101107,2025-02-08,CUST0367,Loyal,North,Home & Kitchen,Mixer Grinder,1,1415.89,0,1415.89
ORD100888,2025-02-08,CUST0474,Loyal,South,Electronics,Wireless Earbuds,3,2392.25,10,6459.07
ORD101787,2025-02-08,CUST0605,Returning,West,Sports,Resistance Bands,2,365.78,0,731.56
ORD102225,2025-02-08,CUST0695,Returning,East,Apparel,Backpack,2,1717.44,15,2919.65
ORD103160,2025-02-08,CUST0758,New,North,Electronics,Bluetooth Speaker,4,3596.55,0,14386.2
ORD102823,2025-02-08,CUST0104,New,East,Home & Kitchen,Table Lamp,2,1370.81,0,2741.62
ORD103951,2025-02-09,CUST0315,Loyal,North,Apparel,Formal Shirt,1,1730.1,20,1384.08
ORD102796,2025-02-09,CUST0600,New,Central,Beauty,Hair Dryer,3,972.95,10,2626.97
ORD100836,2025-02-09,CUST0724,New,West,Home & Kitchen,Air Fryer,3,420.23,0,1260.69
ORD103708,2025-02-09,CUST0256,New,Central,Apparel,Backpack,1,1081.42,20,865.14
ORD101981,2025-02-10,CUST0506,New,North,Electronics,Bluetooth Speaker,2,3358.92,20,5374.27
ORD101226,2025-02-10,CUST0054,New,Central,Beauty,Sunscreen SPF50,2,1465.11,0,2930.22
ORD103085,2025-02-10,CUST0774,New,West,Apparel,Running Shoes,2,1525.88,10,2746.58
ORD103307,2025-02-10,CUST0224,New,East,Electronics,Wireless Earbuds,1,3605.79,5,3425.5
ORD103523,2025-02-11,CUST0214,New,North,Electronics,Bluetooth Speaker,1,3656.48,0,3656.48
ORD102193,2025-02-11,CUST0544,Loyal,West,Apparel,Formal Shirt,3,1274.66,20,3059.18
ORD102205,2025-02-11,CUST0611,Returning,East,Apparel,Formal Shirt,1,1685.6,20,1348.48
ORD100342,2025-02-11,CUST0709,Returning,Central,Electronics,Power Bank,2,2342.9,10,4217.22
ORD103608,2025-02-11,CUST0763,Returning,East,Sports,Dumbbell Set,4,344.09,0,1376.36
ORD101156,2025-02-11,CUST0029,New,South,Home & Kitchen,Non-stick Pan Set,2,655.88,5,1246.17
ORD103508,2025-02-12,CUST0731,Returning,North,Sports,Dumbbell Set,2,294.21,10,529.58
ORD103300,2025-02-12,CUST0765,New,South,Beauty,Lip Balm Set,1,338.39,0,338.39
ORD100653,2025-02-13,CUST0628,Returning,North,Home & Kitchen,Electric Kettle,1,1846.51,20,1477.21
ORD102186,2025-02-13,CUST0068,New,East,Home & Kitchen,Table Lamp,1,1078.24,15,916.5
ORD102826,2025-02-13,CUST0387,New,South,Beauty,Face Serum,3,389.07,0,1167.21
ORD102236,2025-02-13,CUST0494,Loyal,East,Apparel,Formal Shirt,3,711.6,10,1921.32
ORD103153,2025-02-14,CUST0352,New,South,Electronics,Wireless Earbuds,4,2118.61,0,8474.44
ORD100445,2025-02-14,CUST0667,Loyal,South,Apparel,Backpack,2,1798.59,10,3237.46
ORD100520,2025-02-14,CUST0511,Returning,North,Beauty,Sunscreen SPF50,1,923.6,0,923.6
ORD101262,2025-02-15,CUST0553,New,Central,Home & Kitchen,Electric Kettle,2,2301.38,20,3682.21
ORD102427,2025-02-15,CUST0827,Returning,North,Beauty,Face Serum,1,1029.29,0,1029.29
ORD100743,2025-02-15,CUST0712,New,West,Electronics,Power Bank,2,2594.94,0,5189.88
ORD102477,2025-02-15,CUST0685,Loyal,South,Beauty,Face Serum,1,212.2,5,201.59
ORD101569,2025-02-15,CUST0051,Returning,Central,Electronics,Bluetooth Speaker,2,2890.42,15,4913.71
ORD101495,2025-02-15,CUST0441,New,East,Electronics,Laptop Stand,3,2258.02,0,6774.06
ORD102023,2025-02-16,CUST0715,Returning,Central,Sports,Football,3,1799.1,15,4587.7
ORD103352,2025-02-16,CUST0281,Returning,West,Electronics,Power Bank,1,3683.76,0,3683.76
ORD102541,2025-02-16,CUST0551,New,North,Apparel,Denim Jacket,1,843.15,5,800.99
ORD102824,2025-02-16,CUST0521,Returning,South,Apparel,Running Shoes,1,380.92,0,380.92
ORD101975,2025-02-16,CUST0796,Returning,East,Apparel,Running Shoes,1,913.46,10,822.11
ORD103580,2025-02-17,CUST0542,New,North,Home & Kitchen,Electric Kettle,3,1417.74,0,4253.22
ORD100329,2025-02-17,CUST0456,New,South,Home & Kitchen,Mixer Grinder,1,414.55,0,414.55
ORD100328,2025-02-17,CUST0158,New,South,Electronics,Laptop Stand,1,1164.62,0,1164.62
ORD100336,2025-02-17,CUST0140,Loyal,South,Apparel,Formal Shirt,2,1933.07,10,3479.53
ORD102583,2025-02-17,CUST0738,New,North,Apparel,Running Shoes,1,754.9,0,754.9
ORD103451,2025-02-17,CUST0265,Returning,North,Sports,Dumbbell Set,1,2902.21,15,2466.88
ORD100256,2025-02-17,CUST0452,Loyal,North,Home & Kitchen,Non-stick Pan Set,1,707.71,0,707.71
ORD100004,2025-02-17,CUST0471,Returning,West,Electronics,Bluetooth Speaker,1,3805.66,15,3234.81
ORD100174,2025-02-17,CUST0407,Loyal,East,Sports,Dumbbell Set,1,2467.05,0,2467.05
ORD102348,2025-02-17,CUST0831,Returning,East,Apparel,Running Shoes,2,1165.15,15,1980.76
ORD103081,2025-02-18,CUST0003,New,North,Sports,Dumbbell Set,3,1731.17,0,5193.51
ORD103213,2025-02-19,CUST0825,Returning,North,Electronics,Smartwatch,2,3008.61,10,5415.5
ORD100638,2025-02-19,CUST0828,Loyal,East,Sports,Cricket Bat,3,2637.71,15,6726.16
ORD100122,2025-02-19,CUST0340,New,East,Beauty,Sunscreen SPF50,3,828.09,10,2235.84
ORD102282,2025-02-19,CUST0172,Returning,West,Sports,Cricket Bat,2,334.24,0,668.48
ORD103996,2025-02-20,CUST0181,Returning,West,Apparel,Formal Shirt,1,604.59,5,574.36
ORD100660,2025-02-20,CUST0254,Returning,Central,Electronics,Wireless Earbuds,1,2285.27,5,2171.01
ORD100992,2025-02-20,CUST0092,New,North,Electronics,Power Bank,3,3675.16,5,10474.21
ORD102665,2025-02-20,CUST0145,New,West,Electronics,Smartwatch,2,1096.59,0,2193.18
ORD102424,2025-02-20,CUST0064,Returning,North,Electronics,Bluetooth Speaker,2,2420.94,15,4115.6
ORD100972,2025-02-21,CUST0745,Returning,West,Home & Kitchen,Mixer Grinder,1,3186.58,0,3186.58
ORD101123,2025-02-22,CUST0302,New,South,Electronics,Smartwatch,1,1173.2,0,1173.2
ORD100424,2025-02-22,CUST0153,Loyal,South,Beauty,Sunscreen SPF50,1,521.23,5,495.17
ORD101383,2025-02-22,CUST0246,Returning,Central,Electronics,Smartwatch,3,3699.32,0,11097.96
ORD102041,2025-02-22,CUST0221,New,South,Beauty,Hair Dryer,1,418.25,0,418.25
ORD100130,2025-02-22,CUST0261,Returning,East,Sports,Dumbbell Set,2,888.52,15,1510.48
ORD100695,2025-02-22,CUST0515,New,East,Electronics,Bluetooth Speaker,2,2933.69,0,5867.38
ORD103460,2025-02-23,CUST0432,New,West,Sports,Cricket Bat,1,2098.46,20,1678.77
ORD100465,2025-02-23,CUST0634,New,East,Beauty,Perfume,1,521.81,0,521.81
ORD103121,2025-02-24,CUST0012,Returning,West,Apparel,Running Shoes,3,1624.86,0,4874.58
ORD100358,2025-02-24,CUST0569,Returning,East,Beauty,Sunscreen SPF50,1,1390.87,0,1390.87
ORD102959,2025-02-24,CUST0379,New,South,Electronics,Smartwatch,2,3630.16,20,5808.26
ORD102938,2025-02-25,CUST0233,New,East,Apparel,Formal Shirt,4,676.13,0,2704.52
ORD100325,2025-02-25,CUST0238,Loyal,East,Home & Kitchen,Air Fryer,1,550.35,5,522.83
ORD101181,2025-02-25,CUST0128,Returning,East,Beauty,Hair Dryer,1,701.86,0,701.86
ORD103299,2025-02-26,CUST0127,New,East,Home & Kitchen,Air Fryer,1,1455.91,5,1383.11
ORD102883,2025-02-26,CUST0760,New,West,Sports,Dumbbell Set,2,1609.8,5,3058.62
ORD101508,2025-02-26,CUST0054,New,North,Beauty,Face Serum,1,1040.9,10,936.81
ORD101182,2025-02-27,CUST0740,Returning,North,Sports,Dumbbell Set,2,951.96,20,1523.14
ORD101418,2025-02-27,CUST0527,New,North,Home & Kitchen,Mixer Grinder,3,2053.46,10,5544.34
ORD100332,2025-02-27,CUST0249,Returning,South,Electronics,Bluetooth Speaker,1,3509.44,10,3158.5
ORD103063,2025-02-27,CUST0035,New,Central,Electronics,Bluetooth Speaker,1,3610.44,5,3429.92
ORD103710,2025-02-28,CUST0023,New,East,Home & Kitchen,Electric Kettle,2,2416.25,0,4832.5
ORD103947,2025-02-28,CUST0072,Returning,East,Home & Kitchen,Electric Kettle,2,1927.16,15,3276.17
ORD102736,2025-02-28,CUST0345,Returning,West,Home & Kitchen,Non-stick Pan Set,3,2491.55,10,6727.19
ORD101859,2025-03-01,CUST0628,Loyal,South,Apparel,Backpack,2,751.57,5,1427.98
ORD100189,2025-03-02,CUST0154,Returning,West,Apparel,Denim Jacket,2,2022.05,20,3235.28
ORD100216,2025-03-02,CUST0274,Returning,East,Apparel,Running Shoes,2,2056.19,10,3701.14
ORD102018,2025-03-02,CUST0454,Loyal,North,Beauty,Sunscreen SPF50,1,701.52,5,666.44
ORD102471,2025-03-02,CUST0816,Loyal,East,Electronics,Wireless Earbuds,1,1581.66,5,1502.58
ORD103223,2025-03-03,CUST0158,New,North,Home & Kitchen,Table Lamp,1,2138.51,5,2031.58
ORD102453,2025-03-03,CUST0624,Returning,North,Home & Kitchen,Air Fryer,3,944.21,5,2691.0
ORD101639,2025-03-04,CUST0840,New,West,Home & Kitchen,Electric Kettle,1,2565.13,0,2565.13
ORD103270,2025-03-04,CUST0679,New,Central,Sports,Resistance Bands,1,2739.54,10,2465.59
ORD101345,2025-03-04,CUST0643,Returning,Central,Home & Kitchen,Non-stick Pan Set,1,3082.44,10,2774.2
ORD100723,2025-03-04,CUST0016,New,North,Beauty,Lip Balm Set,2,193.51,20,309.62
ORD100454,2025-03-04,CUST0451,New,Central,Home & Kitchen,Electric Kettle,1,1648.17,0,1648.17
ORD102912,2025-03-04,CUST0637,Loyal,Central,Apparel,Formal Shirt,1,824.52,0,824.52
ORD101117,2025-03-05,CUST0539,Returning,East,Sports,Cricket Bat,1,1135.01,0,1135.01
ORD103454,2025-03-05,CUST0813,New,West,Apparel,Running Shoes,2,649.58,5,1234.2
ORD102947,2025-03-06,CUST0833,New,East,Electronics,Wireless Earbuds,3,1611.45,0,4834.35
ORD103382,2025-03-06,CUST0180,Loyal,East,Electronics,Power Bank,1,2113.69,0,2113.69
ORD100815,2025-03-06,CUST0504,Loyal,North,Apparel,Cotton T-Shirt,1,638.07,0,638.07
ORD103345,2025-03-06,CUST0657,New,North,Beauty,Perfume,1,791.01,0,791.01
ORD102522,2025-03-07,CUST0240,New,North,Electronics,Smartwatch,4,3481.51,0,13926.04
ORD103050,2025-03-07,CUST0301,Returning,South,Sports,Cricket Bat,3,279.65,0,838.95
ORD100662,2025-03-07,CUST0534,Returning,North,Apparel,Denim Jacket,1,1714.98,10,1543.48
ORD103290,2025-03-07,CUST0483,New,Central,Electronics,Power Bank,2,3760.95,20,6017.52
ORD101829,2025-03-07,CUST0246,New,West,Beauty,Face Serum,3,482.4,0,1447.2
ORD102617,2025-03-07,CUST0850,New,West,Sports,Football,1,1640.58,0,1640.58
ORD102095,2025-03-07,CUST0082,Returning,North,Sports,Cricket Bat,3,289.08,5,823.88
ORD102202,2025-03-08,CUST0538,Loyal,Central,Electronics,Power Bank,2,3704.09,15,6296.95
ORD103172,2025-03-08,CUST0781,New,East,Apparel,Denim Jacket,4,1894.04,0,7576.16
ORD101037,2025-03-09,CUST0320,New,Central,Home & Kitchen,Table Lamp,1,659.89,10,593.9
ORD101841,2025-03-09,CUST0253,Returning,Central,Home & Kitchen,Electric Kettle,3,836.6,10,2258.82
ORD102478,2025-03-09,CUST0307,New,North,Beauty,Hair Dryer,2,1023.86,0,2047.72
ORD102276,2025-03-10,CUST0463,Loyal,East,Beauty,Sunscreen SPF50,1,402.13,10,361.92
ORD100936,2025-03-10,CUST0345,Returning,North,Apparel,Backpack,2,1612.64,0,3225.28
ORD100819,2025-03-10,CUST0725,Loyal,West,Apparel,Running Shoes,1,1391.82,10,1252.64
ORD103263,2025-03-10,CUST0454,New,West,Home & Kitchen,Mixer Grinder,1,1138.01,10,1024.21
ORD101487,2025-03-10,CUST0590,New,West,Apparel,Cotton T-Shirt,3,847.33,10,2287.79
ORD102136,2025-03-10,CUST0241,Returning,East,Apparel,Running Shoes,3,553.62,20,1328.69
ORD102587,2025-03-10,CUST0738,Returning,East,Sports,Cricket Bat,1,1353.79,15,1150.72
ORD102611,2025-03-11,CUST0497,New,East,Home & Kitchen,Air Fryer,1,2433.51,20,1946.81
ORD101139,2025-03-11,CUST0212,Returning,North,Home & Kitchen,Air Fryer,1,2480.8,5,2356.76
ORD101153,2025-03-11,CUST0367,New,West,Home & Kitchen,Air Fryer,4,1165.11,5,4427.42
ORD101135,2025-03-11,CUST0655,Returning,South,Electronics,Laptop Stand,1,2083.83,5,1979.64
ORD100441,2025-03-12,CUST0227,New,North,Sports,Yoga Mat,1,2474.22,10,2226.8
ORD103222,2025-03-12,CUST0794,Returning,East,Electronics,Bluetooth Speaker,1,3144.72,10,2830.25
ORD102286,2025-03-12,CUST0349,Loyal,East,Home & Kitchen,Non-stick Pan Set,3,2003.26,0,6009.78
ORD100930,2025-03-12,CUST0292,New,East,Apparel,Formal Shirt,1,1585.33,20,1268.26
ORD101012,2025-03-13,CUST0508,Returning,North,Electronics,Bluetooth Speaker,1,3467.13,5,3293.77
ORD101221,2025-03-13,CUST0485,Returning,Central,Apparel,Running Shoes,3,941.08,15,2399.75
ORD100191,2025-03-13,CUST0811,New,West,Home & Kitchen,Table Lamp,5,1964.98,15,8351.16
ORD101381,2025-03-13,CUST0448,New,North,Apparel,Backpack,1,477.18,0,477.18
ORD103901,2025-03-14,CUST0473,Returning,South,Apparel,Formal Shirt,1,967.08,0,967.08
ORD103985,2025-03-14,CUST0420,Returning,North,Beauty,Sunscreen SPF50,4,1026.95,0,4107.8
ORD101457,2025-03-15,CUST0472,Returning,West,Home & Kitchen,Mixer Grinder,1,2536.39,10,2282.75
ORD101867,2025-03-15,CUST0794,Returning,North,Home & Kitchen,Mixer Grinder,3,1240.9,20,2978.16
ORD102589,2025-03-15,CUST0214,New,West,Beauty,Perfume,4,1239.31,5,4709.38
ORD101409,2025-03-16,CUST0383,Returning,East,Apparel,Formal Shirt,2,2029.9,20,3247.84
ORD102267,2025-03-16,CUST0704,Returning,West,Apparel,Cotton T-Shirt,2,1149.84,0,2299.68
ORD103980,2025-03-16,CUST0090,Returning,North,Apparel,Cotton T-Shirt,3,1005.54,0,3016.62
ORD102574,2025-03-16,CUST0585,Returning,South,Beauty,Face Serum,1,1405.31,0,1405.31
ORD101602,2025-03-16,CUST0544,New,West,Beauty,Lip Balm Set,1,1282.18,0,1282.18
ORD101264,2025-03-17,CUST0475,Loyal,Central,Home & Kitchen,Electric Kettle,2,1843.48,0,3686.96
ORD101223,2025-03-17,CUST0727,Returning,South,Electronics,Smartwatch,1,4017.08,0,4017.08
ORD101880,2025-03-17,CUST0329,Returning,Central,Home & Kitchen,Air Fryer,2,2272.93,15,3863.98
ORD103792,2025-03-17,CUST0414,New,West,Beauty,Face Serum,1,839.22,10,755.3
ORD103004,2025-03-18,CUST0578,New,South,Home & Kitchen,Table Lamp,3,1904.73,0,5714.19
ORD103301,2025-03-18,CUST0132,Loyal,North,Home & Kitchen,Electric Kettle,1,489.8,20,391.84
ORD100565,2025-03-18,CUST0353,New,Central,Sports,Resistance Bands,1,2307.82,15,1961.65
ORD101638,2025-03-18,CUST0099,Loyal,West,Home & Kitchen,Mixer Grinder,1,2377.43,20,1901.94
ORD101897,2025-03-19,CUST0257,Returning,East,Sports,Cricket Bat,1,1034.86,5,983.12
ORD101848,2025-03-19,CUST0481,Returning,East,Home & Kitchen,Air Fryer,1,755.92,0,755.92
ORD101008,2025-03-19,CUST0713,New,North,Apparel,Cotton T-Shirt,1,512.63,0,512.63
ORD102198,2025-03-19,CUST0539,New,West,Home & Kitchen,Non-stick Pan Set,1,2391.66,5,2272.08
ORD103543,2025-03-20,CUST0551,Loyal,North,Apparel,Running Shoes,1,1444.23,15,1227.6
ORD103624,2025-03-20,CUST0511,New,South,Apparel,Denim Jacket,1,653.52,5,620.84
ORD100728,2025-03-21,CUST0299,Returning,South,Electronics,Laptop Stand,3,4365.33,0,13095.99
ORD101935,2025-03-21,CUST0425,Returning,West,Electronics,Laptop Stand,4,3310.71,15,11256.41
ORD100202,2025-03-22,CUST0327,Loyal,North,Sports,Cricket Bat,1,1281.01,0,1281.01
ORD102065,2025-03-22,CUST0824,Loyal,South,Sports,Dumbbell Set,3,1037.79,10,2802.03
ORD102674,2025-03-22,CUST0322,Returning,North,Sports,Yoga Mat,2,2968.59,15,5046.6
ORD103429,2025-03-22,CUST0237,Returning,West,Home & Kitchen,Non-stick Pan Set,2,3119.29,0,6238.58
ORD101763,2025-03-23,CUST0837,Returning,East,Apparel,Cotton T-Shirt,2,953.41,15,1620.8
ORD100318,2025-03-23,CUST0232,Returning,Central,Electronics,Bluetooth Speaker,1,1775.55,15,1509.22
ORD100141,2025-03-24,CUST0466,New,North,Sports,Cricket Bat,3,977.26,0,2931.78
ORD100270,2025-03-24,CUST0010,Loyal,Central,Beauty,Sunscreen SPF50,2,1400.15,0,2800.3
ORD100462,2025-03-24,CUST0806,Returning,West,Sports,Cricket Bat,2,2772.2,0,5544.4
ORD100884,2025-03-25,CUST0316,New,South,Home & Kitchen,Mixer Grinder,3,1197.02,0,3591.06
ORD100533,2025-03-25,CUST0767,New,South,Apparel,Denim Jacket,2,1084.22,15,1843.17
ORD100625,2025-03-25,CUST0034,Returning,North,Home & Kitchen,Table Lamp,2,1584.89,10,2852.8
ORD103820,2025-03-25,CUST0625,Returning,North,Beauty,Perfume,3,153.41,10,414.21
ORD100634,2025-03-26,CUST0099,Loyal,North,Electronics,Smartwatch,4,2615.54,15,8892.84
ORD100214,2025-03-26,CUST0800,Returning,North,Sports,Football,3,775.53,0,2326.59
ORD101847,2025-03-26,CUST0123,Loyal,South,Apparel,Backpack,2,796.85,20,1274.96
ORD102944,2025-03-26,CUST0448,Returning,South,Beauty,Face Serum,1,1071.56,0,1071.56
ORD101685,2025-03-26,CUST0439,Loyal,South,Electronics,Bluetooth Speaker,2,3165.37,5,6014.2
ORD103539,2025-03-26,CUST0443,Loyal,East,Home & Kitchen,Table Lamp,2,1545.67,0,3091.34
ORD101642,2025-03-26,CUST0096,New,North,Electronics,Smartwatch,3,1660.44,5,4732.25
ORD100392,2025-03-26,CUST0412,Returning,East,Sports,Cricket Bat,2,1392.44,15,2367.15
ORD103934,2025-03-26,CUST0825,Returning,East,Electronics,Power Bank,4,1952.48,10,7028.93
ORD103416,2025-03-27,CUST0309,Returning,North,Sports,Resistance Bands,3,1343.87,0,4031.61
ORD100160,2025-03-27,CUST0704,New,South,Beauty,Face Serum,2,494.1,0,988.2
ORD102758,2025-03-27,CUST0019,Returning,North,Home & Kitchen,Mixer Grinder,1,1948.06,0,1948.06
ORD102480,2025-03-27,CUST0016,Returning,North,Sports,Resistance Bands,2,365.38,10,657.68
ORD101566,2025-03-27,CUST0047,Returning,North,Apparel,Cotton T-Shirt,3,945.7,20,2269.68
ORD103914,2025-03-27,CUST0331,New,East,Sports,Cricket Bat,1,1453.53,5,1380.85
ORD103012,2025-03-27,CUST0436,Loyal,North,Apparel,Formal Shirt,2,1632.32,10,2938.18
ORD103780,2025-03-28,CUST0650,Returning,North,Sports,Cricket Bat,3,957.23,0,2871.69
ORD101450,2025-03-28,CUST0696,Returning,Central,Electronics,Bluetooth Speaker,5,1523.89,5,7238.48
ORD103812,2025-03-28,CUST0017,New,North,Beauty,Lip Balm Set,1,502.64,5,477.51
ORD102044,2025-03-28,CUST0252,New,South,Beauty,Lip Balm Set,3,326.06,0,978.18
ORD101353,2025-03-28,CUST0480,Returning,South,Electronics,Smartwatch,3,1236.61,5,3524.34
ORD100063,2025-03-29,CUST0110,New,East,Home & Kitchen,Non-stick Pan Set,2,2502.7,20,4004.32
ORD100345,2025-03-29,CUST0532,New,North,Apparel,Formal Shirt,2,721.8,15,1227.06
ORD103335,2025-03-29,CUST0598,Returning,East,Apparel,Denim Jacket,1,309.46,0,309.46
ORD101273,2025-03-29,CUST0160,Loyal,North,Sports,Football,3,2429.96,0,7289.88
ORD100611,2025-03-29,CUST0071,New,South,Apparel,Formal Shirt,3,329.2,15,839.46
ORD103737,2025-03-29,CUST0730,Returning,Central,Beauty,Perfume,2,171.36,0,342.72
ORD100921,2025-03-30,CUST0286,Loyal,West,Apparel,Formal Shirt,1,2176.29,10,1958.66
ORD103124,2025-03-31,CUST0035,Loyal,Central,Home & Kitchen,Table Lamp,1,1926.56,20,1541.25
ORD100630,2025-03-31,CUST0834,New,North,Apparel,Formal Shirt,1,1394.2,0,1394.2
ORD103011,2025-03-31,CUST0521,New,West,Home & Kitchen,Mixer Grinder,3,1291.81,15,3294.12
ORD100421,2025-03-31,CUST0067,New,East,Apparel,Cotton T-Shirt,4,1844.22,0,7376.88
ORD101672,2025-04-01,CUST0328,New,South,Sports,Football,1,2726.26,0,2726.26
ORD102820,2025-04-01,CUST0008,New,North,Sports,Dumbbell Set,1,1951.38,15,1658.67
ORD101794,2025-04-01,CUST0552,Loyal,West,Apparel,Running Shoes,1,934.15,10,840.74
ORD103571,2025-04-01,CUST0177,New,West,Beauty,Sunscreen SPF50,2,768.15,0,1536.3
ORD102075,2025-04-01,CUST0247,Loyal,West,Beauty,Sunscreen SPF50,4,1049.44,0,4197.76
ORD103913,2025-04-01,CUST0003,Loyal,East,Electronics,Power Bank,3,3447.78,15,8791.84
ORD103579,2025-04-01,CUST0692,Loyal,Central,Apparel,Running Shoes,2,583.08,5,1107.85
ORD100466,2025-04-02,CUST0487,New,Central,Electronics,Power Bank,2,1755.29,15,2983.99
ORD102723,2025-04-02,CUST0742,Returning,West,Apparel,Formal Shirt,1,525.63,5,499.35
ORD103695,2025-04-03,CUST0594,Returning,Central,Beauty,Perfume,4,945.21,10,3402.76
ORD101863,2025-04-03,CUST0752,Returning,North,Home & Kitchen,Electric Kettle,3,2874.14,5,8191.3
ORD102511,2025-04-05,CUST0810,Loyal,North,Home & Kitchen,Non-stick Pan Set,2,997.34,20,1595.74
ORD101615,2025-04-05,CUST0274,Loyal,North,Beauty,Face Serum,2,827.06,15,1406.0
ORD101904,2025-04-05,CUST0026,New,South,Beauty,Lip Balm Set,3,1163.25,5,3315.26
ORD102763,2025-04-05,CUST0018,Returning,Central,Electronics,Laptop Stand,1,2181.21,0,2181.21
ORD102881,2025-04-05,CUST0586,Returning,East,Beauty,Sunscreen SPF50,1,154.53,10,139.08
ORD101970,2025-04-05,CUST0635,New,South,Electronics,Laptop Stand,1,1650.41,5,1567.89
ORD103305,2025-04-06,CUST0359,Returning,South,Electronics,Bluetooth Speaker,1,1660.64,20,1328.51
ORD101475,2025-04-06,CUST0109,Returning,North,Electronics,Wireless Earbuds,3,1734.14,15,4422.06
ORD101818,2025-04-06,CUST0352,New,West,Sports,Football,2,1554.62,20,2487.39
ORD102289,2025-04-06,CUST0703,New,West,Sports,Dumbbell Set,3,1706.79,20,4096.3
ORD101133,2025-04-06,CUST0158,New,South,Sports,Cricket Bat,5,2409.73,0,12048.65
ORD101718,2025-04-07,CUST0281,Loyal,South,Electronics,Power Bank,4,4409.95,20,14111.84
ORD100482,2025-04-07,CUST0429,Returning,West,Apparel,Running Shoes,3,2195.19,0,6585.57
ORD102038,2025-04-07,CUST0592,Loyal,Central,Sports,Football,1,1223.32,10,1100.99
ORD102022,2025-04-07,CUST0237,Returning,South,Home & Kitchen,Non-stick Pan Set,5,1096.54,0,5482.7
ORD102476,2025-04-07,CUST0603,Loyal,South,Home & Kitchen,Air Fryer,3,3041.68,15,7756.28
ORD100176,2025-04-08,CUST0633,New,North,Beauty,Hair Dryer,5,588.44,20,2353.76
ORD103066,2025-04-08,CUST0421,New,East,Beauty,Face Serum,2,1142.11,5,2170.01
ORD103184,2025-04-08,CUST0200,New,South,Sports,Dumbbell Set,2,588.4,0,1176.8
ORD101428,2025-04-08,CUST0508,Returning,North,Beauty,Lip Balm Set,1,1337.36,0,1337.36
ORD100073,2025-04-08,CUST0607,Loyal,Central,Home & Kitchen,Mixer Grinder,2,1895.55,5,3601.54
ORD101464,2025-04-08,CUST0628,Loyal,West,Beauty,Sunscreen SPF50,1,888.07,20,710.46
ORD100483,2025-04-08,CUST0744,Loyal,East,Beauty,Face Serum,4,1251.62,0,5006.48
ORD102060,2025-04-08,CUST0569,Loyal,South,Electronics,Laptop Stand,1,1283.39,0,1283.39
ORD100419,2025-04-08,CUST0813,New,West,Beauty,Perfume,4,773.76,20,2476.03
ORD102870,2025-04-08,CUST0439,Loyal,West,Apparel,Backpack,3,785.07,10,2119.69
ORD103487,2025-04-09,CUST0106,Returning,West,Sports,Resistance Bands,1,811.57,15,689.83
ORD102265,2025-04-09,CUST0554,New,West,Sports,Dumbbell Set,5,2352.47,5,11174.23
ORD102287,2025-04-09,CUST0780,Returning,North,Home & Kitchen,Electric Kettle,3,1318.07,10,3558.79
ORD102039,2025-04-09,CUST0825,New,Central,Apparel,Backpack,3,1930.06,0,5790.18
ORD102753,2025-04-10,CUST0310,New,Central,Apparel,Cotton T-Shirt,1,1455.7,10,1310.13
ORD103475,2025-04-10,CUST0694,New,West,Beauty,Face Serum,1,1299.96,15,1104.97
ORD103933,2025-04-10,CUST0739,New,North,Sports,Football,1,389.7,20,311.76
ORD100278,2025-04-10,CUST0630,Returning,West,Sports,Cricket Bat,1,2836.75,0,2836.75
ORD101764,2025-04-10,CUST0287,New,South,Beauty,Sunscreen SPF50,1,743.82,15,632.25
ORD102741,2025-04-11,CUST0741,Returning,South,Beauty,Lip Balm Set,1,720.36,15,612.31
ORD102728,2025-04-12,CUST0099,Returning,East,Sports,Resistance Bands,3,1832.26,10,4947.1
ORD101683,2025-04-12,CUST0734,New,West,Sports,Football,3,1397.0,0,4191.0
ORD101365,2025-04-12,CUST0129,Loyal,West,Apparel,Backpack,2,2092.32,20,3347.71
ORD102406,2025-04-12,CUST0798,New,East,Apparel,Backpack,3,2138.56,20,5132.54
ORD103747,2025-04-12,CUST0209,Loyal,Central,Beauty,Hair Dryer,2,796.74,0,1593.48
ORD103908,2025-04-12,CUST0828,Returning,North,Home & Kitchen,Mixer Grinder,2,914.47,15,1554.6
ORD101958,2025-04-13,CUST0152,Returning,South,Home & Kitchen,Table Lamp,1,1372.82,0,1372.82
ORD101280,2025-04-14,CUST0491,Loyal,West,Sports,Cricket Bat,1,859.88,5,816.89
ORD102221,2025-04-14,CUST0105,New,North,Electronics,Smartwatch,2,3505.89,0,7011.78
ORD102582,2025-04-14,CUST0616,Loyal,West,Home & Kitchen,Non-stick Pan Set,3,2391.4,15,6098.07
ORD100916,2025-04-14,CUST0696,New,North,Apparel,Formal Shirt,6,1898.01,5,10818.66
ORD103849,2025-04-14,CUST0277,New,North,Electronics,Power Bank,1,2822.32,0,2822.32
ORD100070,2025-04-14,CUST0789,New,East,Apparel,Backpack,1,1882.49,5,1788.37
ORD103520,2025-04-14,CUST0342,Returning,North,Beauty,Hair Dryer,2,569.01,10,1024.22
ORD101534,2025-04-14,CUST0084,Returning,East,Sports,Dumbbell Set,2,1189.32,0,2378.64
ORD103763,2025-04-14,CUST0417,Returning,East,Apparel,Backpack,3,894.44,5,2549.15
ORD103556,2025-04-15,CUST0043,Returning,West,Sports,Dumbbell Set,2,293.11,0,586.22
ORD100115,2025-04-15,CUST0664,Loyal,Central,Electronics,Smartwatch,2,2561.21,0,5122.42
ORD103906,2025-04-15,CUST0035,Loyal,East,Electronics,Smartwatch,4,3714.44,5,14114.87
ORD100331,2025-04-15,CUST0333,Returning,North,Electronics,Wireless Earbuds,2,3048.93,20,4878.29
ORD103111,2025-04-15,CUST0674,New,Central,Home & Kitchen,Non-stick Pan Set,1,3158.75,10,2842.88
ORD103344,2025-04-15,CUST0208,New,East,Home & Kitchen,Table Lamp,1,1099.56,0,1099.56
ORD103611,2025-04-15,CUST0246,New,South,Beauty,Hair Dryer,1,1109.83,0,1109.83
ORD103108,2025-04-15,CUST0497,New,North,Apparel,Backpack,4,889.78,20,2847.3
ORD100599,2025-04-16,CUST0121,Returning,North,Apparel,Running Shoes,2,313.52,10,564.34
ORD103568,2025-04-16,CUST0747,Loyal,North,Sports,Resistance Bands,2,942.51,0,1885.02
ORD103736,2025-04-16,CUST0422,New,West,Sports,Football,1,1519.29,10,1367.36
ORD103175,2025-04-16,CUST0011,New,West,Electronics,Power Bank,2,2423.01,5,4603.72
ORD101535,2025-04-16,CUST0203,Returning,Central,Beauty,Perfume,1,1004.05,20,803.24
ORD101677,2025-04-17,CUST0094,New,East,Electronics,Bluetooth Speaker,1,3151.78,15,2679.01
ORD100341,2025-04-17,CUST0434,New,East,Beauty,Sunscreen SPF50,3,1039.2,15,2649.96
ORD103791,2025-04-17,CUST0130,Loyal,East,Beauty,Sunscreen SPF50,1,597.36,0,597.36
ORD100361,2025-04-17,CUST0032,Returning,West,Beauty,Lip Balm Set,3,375.79,10,1014.63
ORD100188,2025-04-17,CUST0097,Returning,North,Apparel,Backpack,1,935.83,0,935.83
ORD101350,2025-04-17,CUST0383,Returning,South,Sports,Dumbbell Set,2,1967.74,0,3935.48
ORD100231,2025-04-18,CUST0697,New,North,Sports,Yoga Mat,3,453.95,5,1293.76
ORD100527,2025-04-18,CUST0221,New,East,Electronics,Bluetooth Speaker,2,4248.78,5,8072.68
ORD103645,2025-04-18,CUST0679,Returning,South,Apparel,Formal Shirt,4,1350.49,10,4861.76
ORD100505,2025-04-19,CUST0339,Returning,North,Apparel,Running Shoes,3,694.62,5,1979.67
ORD103360,2025-04-19,CUST0226,Loyal,South,Beauty,Face Serum,4,452.67,0,1810.68
ORD102730,2025-04-19,CUST0766,New,West,Electronics,Smartwatch,2,2152.21,0,4304.42
ORD102344,2025-04-19,CUST0119,Returning,North,Beauty,Sunscreen SPF50,2,1157.13,0,2314.26
ORD102910,2025-04-19,CUST0130,New,North,Sports,Dumbbell Set,2,529.28,15,899.78
ORD101676,2025-04-20,CUST0614,New,East,Home & Kitchen,Air Fryer,5,2135.78,0,10678.9
ORD100591,2025-04-21,CUST0524,Loyal,West,Sports,Dumbbell Set,2,750.18,15,1275.31
ORD103264,2025-04-21,CUST0409,New,North,Home & Kitchen,Table Lamp,3,447.3,5,1274.81
ORD103110,2025-04-21,CUST0583,New,North,Sports,Resistance Bands,3,1344.93,5,3833.05
ORD103730,2025-04-22,CUST0038,Loyal,East,Beauty,Face Serum,3,1055.99,0,3167.97
ORD102003,2025-04-22,CUST0806,Returning,East,Apparel,Denim Jacket,1,657.87,10,592.08
ORD103235,2025-04-22,CUST0627,Returning,North,Electronics,Smartwatch,1,3532.76,10,3179.48
ORD101330,2025-04-22,CUST0062,Returning,West,Apparel,Formal Shirt,2,844.86,0,1689.72
ORD102325,2025-04-23,CUST0078,Returning,West,Home & Kitchen,Air Fryer,2,2240.29,10,4032.52
ORD102247,2025-04-23,CUST0504,New,North,Home & Kitchen,Table Lamp,3,2636.27,15,6722.49
ORD101564,2025-04-23,CUST0419,Returning,South,Home & Kitchen,Air Fryer,3,2891.47,20,6939.53
ORD100838,2025-04-23,CUST0627,New,East,Home & Kitchen,Non-stick Pan Set,1,904.0,5,858.8
ORD100846,2025-04-24,CUST0447,New,Central,Home & Kitchen,Mixer Grinder,4,2038.26,0,8153.04
ORD101868,2025-04-24,CUST0530,Returning,North,Electronics,Smartwatch,3,1464.19,5,4172.94
ORD102365,2025-04-24,CUST0501,New,North,Sports,Dumbbell Set,1,2349.47,0,2349.47
ORD101805,2025-04-24,CUST0765,Returning,East,Home & Kitchen,Table Lamp,1,2888.09,5,2743.69
ORD102147,2025-04-24,CUST0139,Loyal,North,Sports,Yoga Mat,1,1758.56,15,1494.78
ORD100301,2025-04-25,CUST0663,New,East,Beauty,Perfume,1,494.24,0,494.24
ORD100961,2025-04-25,CUST0268,Loyal,West,Apparel,Formal Shirt,1,1866.36,15,1586.41
ORD103348,2025-04-25,CUST0655,New,West,Electronics,Power Bank,2,2935.82,10,5284.48
ORD101498,2025-04-25,CUST0833,Loyal,North,Sports,Resistance Bands,1,2651.45,0,2651.45
ORD100776,2025-04-26,CUST0349,New,North,Home & Kitchen,Table Lamp,1,1750.65,0,1750.65
ORD102313,2025-04-26,CUST0172,Loyal,North,Home & Kitchen,Air Fryer,2,3157.41,15,5367.6
ORD103719,2025-04-26,CUST0043,New,North,Home & Kitchen,Mixer Grinder,1,1906.91,15,1620.87
ORD100754,2025-04-27,CUST0020,Returning,South,Electronics,Laptop Stand,5,2035.81,10,9161.15
ORD103853,2025-04-27,CUST0721,New,Central,Beauty,Face Serum,1,1450.41,0,1450.41
ORD101622,2025-04-27,CUST0715,New,North,Home & Kitchen,Non-stick Pan Set,1,3141.98,0,3141.98
ORD101388,2025-04-27,CUST0322,New,Central,Electronics,Power Bank,4,3374.41,5,12822.76
ORD103059,2025-04-28,CUST0829,New,West,Beauty,Sunscreen SPF50,1,465.68,10,419.11
ORD102064,2025-04-28,CUST0504,New,South,Beauty,Face Serum,1,565.81,5,537.52
ORD101170,2025-04-29,CUST0553,Returning,North,Apparel,Cotton T-Shirt,1,951.18,0,951.18
ORD100749,2025-04-29,CUST0656,Returning,South,Beauty,Face Serum,1,1010.63,0,1010.63
ORD103229,2025-04-29,CUST0362,New,South,Sports,Dumbbell Set,3,446.05,5,1271.24
ORD102931,2025-04-29,CUST0779,Returning,Central,Electronics,Wireless Earbuds,2,4082.78,0,8165.56
ORD103932,2025-04-30,CUST0176,Returning,South,Home & Kitchen,Mixer Grinder,2,2583.77,0,5167.54
ORD101312,2025-04-30,CUST0362,New,Central,Home & Kitchen,Air Fryer,1,1595.98,0,1595.98
ORD103632,2025-05-02,CUST0524,Returning,North,Electronics,Bluetooth Speaker,2,2248.54,0,4497.08
ORD101329,2025-05-02,CUST0482,New,East,Home & Kitchen,Non-stick Pan Set,3,1876.86,0,5630.58
ORD102093,2025-05-03,CUST0314,Returning,West,Electronics,Laptop Stand,1,3660.41,20,2928.33
ORD103212,2025-05-03,CUST0264,New,North,Beauty,Hair Dryer,1,450.28,10,405.25
ORD101047,2025-05-03,CUST0526,Returning,East,Home & Kitchen,Non-stick Pan Set,1,1681.6,15,1429.36
ORD103905,2025-05-03,CUST0666,Returning,South,Electronics,Power Bank,3,3050.85,20,7322.04
ORD100469,2025-05-03,CUST0497,New,North,Sports,Yoga Mat,1,2515.92,15,2138.53
ORD101015,2025-05-04,CUST0447,Loyal,East,Beauty,Face Serum,2,618.13,15,1050.82
ORD101442,2025-05-04,CUST0628,Returning,North,Apparel,Denim Jacket,5,1633.49,20,6533.96
ORD102054,2025-05-05,CUST0068,New,East,Home & Kitchen,Mixer Grinder,4,2965.0,0,11860.0
ORD100309,2025-05-05,CUST0512,New,North,Apparel,Running Shoes,1,1382.6,0,1382.6
ORD103531,2025-05-05,CUST0085,Returning,East,Beauty,Sunscreen SPF50,1,840.99,20,672.79
ORD102973,2025-05-06,CUST0010,Returning,East,Electronics,Bluetooth Speaker,1,4325.56,20,3460.45
ORD101282,2025-05-06,CUST0763,New,Central,Home & Kitchen,Electric Kettle,2,401.5,15,682.55
ORD100343,2025-05-06,CUST0609,New,West,Sports,Yoga Mat,1,2712.63,10,2441.37
ORD103038,2025-05-06,CUST0726,Loyal,Central,Electronics,Power Bank,5,2307.32,0,11536.6
ORD100243,2025-05-06,CUST0782,Loyal,West,Home & Kitchen,Non-stick Pan Set,3,2419.16,0,7257.48
ORD102434,2025-05-07,CUST0356,New,North,Apparel,Denim Jacket,2,934.6,10,1682.28
ORD103649,2025-05-07,CUST0073,New,East,Sports,Cricket Bat,2,2763.1,10,4973.58
ORD103592,2025-05-07,CUST0221,New,West,Beauty,Sunscreen SPF50,1,383.88,20,307.1
ORD103954,2025-05-07,CUST0430,Returning,West,Electronics,Wireless Earbuds,1,934.14,0,934.14
ORD100146,2025-05-08,CUST0418,Returning,Central,Sports,Dumbbell Set,1,2542.66,10,2288.39
ORD103364,2025-05-08,CUST0047,New,Central,Beauty,Sunscreen SPF50,2,1222.66,0,2445.32
ORD102917,2025-05-08,CUST0653,New,North,Beauty,Perfume,2,267.29,20,427.66
ORD101034,2025-05-08,CUST0009,Returning,West,Beauty,Perfume,3,573.49,0,1720.47
ORD100845,2025-05-08,CUST0756,New,North,Home & Kitchen,Electric Kettle,1,1037.79,0,1037.79
ORD102923,2025-05-09,CUST0356,Returning,Central,Sports,Yoga Mat,1,2631.97,0,2631.97
ORD103272,2025-05-11,CUST0748,Returning,East,Beauty,Hair Dryer,2,1314.04,20,2102.46
ORD102513,2025-05-11,CUST0764,New,South,Sports,Yoga Mat,3,1750.59,0,5251.77
ORD103960,2025-05-12,CUST0626,Returning,West,Sports,Yoga Mat,2,1684.68,0,3369.36
ORD101272,2025-05-12,CUST0783,Returning,East,Beauty,Perfume,2,322.04,20,515.26
ORD101774,2025-05-12,CUST0258,Returning,South,Beauty,Lip Balm Set,2,554.99,0,1109.98
ORD103159,2025-05-12,CUST0335,New,Central,Beauty,Lip Balm Set,3,700.05,0,2100.15
ORD103391,2025-05-12,CUST0106,Returning,North,Home & Kitchen,Electric Kettle,6,1646.22,20,7901.86
ORD101789,2025-05-13,CUST0536,Returning,South,Beauty,Face Serum,4,1300.51,10,4681.84
ORD102420,2025-05-14,CUST0406,Loyal,East,Sports,Resistance Bands,1,2171.92,10,1954.73
ORD101242,2025-05-14,CUST0468,New,North,Electronics,Laptop Stand,2,4153.18,5,7891.04
ORD103537,2025-05-14,CUST0030,Returning,East,Sports,Dumbbell Set,3,2624.66,15,6692.88
ORD102984,2025-05-14,CUST0020,Returning,West,Sports,Yoga Mat,2,2679.73,20,4287.57
ORD102769,2025-05-14,CUST0387,New,West,Sports,Football,2,1077.43,0,2154.86
ORD103729,2025-05-15,CUST0134,New,South,Apparel,Running Shoes,4,680.54,15,2313.84
ORD103489,2025-05-15,CUST0365,Returning,East,Electronics,Wireless Earbuds,2,3893.78,5,7398.18
ORD101647,2025-05-15,CUST0822,Returning,South,Electronics,Bluetooth Speaker,1,1317.45,20,1053.96
ORD101658,2025-05-15,CUST0082,Returning,North,Beauty,Face Serum,4,1124.15,15,3822.11
ORD103474,2025-05-16,CUST0554,Loyal,South,Beauty,Perfume,3,837.84,15,2136.49
ORD101948,2025-05-16,CUST0123,Returning,North,Apparel,Cotton T-Shirt,2,865.19,0,1730.38
ORD102811,2025-05-16,CUST0673,Returning,North,Sports,Dumbbell Set,3,495.93,20,1190.23
ORD100021,2025-05-16,CUST0688,Returning,West,Home & Kitchen,Table Lamp,2,2396.26,5,4552.89
ORD102398,2025-05-17,CUST0489,Returning,North,Sports,Resistance Bands,3,1328.29,15,3387.14
ORD103353,2025-05-17,CUST0750,New,Central,Beauty,Perfume,3,1359.92,5,3875.77
ORD100026,2025-05-17,CUST0101,New,West,Beauty,Lip Balm Set,3,1032.16,15,2632.01
ORD103040,2025-05-17,CUST0114,Returning,West,Electronics,Power Bank,3,3986.6,15,10165.83
ORD102400,2025-05-17,CUST0182,Returning,South,Electronics,Bluetooth Speaker,2,2886.65,0,5773.3
ORD103558,2025-05-17,CUST0812,Returning,West,Home & Kitchen,Electric Kettle,4,1417.74,5,5387.41
ORD103681,2025-05-17,CUST0393,Returning,West,Sports,Dumbbell Set,3,892.75,10,2410.43
ORD103631,2025-05-18,CUST0469,Loyal,North,Home & Kitchen,Non-stick Pan Set,5,709.26,20,2837.04
ORD103612,2025-05-18,CUST0681,New,North,Sports,Resistance Bands,2,919.86,10,1655.75
ORD101773,2025-05-18,CUST0535,Loyal,North,Home & Kitchen,Electric Kettle,2,1522.44,5,2892.64
ORD101606,2025-05-18,CUST0384,Loyal,East,Home & Kitchen,Table Lamp,3,3030.34,5,8636.47
ORD100920,2025-05-19,CUST0809,Returning,West,Beauty,Hair Dryer,3,951.43,20,2283.43
ORD101640,2025-05-19,CUST0028,New,East,Sports,Football,1,2092.16,10,1882.94
ORD102955,2025-05-19,CUST0114,Returning,East,Electronics,Bluetooth Speaker,3,2055.43,20,4933.03
ORD101045,2025-05-20,CUST0603,New,North,Home & Kitchen,Mixer Grinder,4,2295.1,5,8721.38
ORD101259,2025-05-20,CUST0541,Returning,North,Sports,Cricket Bat,3,2864.89,20,6875.74
ORD100064,2025-05-20,CUST0256,Returning,West,Home & Kitchen,Non-stick Pan Set,1,1700.74,10,1530.67
ORD102886,2025-05-20,CUST0836,New,South,Beauty,Hair Dryer,5,181.13,10,815.09
ORD101316,2025-05-20,CUST0512,New,East,Home & Kitchen,Electric Kettle,2,2851.13,0,5702.26
ORD101120,2025-05-20,CUST0138,Loyal,North,Beauty,Perfume,4,493.61,0,1974.44
ORD102162,2025-05-20,CUST0220,Returning,West,Home & Kitchen,Table Lamp,1,1284.04,10,1155.64
ORD102443,2025-05-20,CUST0258,Loyal,West,Electronics,Smartwatch,1,1092.5,10,983.25
ORD101001,2025-05-20,CUST0261,Returning,East,Beauty,Face Serum,1,1247.31,0,1247.31
ORD102837,2025-05-20,CUST0841,Returning,Central,Sports,Resistance Bands,2,2333.29,20,3733.26
ORD100790,2025-05-21,CUST0364,Returning,South,Sports,Dumbbell Set,1,2505.2,5,2379.94
ORD102111,2025-05-21,CUST0713,New,West,Apparel,Cotton T-Shirt,3,870.39,0,2611.17
ORD102608,2025-05-21,CUST0788,Loyal,South,Electronics,Laptop Stand,1,3392.28,0,3392.28
ORD103587,2025-05-21,CUST0122,Returning,North,Apparel,Cotton T-Shirt,2,1276.02,10,2296.84
ORD101596,2025-05-22,CUST0555,Returning,South,Sports,Cricket Bat,4,2819.35,10,10149.66
ORD102372,2025-05-22,CUST0342,New,North,Beauty,Perfume,2,312.67,0,625.34
ORD103385,2025-05-22,CUST0060,Returning,South,Beauty,Perfume,5,1432.01,0,7160.05
ORD102237,2025-05-22,CUST0769,Loyal,West,Electronics,Smartwatch,2,2029.3,0,4058.6
ORD102979,2025-05-22,CUST0302,New,Central,Sports,Yoga Mat,1,702.05,20,561.64
ORD103735,2025-05-23,CUST0523,Returning,West,Electronics,Bluetooth Speaker,6,2430.18,0,14581.08
ORD103282,2025-05-23,CUST0026,Loyal,North,Sports,Cricket Bat,1,1829.89,0,1829.89
ORD101306,2025-05-23,CUST0141,Loyal,Central,Home & Kitchen,Mixer Grinder,5,680.65,10,3062.93
ORD103927,2025-05-24,CUST0483,New,North,Electronics,Smartwatch,1,2904.15,0,2904.15
ORD103506,2025-05-24,CUST0625,Returning,East,Electronics,Laptop Stand,3,2254.31,15,5748.49
ORD100298,2025-05-24,CUST0805,New,North,Sports,Football,1,2019.12,5,1918.16
ORD103805,2025-05-24,CUST0755,New,Central,Home & Kitchen,Air Fryer,2,3075.16,0,6150.32
ORD100746,2025-05-24,CUST0630,Returning,North,Sports,Cricket Bat,1,1963.92,0,1963.92
ORD101496,2025-05-24,CUST0361,New,North,Sports,Dumbbell Set,2,1943.05,0,3886.1
ORD102010,2025-05-25,CUST0186,Returning,North,Beauty,Perfume,5,572.74,0,2863.7
ORD101000,2025-05-25,CUST0523,New,North,Apparel,Backpack,4,385.68,0,1542.72
ORD101720,2025-05-25,CUST0516,Returning,East,Beauty,Hair Dryer,1,1226.59,10,1103.93
ORD102307,2025-05-26,CUST0160,Loyal,North,Apparel,Cotton T-Shirt,2,1976.73,0,3953.46
ORD102303,2025-05-26,CUST0812,Loyal,Central,Beauty,Face Serum,3,937.82,5,2672.79
ORD101361,2025-05-27,CUST0549,New,North,Apparel,Denim Jacket,2,1096.29,5,2082.95
ORD102264,2025-05-27,CUST0242,Returning,South,Beauty,Face Serum,1,693.59,5,658.91
ORD103848,2025-05-27,CUST0609,Returning,South,Beauty,Sunscreen SPF50,3,630.66,10,1702.78
ORD102633,2025-05-27,CUST0607,Returning,East,Apparel,Cotton T-Shirt,3,1394.84,5,3975.29
ORD103665,2025-05-27,CUST0285,Returning,Central,Apparel,Denim Jacket,2,1183.15,15,2011.36
ORD100571,2025-05-27,CUST0447,Returning,South,Home & Kitchen,Air Fryer,1,2394.16,15,2035.04
ORD100546,2025-05-27,CUST0339,New,North,Apparel,Backpack,3,1907.43,0,5722.29
ORD102531,2025-05-27,CUST0556,Loyal,East,Electronics,Laptop Stand,1,1923.16,0,1923.16
ORD101277,2025-05-28,CUST0626,Loyal,West,Home & Kitchen,Mixer Grinder,3,2363.21,10,6380.67
ORD103412,2025-05-28,CUST0247,New,North,Electronics,Power Bank,2,2093.61,5,3977.86
ORD103563,2025-05-28,CUST0204,Returning,West,Sports,Resistance Bands,1,2800.57,10,2520.51
ORD102485,2025-05-28,CUST0024,New,South,Home & Kitchen,Electric Kettle,3,1672.52,5,4766.68
ORD100969,2025-05-28,CUST0121,Loyal,North,Sports,Cricket Bat,2,717.84,10,1292.11
ORD103565,2025-05-28,CUST0307,New,West,Home & Kitchen,Mixer Grinder,1,3140.18,20,2512.14
ORD101030,2025-05-28,CUST0371,Loyal,Central,Beauty,Lip Balm Set,3,846.81,15,2159.37
ORD102448,2025-05-29,CUST0150,New,East,Apparel,Denim Jacket,1,1187.73,15,1009.57
ORD101114,2025-05-29,CUST0809,Returning,West,Home & Kitchen,Air Fryer,1,2792.42,0,2792.42
ORD102514,2025-05-29,CUST0307,New,East,Beauty,Sunscreen SPF50,3,1118.96,0,3356.88
ORD101358,2025-05-30,CUST0434,Loyal,North,Beauty,Sunscreen SPF50,4,1436.07,15,4882.64
ORD103411,2025-05-30,CUST0821,New,West,Sports,Yoga Mat,6,671.37,10,3625.4
ORD101900,2025-05-30,CUST0790,Returning,North,Electronics,Power Bank,2,1217.63,10,2191.73
ORD102993,2025-05-31,CUST0171,New,South,Beauty,Lip Balm Set,1,381.72,20,305.38
ORD103569,2025-05-31,CUST0810,New,West,Sports,Cricket Bat,1,315.39,15,268.08
ORD102505,2025-05-31,CUST0850,New,West,Sports,Cricket Bat,3,1580.63,15,4030.61
ORD102387,2025-06-01,CUST0176,New,North,Home & Kitchen,Air Fryer,1,1690.08,10,1521.07
ORD103582,2025-06-02,CUST0097,Returning,West,Electronics,Laptop Stand,2,3004.56,0,6009.12
ORD100596,2025-06-02,CUST0822,New,South,Sports,Football,3,1707.0,0,5121.0
ORD101869,2025-06-03,CUST0280,New,North,Home & Kitchen,Mixer Grinder,1,1988.7,0,1988.7
ORD101145,2025-06-03,CUST0716,New,Central,Beauty,Lip Balm Set,2,917.63,5,1743.5
ORD101735,2025-06-04,CUST0009,New,East,Electronics,Power Bank,4,3881.6,0,15526.4
ORD100352,2025-06-04,CUST0399,Loyal,West,Beauty,Face Serum,4,756.93,5,2876.33
ORD103200,2025-06-04,CUST0425,Returning,East,Home & Kitchen,Non-stick Pan Set,1,1011.36,0,1011.36
ORD103764,2025-06-04,CUST0760,Loyal,South,Home & Kitchen,Electric Kettle,3,735.1,10,1984.77
ORD103967,2025-06-04,CUST0150,Loyal,South,Apparel,Formal Shirt,1,1525.35,0,1525.35
ORD101552,2025-06-04,CUST0120,New,North,Beauty,Hair Dryer,2,525.91,15,894.05
ORD102918,2025-06-05,CUST0805,New,West,Apparel,Backpack,1,978.14,10,880.33
ORD102600,2025-06-05,CUST0511,Loyal,North,Sports,Football,1,2038.84,15,1733.01
ORD101355,2025-06-06,CUST0218,New,South,Home & Kitchen,Mixer Grinder,3,3190.03,5,9091.59
ORD101177,2025-06-06,CUST0308,New,North,Home & Kitchen,Mixer Grinder,2,2791.32,20,4466.11
ORD101659,2025-06-06,CUST0813,Loyal,East,Electronics,Smartwatch,4,3116.09,10,11217.92
ORD103114,2025-06-07,CUST0827,New,North,Electronics,Bluetooth Speaker,5,1521.6,10,6847.2
ORD101625,2025-06-07,CUST0761,Returning,North,Apparel,Denim Jacket,1,1257.15,20,1005.72
ORD101481,2025-06-07,CUST0209,New,North,Sports,Dumbbell Set,1,2889.54,0,2889.54
ORD101786,2025-06-07,CUST0580,Loyal,Central,Apparel,Cotton T-Shirt,4,1226.94,10,4416.98
ORD100449,2025-06-08,CUST0568,New,North,Home & Kitchen,Air Fryer,2,931.96,15,1584.33
ORD100997,2025-06-08,CUST0664,New,North,Beauty,Face Serum,3,775.76,0,2327.28
ORD100694,2025-06-08,CUST0012,New,West,Beauty,Face Serum,4,1031.25,10,3712.5
ORD101747,2025-06-08,CUST0483,New,Central,Apparel,Running Shoes,3,1522.81,5,4340.01
ORD102808,2025-06-08,CUST0552,Returning,West,Sports,Yoga Mat,4,1926.83,5,7321.95
ORD103507,2025-06-08,CUST0625,Returning,South,Apparel,Formal Shirt,2,862.39,10,1552.3
ORD103205,2025-06-08,CUST0583,Returning,East,Beauty,Hair Dryer,3,717.33,0,2151.99
ORD102234,2025-06-08,CUST0782,Loyal,East,Apparel,Cotton T-Shirt,1,579.76,10,521.78
ORD100783,2025-06-09,CUST0131,Returning,East,Apparel,Cotton T-Shirt,2,1269.81,20,2031.7
ORD100648,2025-06-09,CUST0092,New,South,Sports,Resistance Bands,3,1734.09,20,4161.82
ORD103705,2025-06-09,CUST0821,Returning,West,Electronics,Power Bank,1,1504.15,0,1504.15
ORD102620,2025-06-09,CUST0454,Returning,West,Apparel,Backpack,3,1209.11,0,3627.33
ORD103425,2025-06-10,CUST0162,Returning,Central,Beauty,Sunscreen SPF50,2,960.13,5,1824.25
ORD100557,2025-06-10,CUST0056,Returning,North,Electronics,Smartwatch,3,1036.39,0,3109.17
ORD102719,2025-06-10,CUST0107,Loyal,East,Sports,Football,2,1069.37,0,2138.74
ORD102042,2025-06-10,CUST0813,Returning,West,Home & Kitchen,Mixer Grinder,1,2497.83,15,2123.16
ORD102749,2025-06-10,CUST0024,Loyal,West,Electronics,Power Bank,2,2985.59,10,5374.06
ORD101100,2025-06-11,CUST0481,Loyal,South,Sports,Cricket Bat,2,2382.61,0,4765.22
ORD101411,2025-06-11,CUST0551,Returning,North,Home & Kitchen,Non-stick Pan Set,2,2674.39,20,4279.02
ORD103488,2025-06-11,CUST0530,Loyal,South,Electronics,Wireless Earbuds,2,2427.46,20,3883.94
ORD101371,2025-06-11,CUST0719,Returning,West,Beauty,Hair Dryer,4,740.62,0,2962.48
ORD103687,2025-06-12,CUST0832,Returning,West,Sports,Cricket Bat,4,2384.13,0,9536.52
ORD102735,2025-06-12,CUST0514,Returning,North,Home & Kitchen,Non-stick Pan Set,3,2890.7,20,6937.68
ORD103198,2025-06-12,CUST0031,New,East,Sports,Resistance Bands,2,2888.35,0,5776.7
ORD100789,2025-06-13,CUST0713,Loyal,North,Home & Kitchen,Air Fryer,5,2808.43,20,11233.72
ORD103271,2025-06-13,CUST0046,Loyal,Central,Apparel,Backpack,2,760.96,0,1521.92
ORD102385,2025-06-13,CUST0297,Loyal,West,Home & Kitchen,Non-stick Pan Set,3,2275.25,10,6143.18
ORD101453,2025-06-13,CUST0730,Returning,East,Electronics,Smartwatch,1,2713.73,15,2306.67
ORD101212,2025-06-13,CUST0759,New,North,Home & Kitchen,Non-stick Pan Set,2,711.87,0,1423.74
ORD101604,2025-06-14,CUST0446,Returning,East,Sports,Football,3,2134.76,10,5763.85
ORD102374,2025-06-14,CUST0247,New,West,Beauty,Lip Balm Set,1,939.95,10,845.96
ORD100201,2025-06-14,CUST0055,Loyal,West,Electronics,Smartwatch,1,4249.7,5,4037.21
ORD100187,2025-06-15,CUST0397,New,East,Beauty,Perfume,3,653.35,0,1960.05
ORD100670,2025-06-15,CUST0357,Returning,East,Sports,Cricket Bat,1,1808.43,10,1627.59
ORD101293,2025-06-15,CUST0189,New,East,Sports,Football,1,1919.85,0,1919.85
ORD101797,2025-06-15,CUST0318,New,Central,Apparel,Running Shoes,1,511.81,10,460.63
ORD103659,2025-06-15,CUST0069,Returning,West,Apparel,Cotton T-Shirt,1,650.09,10,585.08
ORD103303,2025-06-15,CUST0017,Returning,North,Beauty,Perfume,2,633.41,15,1076.8
ORD102934,2025-06-15,CUST0171,New,South,Apparel,Running Shoes,4,526.82,5,2001.92
ORD101588,2025-06-15,CUST0499,Returning,Central,Electronics,Wireless Earbuds,2,3154.19,10,5677.54
ORD102751,2025-06-15,CUST0610,New,South,Sports,Resistance Bands,1,260.58,20,208.46
ORD100221,2025-06-16,CUST0581,Returning,North,Electronics,Smartwatch,5,2218.78,5,10539.21
ORD101854,2025-06-17,CUST0165,New,North,Electronics,Power Bank,1,2802.8,10,2522.52
ORD101543,2025-06-17,CUST0305,New,West,Home & Kitchen,Table Lamp,1,2564.42,0,2564.42
ORD101465,2025-06-18,CUST0763,Returning,South,Sports,Yoga Mat,1,758.22,20,606.58
ORD103192,2025-06-18,CUST0347,Returning,East,Beauty,Sunscreen SPF50,3,452.18,10,1220.89
ORD100725,2025-06-18,CUST0415,Loyal,West,Sports,Football,2,2690.86,5,5112.63
ORD103286,2025-06-18,CUST0728,Loyal,East,Home & Kitchen,Air Fryer,2,2567.26,0,5134.52
ORD103717,2025-06-19,CUST0226,Loyal,East,Beauty,Face Serum,1,1367.94,5,1299.54
ORD101692,2025-06-19,CUST0394,Returning,West,Apparel,Running Shoes,3,578.4,0,1735.2
ORD102907,2025-06-19,CUST0110,New,West,Beauty,Sunscreen SPF50,1,1264.04,0,1264.04
ORD100729,2025-06-19,CUST0628,New,West,Beauty,Hair Dryer,2,374.76,0,749.52
ORD101623,2025-06-19,CUST0536,Returning,East,Apparel,Cotton T-Shirt,2,962.83,15,1636.81
ORD101506,2025-06-20,CUST0394,Loyal,North,Beauty,Face Serum,1,514.9,10,463.41
ORD103246,2025-06-20,CUST0117,Returning,South,Beauty,Lip Balm Set,1,639.48,0,639.48
ORD102421,2025-06-20,CUST0336,New,South,Apparel,Backpack,2,1995.79,0,3991.58
ORD101721,2025-06-20,CUST0608,New,North,Apparel,Cotton T-Shirt,4,1673.41,15,5689.59
ORD103548,2025-06-21,CUST0843,Returning,South,Electronics,Power Bank,4,1578.5,0,6314.0
ORD101194,2025-06-21,CUST0128,New,West,Sports,Yoga Mat,2,1056.1,5,2006.59
ORD100377,2025-06-22,CUST0666,Returning,Central,Beauty,Face Serum,2,1494.19,0,2988.38
ORD100649,2025-06-23,CUST0835,New,South,Apparel,Denim Jacket,3,320.06,10,864.16
ORD100044,2025-06-23,CUST0153,New,East,Sports,Football,2,2848.89,15,4843.11
ORD102231,2025-06-24,CUST0622,Loyal,South,Home & Kitchen,Non-stick Pan Set,1,2428.32,10,2185.49
ORD102913,2025-06-24,CUST0301,Loyal,South,Beauty,Perfume,2,513.91,10,925.04
ORD100113,2025-06-24,CUST0497,New,North,Electronics,Smartwatch,1,1936.9,15,1646.37
ORD101349,2025-06-24,CUST0411,Returning,Central,Home & Kitchen,Air Fryer,3,1417.72,0,4253.16
ORD101036,2025-06-24,CUST0343,Loyal,West,Apparel,Formal Shirt,3,460.13,10,1242.35
ORD103907,2025-06-25,CUST0211,New,South,Beauty,Lip Balm Set,1,205.19,15,174.41
ORD102362,2025-06-25,CUST0258,Returning,South,Sports,Cricket Bat,5,724.33,0,3621.65
ORD100886,2025-06-25,CUST0143,Loyal,West,Apparel,Running Shoes,2,1105.28,5,2100.03
ORD100927,2025-06-25,CUST0724,Returning,North,Beauty,Face Serum,2,1311.49,0,2622.98
ORD100066,2025-06-25,CUST0762,Loyal,South,Sports,Resistance Bands,5,1476.26,0,7381.3
ORD103252,2025-06-27,CUST0658,New,South,Home & Kitchen,Air Fryer,1,2053.0,15,1745.05
ORD103032,2025-06-27,CUST0848,New,South,Electronics,Smartwatch,3,4206.82,0,12620.46
ORD101681,2025-06-27,CUST0340,Returning,Central,Home & Kitchen,Non-stick Pan Set,5,711.24,10,3200.58
ORD101169,2025-06-27,CUST0811,Returning,North,Apparel,Running Shoes,1,1744.94,10,1570.45
ORD101502,2025-06-27,CUST0274,New,West,Apparel,Denim Jacket,1,1541.92,10,1387.73
ORD103909,2025-06-28,CUST0127,Returning,North,Electronics,Wireless Earbuds,3,1758.11,0,5274.33
ORD101742,2025-06-28,CUST0390,Returning,North,Home & Kitchen,Mixer Grinder,2,956.19,20,1529.9
ORD100219,2025-06-28,CUST0282,Loyal,North,Apparel,Formal Shirt,1,969.86,5,921.37
ORD103414,2025-06-28,CUST0602,Returning,Central,Beauty,Face Serum,1,906.19,0,906.19
ORD101060,2025-06-28,CUST0024,Returning,East,Electronics,Laptop Stand,1,1061.94,20,849.55
ORD100869,2025-06-28,CUST0533,New,North,Electronics,Bluetooth Speaker,2,3787.16,20,6059.46
ORD103279,2025-06-28,CUST0617,New,East,Electronics,Bluetooth Speaker,1,4263.82,10,3837.44
ORD103408,2025-06-29,CUST0834,Returning,West,Apparel,Running Shoes,1,1393.85,0,1393.85
ORD103840,2025-06-29,CUST0829,Returning,West,Electronics,Bluetooth Speaker,1,3023.52,15,2569.99
ORD100641,2025-06-30,CUST0024,Returning,East,Apparel,Backpack,3,617.9,20,1482.96
ORD101078,2025-06-30,CUST0182,New,Central,Electronics,Bluetooth Speaker,1,3064.72,5,2911.48
ORD100647,2025-06-30,CUST0578,Returning,North,Home & Kitchen,Table Lamp,3,2166.93,15,5525.67
ORD102750,2025-06-30,CUST0065,Returning,North,Apparel,Formal Shirt,1,1103.8,0,1103.8
ORD100381,2025-06-30,CUST0711,Loyal,West,Electronics,Wireless Earbuds,6,4457.36,5,25406.95
ORD101947,2025-06-30,CUST0196,New,Central,Beauty,Perfume,2,646.87,15,1099.68
ORD100552,2025-07-01,CUST0391,New,Central,Home & Kitchen,Table Lamp,2,511.66,0,1023.32
ORD100885,2025-07-01,CUST0823,Loyal,North,Sports,Yoga Mat,1,2289.2,5,2174.74
ORD103706,2025-07-01,CUST0699,Loyal,Central,Electronics,Bluetooth Speaker,2,2089.58,20,3343.33
ORD101288,2025-07-01,CUST0780,Returning,Central,Electronics,Wireless Earbuds,1,1985.32,5,1886.05
ORD102025,2025-07-01,CUST0491,New,South,Beauty,Face Serum,2,513.31,0,1026.62
ORD101142,2025-07-01,CUST0503,New,East,Electronics,Power Bank,3,2084.01,10,5626.83
ORD102888,2025-07-01,CUST0569,New,East,Electronics,Wireless Earbuds,2,1232.88,10,2219.18
ORD100474,2025-07-02,CUST0767,New,East,Home & Kitchen,Mixer Grinder,1,857.84,0,857.84
ORD100225,2025-07-02,CUST0139,Loyal,South,Home & Kitchen,Table Lamp,2,1775.36,0,3550.72
ORD100769,2025-07-02,CUST0829,Loyal,South,Sports,Cricket Bat,1,2210.47,15,1878.9
ORD100736,2025-07-02,CUST0784,New,North,Apparel,Running Shoes,3,685.42,10,1850.63
ORD101303,2025-07-02,CUST0471,Loyal,South,Home & Kitchen,Mixer Grinder,1,662.33,0,662.33
ORD103921,2025-07-03,CUST0134,New,North,Sports,Football,3,878.88,10,2372.98
ORD102895,2025-07-03,CUST0035,New,Central,Sports,Cricket Bat,4,2699.38,0,10797.52
ORD100521,2025-07-04,CUST0423,Returning,Central,Apparel,Cotton T-Shirt,1,333.76,5,317.07
ORD101415,2025-07-04,CUST0330,Returning,East,Electronics,Laptop Stand,3,3280.57,0,9841.71
ORD102762,2025-07-04,CUST0400,New,North,Apparel,Cotton T-Shirt,3,1591.35,15,4057.94
ORD103552,2025-07-04,CUST0658,Returning,South,Sports,Football,3,386.92,0,1160.76
ORD100782,2025-07-04,CUST0312,New,West,Home & Kitchen,Non-stick Pan Set,2,1996.77,15,3394.51
ORD101344,2025-07-05,CUST0730,Returning,South,Home & Kitchen,Electric Kettle,4,3032.4,0,12129.6
ORD103259,2025-07-06,CUST0721,Returning,South,Electronics,Laptop Stand,2,2507.86,0,5015.72
ORD101955,2025-07-06,CUST0501,Loyal,West,Electronics,Wireless Earbuds,2,2467.24,15,4194.31
ORD103388,2025-07-07,CUST0415,Returning,North,Electronics,Power Bank,1,3637.52,0,3637.52
ORD101811,2025-07-07,CUST0699,Returning,Central,Sports,Yoga Mat,1,2192.35,0,2192.35
ORD100545,2025-07-08,CUST0042,New,North,Home & Kitchen,Air Fryer,2,1838.77,5,3493.66
ORD100716,2025-07-08,CUST0208,New,North,Sports,Dumbbell Set,2,1738.72,20,2781.95
ORD102077,2025-07-08,CUST0594,New,West,Home & Kitchen,Non-stick Pan Set,1,1331.64,0,1331.64
ORD101533,2025-07-08,CUST0251,Loyal,East,Beauty,Sunscreen SPF50,2,319.13,10,574.43
ORD101366,2025-07-09,CUST0560,Returning,North,Sports,Yoga Mat,3,766.06,15,1953.45
ORD102156,2025-07-09,CUST0376,New,North,Home & Kitchen,Table Lamp,4,2954.28,0,11817.12
ORD101441,2025-07-09,CUST0604,Returning,North,Sports,Dumbbell Set,2,2691.99,5,5114.78
ORD101624,2025-07-09,CUST0216,Returning,Central,Home & Kitchen,Air Fryer,3,835.97,10,2257.12
ORD103226,2025-07-09,CUST0409,New,Central,Sports,Football,1,2080.15,10,1872.14
ORD100827,2025-07-09,CUST0122,New,South,Electronics,Wireless Earbuds,5,3495.64,5,16604.29
ORD101004,2025-07-10,CUST0190,Loyal,South,Sports,Cricket Bat,2,2477.52,0,4955.04
ORD101888,2025-07-10,CUST0826,Loyal,West,Electronics,Bluetooth Speaker,1,982.83,0,982.83
ORD102304,2025-07-10,CUST0346,Loyal,North,Sports,Football,1,630.1,15,535.59
ORD100635,2025-07-10,CUST0353,Returning,South,Apparel,Denim Jacket,1,2070.5,0,2070.5
ORD101648,2025-07-11,CUST0115,Returning,West,Sports,Cricket Bat,3,2571.46,0,7714.38
ORD103878,2025-07-11,CUST0103,Returning,East,Electronics,Wireless Earbuds,1,2245.55,10,2021.0
ORD100099,2025-07-11,CUST0062,Loyal,West,Beauty,Hair Dryer,1,562.26,10,506.03
ORD100186,2025-07-11,CUST0254,New,Central,Electronics,Bluetooth Speaker,1,3226.06,0,3226.06
ORD100559,2025-07-12,CUST0657,New,South,Beauty,Lip Balm Set,1,309.71,0,309.71
ORD101389,2025-07-12,CUST0622,Loyal,South,Home & Kitchen,Non-stick Pan Set,1,2247.07,15,1910.01
ORD100974,2025-07-12,CUST0137,Returning,East,Home & Kitchen,Electric Kettle,2,640.07,5,1216.13
ORD101360,2025-07-13,CUST0095,Loyal,North,Beauty,Perfume,2,398.51,0,797.02
ORD102100,2025-07-13,CUST0126,Loyal,East,Apparel,Cotton T-Shirt,1,1315.72,10,1184.15
ORD101976,2025-07-13,CUST0692,New,South,Home & Kitchen,Table Lamp,4,759.48,20,2430.34
ORD103968,2025-07-13,CUST0675,Returning,North,Sports,Football,3,1143.44,0,3430.32
ORD103101,2025-07-13,CUST0136,New,North,Beauty,Face Serum,5,1177.41,0,5887.05
ORD101734,2025-07-13,CUST0800,Returning,North,Home & Kitchen,Electric Kettle,1,1351.47,10,1216.32
ORD103640,2025-07-14,CUST0021,New,East,Home & Kitchen,Non-stick Pan Set,1,747.42,0,747.42
ORD101821,2025-07-14,CUST0061,Loyal,North,Electronics,Laptop Stand,2,1119.24,10,2014.63
ORD100758,2025-07-14,CUST0797,New,East,Apparel,Running Shoes,1,1011.01,0,1011.01
ORD101070,2025-07-14,CUST0172,Loyal,West,Electronics,Wireless Earbuds,1,3134.63,15,2664.44
ORD101864,2025-07-15,CUST0741,New,East,Beauty,Lip Balm Set,1,1048.25,0,1048.25
ORD100843,2025-07-17,CUST0030,Loyal,West,Electronics,Wireless Earbuds,1,1533.2,20,1226.56
ORD103893,2025-07-17,CUST0398,Returning,East,Beauty,Lip Balm Set,5,1307.91,0,6539.55
ORD102578,2025-07-18,CUST0121,New,West,Home & Kitchen,Non-stick Pan Set,4,1614.75,20,5167.2
ORD101966,2025-07-18,CUST0111,Loyal,West,Home & Kitchen,Non-stick Pan Set,1,3113.99,20,2491.19
ORD103584,2025-07-18,CUST0467,New,North,Electronics,Power Bank,1,3942.72,5,3745.58
ORD103889,2025-07-18,CUST0197,New,Central,Electronics,Power Bank,4,2649.36,0,10597.44
ORD102487,2025-07-19,CUST0081,Loyal,East,Sports,Resistance Bands,2,1295.39,0,2590.78
ORD102135,2025-07-19,CUST0489,Returning,East,Apparel,Denim Jacket,1,1608.02,0,1608.02
ORD102835,2025-07-19,CUST0786,New,West,Apparel,Denim Jacket,1,1925.79,0,1925.79
ORD103090,2025-07-19,CUST0179,New,North,Home & Kitchen,Mixer Grinder,5,3048.43,10,13717.93
ORD102701,2025-07-19,CUST0385,Loyal,North,Home & Kitchen,Non-stick Pan Set,3,819.03,0,2457.09
ORD100111,2025-07-20,CUST0527,New,North,Electronics,Bluetooth Speaker,1,3681.17,20,2944.94
ORD100149,2025-07-20,CUST0342,Returning,East,Electronics,Smartwatch,1,976.89,20,781.51
ORD102009,2025-07-20,CUST0053,Returning,West,Sports,Resistance Bands,2,1406.36,0,2812.72
ORD103895,2025-07-20,CUST0232,Returning,East,Home & Kitchen,Air Fryer,2,1061.74,0,2123.48
ORD101295,2025-07-21,CUST0566,Loyal,North,Sports,Resistance Bands,2,1065.0,0,2130.0
ORD101531,2025-07-22,CUST0371,Returning,West,Apparel,Cotton T-Shirt,2,2119.46,5,4026.97
ORD103057,2025-07-22,CUST0385,New,North,Sports,Resistance Bands,2,390.88,15,664.5
ORD102226,2025-07-23,CUST0653,Returning,South,Electronics,Laptop Stand,1,2218.25,5,2107.34
ORD101766,2025-07-23,CUST0658,New,West,Electronics,Bluetooth Speaker,1,3715.04,5,3529.29
ORD100831,2025-07-23,CUST0510,New,West,Sports,Dumbbell Set,1,2498.04,0,2498.04
ORD102088,2025-07-23,CUST0065,Returning,South,Electronics,Bluetooth Speaker,5,3157.35,20,12629.4
ORD100117,2025-07-24,CUST0072,Loyal,South,Sports,Dumbbell Set,1,1647.66,0,1647.66
ORD102300,2025-07-24,CUST0485,Loyal,East,Beauty,Perfume,3,1089.71,10,2942.22
ORD100508,2025-07-24,CUST0298,New,East,Apparel,Denim Jacket,2,631.93,0,1263.86
ORD100133,2025-07-24,CUST0586,Loyal,Central,Apparel,Running Shoes,3,502.64,5,1432.52
ORD101024,2025-07-25,CUST0844,Returning,West,Electronics,Wireless Earbuds,2,3990.19,0,7980.38
ORD100206,2025-07-25,CUST0528,Returning,West,Electronics,Wireless Earbuds,2,2829.79,15,4810.64
ORD102752,2025-07-25,CUST0292,New,North,Apparel,Formal Shirt,1,1473.83,10,1326.45
ORD102323,2025-07-25,CUST0672,Returning,South,Home & Kitchen,Non-stick Pan Set,2,1008.36,10,1815.05
ORD100528,2025-07-25,CUST0689,Returning,North,Home & Kitchen,Electric Kettle,3,2994.55,20,7186.92
ORD103801,2025-07-25,CUST0396,New,Central,Apparel,Cotton T-Shirt,1,1508.62,10,1357.76
ORD102801,2025-07-26,CUST0794,Returning,South,Sports,Cricket Bat,1,2661.31,20,2129.05
ORD100711,2025-07-26,CUST0403,Loyal,North,Sports,Yoga Mat,2,1088.55,5,2068.24
ORD103346,2025-07-26,CUST0218,Returning,West,Beauty,Sunscreen SPF50,5,453.22,0,2266.1
ORD100412,2025-07-27,CUST0607,New,North,Electronics,Laptop Stand,2,3851.87,0,7703.74
ORD101793,2025-07-27,CUST0759,Returning,North,Apparel,Running Shoes,3,1339.83,0,4019.49
ORD101470,2025-07-27,CUST0216,New,Central,Apparel,Cotton T-Shirt,1,1926.1,10,1733.49
ORD102911,2025-07-28,CUST0721,New,South,Home & Kitchen,Mixer Grinder,2,1497.56,5,2845.36
ORD103976,2025-07-28,CUST0410,New,North,Home & Kitchen,Air Fryer,1,1307.75,0,1307.75
ORD101161,2025-07-28,CUST0069,New,East,Home & Kitchen,Air Fryer,4,2146.95,0,8587.8
ORD100084,2025-07-30,CUST0828,Returning,North,Home & Kitchen,Mixer Grinder,1,2221.28,10,1999.15
ORD103008,2025-07-30,CUST0187,New,South,Apparel,Backpack,5,2022.19,5,9605.4
ORD103417,2025-07-30,CUST0692,Loyal,South,Beauty,Sunscreen SPF50,4,162.35,0,649.4
ORD100131,2025-07-30,CUST0162,Returning,Central,Apparel,Cotton T-Shirt,5,846.5,10,3809.25
ORD103167,2025-07-31,CUST0589,Returning,East,Apparel,Backpack,1,739.4,0,739.4
ORD103959,2025-07-31,CUST0337,Loyal,South,Home & Kitchen,Non-stick Pan Set,2,1124.15,20,1798.64
ORD100177,2025-07-31,CUST0537,New,South,Apparel,Cotton T-Shirt,1,1127.79,5,1071.4
ORD102402,2025-07-31,CUST0719,Returning,North,Sports,Football,3,2683.11,5,7646.86
ORD101143,2025-07-31,CUST0356,New,North,Beauty,Perfume,5,1022.5,5,4856.88
ORD101810,2025-07-31,CUST0023,Returning,East,Sports,Football,3,2871.2,0,8613.6
ORD102182,2025-07-31,CUST0539,New,West,Sports,Cricket Bat,4,1967.09,15,6688.11
ORD102961,2025-08-01,CUST0270,Returning,West,Home & Kitchen,Air Fryer,1,1412.63,20,1130.1
ORD103754,2025-08-01,CUST0602,Returning,North,Apparel,Backpack,2,2090.68,0,4181.36
ORD101414,2025-08-01,CUST0424,New,South,Electronics,Smartwatch,1,3002.87,20,2402.3
ORD102744,2025-08-01,CUST0659,Returning,South,Sports,Yoga Mat,1,1843.78,10,1659.4
ORD101216,2025-08-01,CUST0467,New,West,Apparel,Running Shoes,1,715.92,15,608.53
ORD103648,2025-08-02,CUST0106,New,South,Apparel,Denim Jacket,3,1946.79,5,5548.35
ORD100423,2025-08-02,CUST0031,Returning,Central,Electronics,Smartwatch,2,3507.95,5,6665.1
ORD101151,2025-08-02,CUST0483,New,East,Electronics,Wireless Earbuds,1,4320.07,0,4320.07
ORD102076,2025-08-02,CUST0111,New,North,Home & Kitchen,Non-stick Pan Set,2,2850.4,0,5700.8
ORD101422,2025-08-02,CUST0488,Loyal,North,Electronics,Wireless Earbuds,3,1573.31,0,4719.93
ORD101130,2025-08-02,CUST0428,New,South,Apparel,Cotton T-Shirt,2,1763.25,15,2997.53
ORD102828,2025-08-03,CUST0420,Loyal,South,Apparel,Running Shoes,5,1506.15,0,7530.75
ORD102369,2025-08-04,CUST0544,New,North,Home & Kitchen,Electric Kettle,4,2836.64,0,11346.56
ORD101516,2025-08-05,CUST0570,New,North,Electronics,Power Bank,1,2191.41,15,1862.7
ORD102603,2025-08-05,CUST0200,Returning,East,Beauty,Sunscreen SPF50,1,587.28,0,587.28
ORD102005,2025-08-05,CUST0253,Returning,North,Sports,Resistance Bands,1,2659.4,15,2260.49
ORD102689,2025-08-05,CUST0424,Returning,East,Electronics,Power Bank,1,2056.01,0,2056.01
ORD101663,2025-08-05,CUST0066,New,North,Sports,Cricket Bat,3,2199.77,0,6599.31
ORD101342,2025-08-06,CUST0670,New,Central,Electronics,Wireless Earbuds,1,1676.33,15,1424.88
ORD102382,2025-08-06,CUST0768,Loyal,West,Sports,Football,3,1301.11,10,3513.0
ORD100779,2025-08-06,CUST0072,Returning,North,Apparel,Backpack,1,885.27,5,841.01
ORD101512,2025-08-07,CUST0479,Returning,West,Beauty,Perfume,3,501.14,5,1428.25
ORD102556,2025-08-07,CUST0726,New,West,Beauty,Sunscreen SPF50,3,900.62,0,2701.86
ORD102921,2025-08-07,CUST0694,Returning,West,Home & Kitchen,Air Fryer,2,1258.82,0,2517.64
ORD100473,2025-08-08,CUST0501,New,East,Sports,Football,1,334.05,0,334.05
ORD101674,2025-08-08,CUST0546,Loyal,North,Apparel,Formal Shirt,1,1060.1,0,1060.1
ORD101468,2025-08-08,CUST0012,New,North,Beauty,Lip Balm Set,3,312.17,5,889.68
ORD103240,2025-08-08,CUST0522,New,West,Home & Kitchen,Electric Kettle,1,2335.64,0,2335.64
ORD101375,2025-08-08,CUST0275,New,North,Beauty,Lip Balm Set,2,452.31,0,904.62
ORD100858,2025-08-08,CUST0437,Returning,South,Electronics,Wireless Earbuds,4,2811.31,0,11245.24
ORD101755,2025-08-09,CUST0319,Loyal,South,Beauty,Perfume,2,1242.72,0,2485.44
ORD100212,2025-08-09,CUST0038,New,West,Beauty,Sunscreen SPF50,2,1197.86,5,2275.93
ORD100455,2025-08-10,CUST0684,Returning,West,Apparel,Running Shoes,4,587.15,15,1996.31
ORD100307,2025-08-12,CUST0424,New,West,Electronics,Power Bank,1,1631.26,0,1631.26
ORD102933,2025-08-13,CUST0211,Loyal,West,Sports,Cricket Bat,4,1978.89,0,7915.56
ORD102199,2025-08-13,CUST0647,Loyal,North,Electronics,Laptop Stand,1,1767.95,0,1767.95
ORD100242,2025-08-13,CUST0631,New,South,Electronics,Bluetooth Speaker,1,1082.18,5,1028.07
ORD100547,2025-08-13,CUST0631,New,North,Home & Kitchen,Air Fryer,4,542.4,15,1844.16
ORD103093,2025-08-14,CUST0702,Returning,North,Apparel,Cotton T-Shirt,1,1103.67,10,993.3
ORD102177,2025-08-15,CUST0387,New,East,Electronics,Wireless Earbuds,4,1840.63,0,7362.52
ORD103052,2025-08-15,CUST0013,Returning,East,Home & Kitchen,Non-stick Pan Set,2,1145.42,15,1947.21
ORD100943,2025-08-15,CUST0745,Loyal,West,Apparel,Backpack,2,2022.99,10,3641.38
ORD101104,2025-08-15,CUST0429,Returning,West,Sports,Cricket Bat,2,1173.07,0,2346.14
ORD102604,2025-08-16,CUST0645,New,North,Electronics,Wireless Earbuds,3,3878.69,20,9308.86
ORD101733,2025-08-17,CUST0477,Returning,West,Sports,Dumbbell Set,2,1435.1,0,2870.2
ORD103254,2025-08-17,CUST0371,Returning,North,Sports,Resistance Bands,3,2687.47,20,6449.93
ORD101254,2025-08-17,CUST0235,Returning,North,Sports,Cricket Bat,2,2839.61,20,4543.38
ORD102057,2025-08-18,CUST0647,Loyal,East,Apparel,Backpack,4,1847.32,0,7389.28
ORD100204,2025-08-18,CUST0154,New,North,Beauty,Perfume,1,495.5,20,396.4
ORD100796,2025-08-18,CUST0818,Returning,Central,Beauty,Perfume,3,597.54,0,1792.62
ORD103457,2025-08-19,CUST0169,Returning,East,Beauty,Hair Dryer,5,944.72,0,4723.6
ORD102616,2025-08-19,CUST0192,Returning,Central,Beauty,Face Serum,1,769.8,10,692.82
ORD101876,2025-08-19,CUST0100,Returning,Central,Apparel,Running Shoes,1,578.63,5,549.7
ORD101722,2025-08-20,CUST0622,Loyal,West,Electronics,Power Bank,2,2653.35,0,5306.7
ORD103120,2025-08-20,CUST0688,Returning,East,Home & Kitchen,Air Fryer,1,2204.4,20,1763.52
ORD101557,2025-08-20,CUST0651,Returning,West,Home & Kitchen,Mixer Grinder,2,1191.28,0,2382.56
ORD103228,2025-08-21,CUST0534,New,North,Beauty,Hair Dryer,3,857.1,0,2571.3
ORD100246,2025-08-21,CUST0745,New,North,Apparel,Backpack,2,554.48,0,1108.96
ORD103984,2025-08-21,CUST0125,Loyal,West,Electronics,Bluetooth Speaker,1,2030.61,5,1929.08
ORD100049,2025-08-21,CUST0234,Returning,West,Home & Kitchen,Non-stick Pan Set,2,1254.53,20,2007.25
ORD101525,2025-08-21,CUST0606,New,North,Apparel,Backpack,2,852.66,0,1705.32
ORD103668,2025-08-21,CUST0673,Returning,South,Home & Kitchen,Mixer Grinder,3,781.04,5,2225.96
ORD103664,2025-08-21,CUST0048,Returning,East,Sports,Football,1,2381.72,10,2143.55
ORD100768,2025-08-22,CUST0611,New,South,Electronics,Wireless Earbuds,1,2310.9,15,1964.27
ORD100280,2025-08-22,CUST0084,Returning,West,Sports,Dumbbell Set,2,1888.49,20,3021.58
ORD101489,2025-08-22,CUST0061,Returning,North,Apparel,Cotton T-Shirt,1,680.97,20,544.78
ORD101578,2025-08-23,CUST0495,New,South,Beauty,Hair Dryer,2,698.55,0,1397.1
ORD100143,2025-08-23,CUST0664,Returning,Central,Electronics,Laptop Stand,1,4194.92,0,4194.92
ORD103500,2025-08-24,CUST0733,Returning,East,Home & Kitchen,Air Fryer,1,1026.53,20,821.22
ORD102778,2025-08-25,CUST0278,Returning,East,Home & Kitchen,Non-stick Pan Set,2,839.75,20,1343.6
ORD102484,2025-08-25,CUST0606,New,West,Sports,Football,3,334.25,20,802.2
ORD100025,2025-08-26,CUST0363,New,West,Home & Kitchen,Mixer Grinder,1,671.41,5,637.84
ORD101913,2025-08-27,CUST0705,Returning,South,Electronics,Wireless Earbuds,2,1654.04,0,3308.08
ORD102914,2025-08-27,CUST0016,Returning,West,Beauty,Face Serum,1,1012.8,0,1012.8
ORD101198,2025-08-27,CUST0837,New,South,Apparel,Backpack,1,1991.29,0,1991.29
ORD102630,2025-08-27,CUST0371,Returning,North,Apparel,Formal Shirt,1,1802.43,0,1802.43
ORD101028,2025-08-28,CUST0425,New,East,Apparel,Denim Jacket,3,1007.63,20,2418.31
ORD103187,2025-08-28,CUST0578,Loyal,North,Electronics,Laptop Stand,6,3800.56,0,22803.36
ORD102437,2025-08-28,CUST0107,New,North,Apparel,Formal Shirt,1,427.93,0,427.93
ORD102761,2025-08-28,CUST0153,Returning,East,Apparel,Cotton T-Shirt,1,1944.44,0,1944.44
ORD101324,2025-08-28,CUST0798,New,North,Home & Kitchen,Air Fryer,2,2776.5,20,4442.4
ORD102248,2025-08-29,CUST0788,Returning,Central,Beauty,Face Serum,1,1408.85,0,1408.85
ORD102089,2025-08-29,CUST0606,Returning,Central,Beauty,Lip Balm Set,1,461.78,0,461.78
ORD102815,2025-08-29,CUST0437,New,East,Apparel,Running Shoes,1,530.4,15,450.84
ORD100161,2025-08-29,CUST0382,New,West,Electronics,Wireless Earbuds,1,1247.63,15,1060.49
ORD100255,2025-08-29,CUST0537,Returning,East,Apparel,Backpack,4,1408.69,0,5634.76
ORD102852,2025-08-30,CUST0156,Returning,East,Electronics,Smartwatch,3,3250.07,0,9750.21
ORD102848,2025-08-30,CUST0188,Loyal,Central,Home & Kitchen,Mixer Grinder,1,2008.14,0,2008.14
ORD100067,2025-08-30,CUST0534,Loyal,West,Beauty,Hair Dryer,2,524.37,20,838.99
ORD103067,2025-08-31,CUST0521,Returning,West,Sports,Cricket Bat,2,2370.52,5,4503.99
ORD101202,2025-08-31,CUST0330,New,West,Sports,Football,2,2004.7,20,3207.52
ORD103088,2025-09-01,CUST0050,Returning,Central,Electronics,Laptop Stand,1,1974.04,5,1875.34
ORD100894,2025-09-01,CUST0596,Returning,East,Electronics,Bluetooth Speaker,1,3943.01,0,3943.01
ORD100698,2025-09-01,CUST0793,New,East,Sports,Yoga Mat,1,1345.95,5,1278.65
ORD101356,2025-09-02,CUST0656,Returning,South,Electronics,Bluetooth Speaker,3,4314.72,0,12944.16
ORD100620,2025-09-02,CUST0700,Returning,North,Apparel,Denim Jacket,4,647.29,15,2200.79
ORD101756,2025-09-02,CUST0685,Returning,North,Beauty,Hair Dryer,1,643.54,10,579.19
ORD102175,2025-09-03,CUST0782,Returning,East,Apparel,Formal Shirt,1,586.1,20,468.88
ORD101581,2025-09-03,CUST0098,New,East,Sports,Yoga Mat,2,2476.62,0,4953.24
ORD101704,2025-09-04,CUST0075,Returning,East,Beauty,Face Serum,1,580.46,15,493.39
ORD103113,2025-09-04,CUST0382,Returning,East,Beauty,Perfume,2,758.77,0,1517.54
ORD103445,2025-09-05,CUST0127,New,South,Beauty,Sunscreen SPF50,3,417.87,5,1190.93
ORD100435,2025-09-05,CUST0182,New,Central,Electronics,Bluetooth Speaker,1,1369.76,15,1164.3
ORD103629,2025-09-05,CUST0780,New,North,Apparel,Cotton T-Shirt,1,1606.04,15,1365.13
ORD100999,2025-09-05,CUST0536,Returning,Central,Apparel,Running Shoes,4,870.78,0,3483.12
ORD101219,2025-09-06,CUST0342,Loyal,South,Home & Kitchen,Mixer Grinder,1,564.68,20,451.74
ORD101971,2025-09-06,CUST0360,Returning,North,Sports,Resistance Bands,4,336.67,0,1346.68
ORD102683,2025-09-06,CUST0059,Loyal,South,Sports,Resistance Bands,4,935.09,15,3179.31
ORD100512,2025-09-06,CUST0164,Returning,North,Beauty,Sunscreen SPF50,1,229.17,20,183.34
ORD101849,2025-09-07,CUST0711,Loyal,North,Electronics,Wireless Earbuds,1,1564.12,20,1251.3
ORD102104,2025-09-07,CUST0827,New,South,Apparel,Cotton T-Shirt,4,1737.84,0,6951.36
ORD100305,2025-09-07,CUST0795,New,West,Home & Kitchen,Table Lamp,2,1070.13,0,2140.26
ORD101609,2025-09-07,CUST0586,Returning,Central,Beauty,Face Serum,1,520.13,0,520.13
ORD102537,2025-09-07,CUST0679,New,West,Sports,Cricket Bat,3,2696.85,0,8090.55
ORD103917,2025-09-07,CUST0819,Loyal,North,Apparel,Running Shoes,2,1500.33,20,2400.53
ORD102165,2025-09-08,CUST0552,Loyal,West,Beauty,Perfume,1,221.32,0,221.32
ORD103634,2025-09-08,CUST0608,New,South,Electronics,Bluetooth Speaker,2,4417.05,5,8392.4
ORD101954,2025-09-08,CUST0707,New,North,Home & Kitchen,Electric Kettle,2,2841.58,0,5683.16
ORD103798,2025-09-09,CUST0082,Loyal,East,Apparel,Denim Jacket,1,1202.39,0,1202.39
ORD102645,2025-09-09,CUST0314,Returning,North,Electronics,Wireless Earbuds,1,2920.54,5,2774.51
ORD102363,2025-09-09,CUST0046,New,West,Electronics,Smartwatch,2,2463.07,0,4926.14
ORD103809,2025-09-09,CUST0447,Returning,East,Beauty,Lip Balm Set,2,851.87,0,1703.74
ORD101310,2025-09-10,CUST0058,New,West,Sports,Football,1,1567.0,0,1567.0
ORD103885,2025-09-10,CUST0723,New,Central,Apparel,Denim Jacket,2,713.58,15,1213.09
ORD101902,2025-09-10,CUST0195,Returning,South,Apparel,Formal Shirt,2,1337.24,15,2273.31
ORD100537,2025-09-10,CUST0547,Returning,Central,Sports,Resistance Bands,1,2104.17,20,1683.34
ORD100452,2025-09-10,CUST0485,New,North,Home & Kitchen,Air Fryer,1,1217.07,0,1217.07
ORD103127,2025-09-10,CUST0503,New,West,Home & Kitchen,Electric Kettle,2,1094.14,0,2188.28
ORD102962,2025-09-11,CUST0326,Returning,East,Sports,Dumbbell Set,3,845.41,5,2409.42
ORD103373,2025-09-11,CUST0723,New,West,Electronics,Wireless Earbuds,1,4056.86,20,3245.49
ORD101179,2025-09-11,CUST0005,Returning,North,Electronics,Bluetooth Speaker,1,1457.01,0,1457.01
ORD101776,2025-09-11,CUST0199,New,South,Home & Kitchen,Non-stick Pan Set,1,1573.23,10,1415.91
ORD102063,2025-09-12,CUST0158,New,Central,Electronics,Bluetooth Speaker,1,2361.33,5,2243.26
ORD101099,2025-09-12,CUST0320,New,North,Sports,Football,1,371.19,0,371.19
ORD102101,2025-09-12,CUST0398,New,West,Sports,Cricket Bat,3,503.08,0,1509.24
ORD101176,2025-09-12,CUST0625,New,South,Electronics,Bluetooth Speaker,1,2488.95,10,2240.05
ORD103869,2025-09-13,CUST0432,Returning,East,Beauty,Hair Dryer,1,1138.62,0,1138.62
ORD100597,2025-09-14,CUST0590,Returning,East,Beauty,Hair Dryer,1,1178.08,15,1001.37
ORD100617,2025-09-14,CUST0719,Returning,North,Electronics,Bluetooth Speaker,4,4479.11,15,15228.97
ORD103786,2025-09-14,CUST0592,Returning,West,Sports,Cricket Bat,1,2676.07,20,2140.86
ORD102978,2025-09-14,CUST0502,Loyal,West,Electronics,Wireless Earbuds,1,3888.48,15,3305.21
ORD101165,2025-09-14,CUST0656,Loyal,North,Electronics,Bluetooth Speaker,1,2516.08,10,2264.47
ORD103888,2025-09-14,CUST0618,New,North,Sports,Resistance Bands,2,2472.07,20,3955.31
ORD100692,2025-09-15,CUST0610,Returning,West,Home & Kitchen,Mixer Grinder,2,2013.45,0,4026.9
ORD101416,2025-09-15,CUST0249,New,North,Home & Kitchen,Air Fryer,1,631.82,10,568.64
ORD101586,2025-09-16,CUST0436,Loyal,West,Sports,Resistance Bands,5,473.94,0,2369.7
ORD103020,2025-09-16,CUST0214,Returning,South,Beauty,Face Serum,4,1269.84,0,5079.36
ORD103870,2025-09-16,CUST0759,New,Central,Beauty,Face Serum,2,777.79,0,1555.58
ORD101118,2025-09-16,CUST0666,Returning,North,Beauty,Lip Balm Set,2,1393.6,10,2508.48
ORD103219,2025-09-16,CUST0535,Loyal,East,Electronics,Bluetooth Speaker,4,1944.44,5,7388.87
ORD100793,2025-09-16,CUST0749,Loyal,East,Apparel,Cotton T-Shirt,1,452.12,15,384.3
ORD101473,2025-09-17,CUST0795,New,East,Beauty,Lip Balm Set,2,1106.48,10,1991.66
ORD100085,2025-09-17,CUST0089,Returning,West,Beauty,Lip Balm Set,3,585.11,0,1755.33
ORD100603,2025-09-17,CUST0676,Returning,East,Apparel,Denim Jacket,5,1056.45,0,5282.25
ORD100616,2025-09-17,CUST0029,Returning,Central,Home & Kitchen,Electric Kettle,1,1690.02,10,1521.02
ORD102007,2025-09-18,CUST0259,New,South,Apparel,Backpack,2,783.98,0,1567.96
ORD100068,2025-09-19,CUST0328,Returning,South,Home & Kitchen,Electric Kettle,1,1056.58,0,1056.58
ORD101204,2025-09-19,CUST0675,New,West,Beauty,Perfume,3,1417.76,5,4040.62
ORD100428,2025-09-19,CUST0612,New,East,Apparel,Backpack,2,641.65,0,1283.3
ORD103238,2025-09-19,CUST0276,New,North,Sports,Football,1,2972.59,10,2675.33
ORD103123,2025-09-19,CUST0573,Loyal,East,Beauty,Lip Balm Set,1,990.22,0,990.22
ORD103098,2025-09-19,CUST0674,Returning,North,Electronics,Wireless Earbuds,4,1962.85,15,6673.69
ORD101561,2025-09-20,CUST0116,Returning,East,Beauty,Lip Balm Set,1,548.81,0,548.81
ORD103017,2025-09-20,CUST0384,New,East,Sports,Football,1,1915.03,0,1915.03
ORD100844,2025-09-20,CUST0334,New,North,Sports,Yoga Mat,2,1473.26,10,2651.87
ORD102377,2025-09-21,CUST0600,New,Central,Beauty,Face Serum,2,1161.18,0,2322.36
ORD103619,2025-09-22,CUST0264,New,North,Beauty,Lip Balm Set,3,627.34,0,1882.02
ORD102137,2025-09-22,CUST0113,Returning,Central,Beauty,Sunscreen SPF50,1,1016.55,0,1016.55
ORD100032,2025-09-23,CUST0063,Loyal,South,Home & Kitchen,Non-stick Pan Set,1,2021.7,10,1819.53
ORD100825,2025-09-23,CUST0608,New,West,Electronics,Power Bank,1,1595.13,15,1355.86
ORD103877,2025-09-23,CUST0723,New,South,Electronics,Smartwatch,5,3283.21,0,16416.05
ORD101007,2025-09-23,CUST0692,Returning,West,Apparel,Backpack,4,1612.26,15,5481.68
ORD101706,2025-09-24,CUST0454,Returning,North,Apparel,Backpack,1,2019.48,15,1716.56
ORD102562,2025-09-24,CUST0113,Loyal,West,Apparel,Running Shoes,4,1934.48,15,6577.23
ORD103150,2025-09-25,CUST0611,Returning,West,Electronics,Laptop Stand,2,2638.68,0,5277.36
ORD102401,2025-09-25,CUST0798,New,East,Apparel,Backpack,1,1017.03,0,1017.03
ORD101909,2025-09-25,CUST0623,New,Central,Electronics,Bluetooth Speaker,4,2063.82,5,7842.52
ORD103834,2025-09-26,CUST0220,New,South,Apparel,Cotton T-Shirt,2,1532.53,5,2911.81
ORD101265,2025-09-26,CUST0006,Returning,North,Electronics,Bluetooth Speaker,2,1974.06,0,3948.12
ORD101844,2025-09-26,CUST0460,Returning,North,Apparel,Backpack,1,379.42,20,303.54
ORD100315,2025-09-26,CUST0282,Returning,East,Electronics,Wireless Earbuds,4,960.21,15,3264.71
ORD101014,2025-09-26,CUST0275,Returning,East,Home & Kitchen,Air Fryer,3,1284.38,0,3853.14
ORD100515,2025-09-26,CUST0722,New,South,Electronics,Power Bank,1,3257.9,0,3257.9
ORD103268,2025-09-27,CUST0122,Returning,South,Electronics,Power Bank,4,4376.61,0,17506.44
ORD101137,2025-09-27,CUST0239,Loyal,North,Electronics,Smartwatch,1,2289.22,0,2289.22
ORD101116,2025-09-28,CUST0521,Returning,West,Home & Kitchen,Air Fryer,1,2121.68,0,2121.68
ORD102335,2025-09-28,CUST0701,Returning,East,Sports,Football,3,1814.53,0,5443.59
ORD102328,2025-09-28,CUST0585,Loyal,North,Beauty,Lip Balm Set,3,541.29,0,1623.87
ORD100851,2025-09-28,CUST0754,Returning,East,Home & Kitchen,Table Lamp,1,440.61,5,418.58
ORD101077,2025-09-28,CUST0032,Loyal,North,Beauty,Perfume,2,1029.21,10,1852.58
ORD101052,2025-09-28,CUST0587,New,East,Electronics,Wireless Earbuds,1,1060.86,5,1007.82
ORD103713,2025-09-29,CUST0397,Returning,East,Beauty,Hair Dryer,1,215.84,0,215.84
ORD100371,2025-09-29,CUST0649,Returning,East,Home & Kitchen,Table Lamp,2,1450.48,0,2900.96
ORD102431,2025-09-30,CUST0787,New,East,Beauty,Hair Dryer,1,758.34,0,758.34
ORD102132,2025-09-30,CUST0063,New,South,Beauty,Hair Dryer,3,734.95,0,2204.85
ORD100929,2025-10-01,CUST0058,Returning,East,Sports,Resistance Bands,2,2599.47,10,4679.05
ORD102071,2025-10-01,CUST0628,Returning,East,Electronics,Bluetooth Speaker,1,2793.91,20,2235.13
ORD100955,2025-10-01,CUST0700,New,West,Sports,Cricket Bat,1,1750.8,5,1663.26
ORD102802,2025-10-01,CUST0114,Returning,South,Apparel,Backpack,2,2096.35,15,3563.79
ORD100820,2025-10-01,CUST0554,Returning,South,Beauty,Lip Balm Set,5,1246.57,0,6232.85
ORD101830,2025-10-02,CUST0831,New,North,Home & Kitchen,Mixer Grinder,1,3150.57,5,2993.04
ORD101813,2025-10-02,CUST0714,New,Central,Beauty,Sunscreen SPF50,1,760.35,10,684.32
ORD101670,2025-10-02,CUST0127,New,Central,Home & Kitchen,Mixer Grinder,1,2099.94,20,1679.95
ORD102261,2025-10-03,CUST0843,Returning,North,Sports,Football,1,2522.42,20,2017.94
ORD102020,2025-10-03,CUST0453,New,South,Beauty,Perfume,1,835.21,5,793.45
ORD100519,2025-10-03,CUST0659,New,South,Apparel,Running Shoes,1,1263.17,10,1136.85
ORD103701,2025-10-03,CUST0711,Returning,East,Apparel,Denim Jacket,1,643.33,0,643.33
ORD101945,2025-10-03,CUST0080,Returning,East,Beauty,Perfume,1,1050.48,0,1050.48
ORD102450,2025-10-03,CUST0249,Loyal,South,Sports,Yoga Mat,4,1344.9,0,5379.6
ORD101284,2025-10-03,CUST0789,New,South,Apparel,Denim Jacket,1,325.96,10,293.36
ORD100109,2025-10-04,CUST0165,New,South,Electronics,Power Bank,1,3312.48,20,2649.98
ORD103783,2025-10-04,CUST0436,Returning,Central,Sports,Resistance Bands,4,2670.2,0,10680.8
ORD101931,2025-10-05,CUST0159,Returning,North,Beauty,Perfume,2,1216.13,15,2067.42
ORD100623,2025-10-05,CUST0381,Returning,West,Sports,Yoga Mat,2,366.22,5,695.82
ORD100145,2025-10-05,CUST0687,Returning,North,Electronics,Wireless Earbuds,1,2299.12,0,2299.12
ORD100925,2025-10-05,CUST0352,Returning,South,Beauty,Sunscreen SPF50,2,831.47,10,1496.65
ORD103803,2025-10-06,CUST0326,New,South,Beauty,Hair Dryer,1,698.45,20,558.76
ORD101426,2025-10-07,CUST0225,New,North,Sports,Football,5,934.6,0,4673.0
ORD100013,2025-10-07,CUST0433,New,West,Electronics,Wireless Earbuds,2,1475.94,15,2509.1
ORD102056,2025-10-07,CUST0382,Loyal,West,Electronics,Wireless Earbuds,2,2133.85,15,3627.54
ORD102991,2025-10-07,CUST0397,New,West,Home & Kitchen,Table Lamp,1,2003.26,20,1602.61
ORD101544,2025-10-07,CUST0437,Loyal,East,Apparel,Cotton T-Shirt,4,1401.67,20,4485.34
ORD101491,2025-10-07,CUST0355,Returning,Central,Electronics,Laptop Stand,2,3656.07,0,7312.14
ORD100229,2025-10-08,CUST0133,New,East,Electronics,Bluetooth Speaker,1,3793.18,10,3413.86
ORD101959,2025-10-09,CUST0341,Returning,South,Sports,Football,1,1905.92,0,1905.92
ORD100087,2025-10-09,CUST0611,New,East,Apparel,Running Shoes,7,790.87,0,5536.09
ORD103047,2025-10-09,CUST0173,New,East,Sports,Resistance Bands,2,2167.67,0,4335.34
ORD100363,2025-10-11,CUST0376,New,North,Sports,Resistance Bands,2,2381.56,20,3810.5
ORD101967,2025-10-11,CUST0846,New,West,Home & Kitchen,Air Fryer,4,2516.24,0,10064.96
ORD101087,2025-10-11,CUST0431,Loyal,West,Apparel,Backpack,2,726.64,0,1453.28
ORD103797,2025-10-11,CUST0225,New,East,Sports,Yoga Mat,4,1140.86,10,4107.1
ORD102996,2025-10-11,CUST0682,New,West,Apparel,Formal Shirt,1,384.73,0,384.73
ORD100335,2025-10-12,CUST0341,New,North,Sports,Resistance Bands,1,1087.81,5,1033.42
ORD103721,2025-10-12,CUST0515,New,North,Apparel,Backpack,5,754.91,0,3774.55
ORD100914,2025-10-12,CUST0395,New,East,Apparel,Denim Jacket,1,923.42,0,923.42
ORD103546,2025-10-12,CUST0760,Loyal,North,Beauty,Hair Dryer,1,1381.38,0,1381.38
ORD103561,2025-10-12,CUST0371,Returning,West,Apparel,Cotton T-Shirt,4,1236.6,0,4946.4
ORD100803,2025-10-12,CUST0592,Returning,North,Beauty,Lip Balm Set,2,1010.73,0,2021.46
ORD102636,2025-10-13,CUST0586,New,West,Electronics,Smartwatch,4,2006.93,0,8027.72
ORD102361,2025-10-13,CUST0380,Loyal,South,Sports,Football,1,1097.71,0,1097.71
ORD100747,2025-10-13,CUST0298,New,East,Sports,Football,1,1925.87,15,1636.99
ORD100937,2025-10-14,CUST0509,New,North,Sports,Cricket Bat,9,2915.93,0,26243.37
ORD102707,2025-10-14,CUST0215,New,West,Apparel,Backpack,1,1111.56,15,944.83
ORD100136,2025-10-14,CUST0257,New,East,Apparel,Running Shoes,4,1509.57,10,5434.45
ORD103383,2025-10-14,CUST0829,Returning,North,Apparel,Cotton T-Shirt,2,837.69,15,1424.07
ORD102381,2025-10-14,CUST0204,Returning,East,Beauty,Perfume,2,451.97,0,903.94
ORD101346,2025-10-15,CUST0801,Loyal,North,Electronics,Wireless Earbuds,2,2869.69,20,4591.5
ORD102279,2025-10-15,CUST0040,Returning,South,Home & Kitchen,Non-stick Pan Set,1,1782.94,15,1515.5
ORD101796,2025-10-15,CUST0826,Loyal,North,Home & Kitchen,Mixer Grinder,5,1759.23,0,8796.15
ORD102126,2025-10-16,CUST0591,New,South,Electronics,Wireless Earbuds,1,1810.57,0,1810.57
ORD102905,2025-10-16,CUST0773,New,West,Beauty,Lip Balm Set,4,1250.11,15,4250.37
ORD100504,2025-10-16,CUST0367,New,North,Home & Kitchen,Table Lamp,4,1864.81,0,7459.24
ORD103931,2025-10-17,CUST0416,Returning,East,Sports,Dumbbell Set,1,402.77,0,402.77
ORD101824,2025-10-17,CUST0615,New,North,Home & Kitchen,Table Lamp,1,2841.87,0,2841.87
ORD103285,2025-10-17,CUST0151,New,West,Apparel,Formal Shirt,4,2029.02,15,6898.67
ORD101666,2025-10-18,CUST0677,Returning,West,Home & Kitchen,Table Lamp,1,1115.94,0,1115.94
ORD101444,2025-10-18,CUST0681,Returning,West,Home & Kitchen,Mixer Grinder,2,1211.39,10,2180.5
ORD100877,2025-10-19,CUST0520,New,Central,Home & Kitchen,Mixer Grinder,4,3116.42,10,11219.11
ORD101476,2025-10-19,CUST0815,Loyal,West,Beauty,Hair Dryer,1,1241.55,15,1055.32
ORD101369,2025-10-19,CUST0784,New,South,Beauty,Lip Balm Set,4,882.33,10,3176.39
ORD102975,2025-10-20,CUST0029,Returning,North,Apparel,Denim Jacket,1,446.25,15,379.31
ORD103897,2025-10-20,CUST0045,New,North,Apparel,Denim Jacket,2,1331.41,10,2396.54
ORD101069,2025-10-21,CUST0434,Loyal,South,Home & Kitchen,Non-stick Pan Set,2,2589.67,10,4661.41
ORD103833,2025-10-21,CUST0650,New,North,Apparel,Formal Shirt,5,813.69,15,3458.18
ORD103989,2025-10-22,CUST0703,Returning,East,Apparel,Formal Shirt,1,446.96,0,446.96
ORD101188,2025-10-22,CUST0092,Returning,East,Sports,Football,5,2319.27,15,9856.9
ORD102941,2025-10-22,CUST0818,New,North,Electronics,Wireless Earbuds,4,4025.26,0,16101.04
ORD103218,2025-10-23,CUST0560,New,Central,Sports,Dumbbell Set,4,1488.19,15,5059.85
ORD103626,2025-10-23,CUST0411,Loyal,West,Sports,Football,1,911.42,0,911.42
ORD103502,2025-10-23,CUST0400,Returning,South,Apparel,Running Shoes,2,1213.39,10,2184.1
ORD100792,2025-10-24,CUST0582,Returning,Central,Apparel,Formal Shirt,1,363.58,0,363.58
ORD103733,2025-10-24,CUST0561,Loyal,West,Sports,Resistance Bands,4,2982.45,0,11929.8
ORD101124,2025-10-24,CUST0122,Returning,East,Sports,Resistance Bands,1,2798.17,0,2798.17
ORD103257,2025-10-26,CUST0848,Loyal,Central,Sports,Yoga Mat,2,877.0,15,1490.9
ORD103781,2025-10-26,CUST0037,New,South,Sports,Resistance Bands,1,2141.48,0,2141.48
ORD100626,2025-10-26,CUST0716,Returning,West,Apparel,Formal Shirt,7,1168.67,0,8180.69
ORD102515,2025-10-27,CUST0817,New,South,Home & Kitchen,Table Lamp,1,2640.57,5,2508.54
ORD100595,2025-10-27,CUST0002,New,East,Electronics,Wireless Earbuds,1,3072.51,20,2458.01
ORD100295,2025-10-28,CUST0792,Returning,West,Apparel,Running Shoes,2,905.92,10,1630.66
ORD103770,2025-10-28,CUST0412,Returning,West,Home & Kitchen,Non-stick Pan Set,1,1797.82,15,1528.15
ORD101922,2025-10-29,CUST0306,Returning,West,Apparel,Running Shoes,7,1855.31,0,12987.17
ORD103806,2025-10-29,CUST0088,New,West,Home & Kitchen,Air Fryer,4,936.68,0,3746.72
ORD101206,2025-10-30,CUST0479,New,East,Electronics,Smartwatch,2,3896.47,10,7013.65
ORD101074,2025-10-30,CUST0252,Loyal,East,Apparel,Denim Jacket,2,1644.73,0,3289.46
ORD100697,2025-10-30,CUST0085,Returning,South,Electronics,Smartwatch,2,1432.84,0,2865.68
ORD101066,2025-10-30,CUST0496,New,North,Beauty,Face Serum,2,896.71,0,1793.42
ORD103822,2025-10-30,CUST0705,New,East,Electronics,Power Bank,4,1451.44,15,4934.9
ORD102194,2025-10-31,CUST0532,New,West,Electronics,Smartwatch,1,2901.93,10,2611.74
ORD102927,2025-10-31,CUST0207,New,Central,Beauty,Face Serum,2,234.35,15,398.39
ORD100282,2025-11-01,CUST0120,New,East,Home & Kitchen,Table Lamp,1,2792.56,5,2652.93
ORD100314,2025-11-01,CUST0676,Returning,North,Beauty,Hair Dryer,4,1410.77,5,5360.93
ORD102210,2025-11-01,CUST0095,New,North,Home & Kitchen,Air Fryer,1,1345.55,0,1345.55
ORD100245,2025-11-01,CUST0612,New,North,Beauty,Sunscreen SPF50,5,218.23,5,1036.59
ORD102051,2025-11-02,CUST0750,New,Central,Electronics,Smartwatch,4,3278.22,5,12457.24
ORD101798,2025-11-02,CUST0078,Returning,West,Sports,Cricket Bat,5,1344.42,15,5713.78
ORD103201,2025-11-02,CUST0454,New,South,Electronics,Power Bank,2,2621.31,20,4194.1
ORD100673,2025-11-02,CUST0245,Returning,Central,Beauty,Sunscreen SPF50,1,641.5,10,577.35
ORD100962,2025-11-02,CUST0465,Returning,South,Electronics,Bluetooth Speaker,1,2871.82,0,2871.82
ORD101961,2025-11-03,CUST0818,Returning,South,Home & Kitchen,Table Lamp,2,2485.42,20,3976.67
ORD102839,2025-11-04,CUST0228,Returning,East,Beauty,Sunscreen SPF50,1,1159.01,10,1043.11
ORD101632,2025-11-04,CUST0030,New,South,Electronics,Power Bank,1,2978.96,10,2681.06
ORD103068,2025-11-04,CUST0847,Returning,North,Beauty,Hair Dryer,2,1062.94,20,1700.7
ORD100575,2025-11-04,CUST0565,Returning,East,Electronics,Laptop Stand,2,1665.94,0,3331.88
ORD102748,2025-11-04,CUST0280,New,Central,Sports,Resistance Bands,4,1146.91,10,4128.88
ORD102706,2025-11-05,CUST0459,Loyal,East,Apparel,Cotton T-Shirt,2,659.99,15,1121.98
ORD100017,2025-11-05,CUST0544,Returning,North,Sports,Dumbbell Set,8,1733.29,20,11093.06
ORD102392,2025-11-06,CUST0548,Loyal,Central,Electronics,Wireless Earbuds,1,4118.99,0,4118.99
ORD100034,2025-11-06,CUST0123,New,North,Electronics,Smartwatch,2,4002.55,5,7604.85
ORD100710,2025-11-07,CUST0513,Returning,East,Electronics,Bluetooth Speaker,2,1216.87,0,2433.74
ORD103207,2025-11-07,CUST0073,Returning,Central,Apparel,Formal Shirt,2,2097.14,15,3565.14
ORD102831,2025-11-08,CUST0774,Returning,East,Electronics,Bluetooth Speaker,1,2531.84,10,2278.66
ORD102559,2025-11-08,CUST0527,New,Central,Apparel,Denim Jacket,1,401.5,0,401.5
ORD101996,2025-11-09,CUST0444,Returning,North,Beauty,Sunscreen SPF50,5,821.13,0,4105.65
ORD102122,2025-11-09,CUST0748,Returning,North,Home & Kitchen,Mixer Grinder,1,1165.28,20,932.22
ORD103720,2025-11-09,CUST0803,Returning,Central,Sports,Resistance Bands,4,2487.72,0,9950.88
ORD100253,2025-11-09,CUST0340,New,West,Sports,Football,2,2493.31,0,4986.62
ORD102305,2025-11-10,CUST0816,New,East,Apparel,Denim Jacket,1,1417.81,0,1417.81
ORD103635,2025-11-11,CUST0004,Returning,North,Beauty,Face Serum,4,1202.2,0,4808.8
ORD101240,2025-11-11,CUST0307,New,West,Home & Kitchen,Air Fryer,1,502.86,0,502.86
ORD102489,2025-11-11,CUST0766,Returning,East,Apparel,Cotton T-Shirt,1,1641.53,15,1395.3
ORD102787,2025-11-11,CUST0807,New,North,Sports,Yoga Mat,1,848.88,0,848.88
ORD103404,2025-11-11,CUST0751,Returning,South,Electronics,Bluetooth Speaker,1,3779.52,0,3779.52
ORD103588,2025-11-12,CUST0585,Returning,North,Beauty,Lip Balm Set,2,1409.43,5,2677.92
ORD102727,2025-11-12,CUST0779,Loyal,North,Sports,Yoga Mat,5,1477.91,20,5911.64
ORD101460,2025-11-12,CUST0229,Returning,East,Electronics,Smartwatch,2,4382.2,0,8764.4
ORD101601,2025-11-13,CUST0247,New,West,Beauty,Lip Balm Set,1,825.51,0,825.51
ORD100734,2025-11-13,CUST0580,New,South,Sports,Dumbbell Set,4,2362.72,0,9450.88
ORD101392,2025-11-14,CUST0142,New,West,Home & Kitchen,Non-stick Pan Set,1,1007.48,0,1007.48
ORD102575,2025-11-14,CUST0803,New,South,Beauty,Hair Dryer,4,537.37,20,1719.58
ORD103336,2025-11-14,CUST0598,New,North,Beauty,Lip Balm Set,5,223.59,20,894.36
ORD102937,2025-11-14,CUST0694,Loyal,East,Electronics,Laptop Stand,4,1367.2,0,5468.8
ORD101456,2025-11-14,CUST0774,Loyal,East,Apparel,Running Shoes,1,1967.83,0,1967.83
ORD102105,2025-11-15,CUST0766,Returning,North,Beauty,Sunscreen SPF50,1,802.62,10,722.36
ORD100534,2025-11-15,CUST0223,Returning,West,Apparel,Backpack,1,2077.47,15,1765.85
ORD103231,2025-11-15,CUST0207,New,East,Sports,Resistance Bands,2,645.23,20,1032.37
ORD102842,2025-11-15,CUST0807,New,North,Beauty,Face Serum,1,329.87,0,329.87
ORD100171,2025-11-15,CUST0540,New,South,Electronics,Bluetooth Speaker,2,3342.55,5,6350.85
ORD102390,2025-11-16,CUST0115,Returning,Central,Sports,Resistance Bands,5,1483.6,0,7418.0
ORD101554,2025-11-16,CUST0814,New,Central,Electronics,Bluetooth Speaker,7,1261.58,15,7506.4
ORD100906,2025-11-17,CUST0684,Loyal,East,Sports,Yoga Mat,2,369.02,0,738.04
ORD100284,2025-11-17,CUST0741,Returning,East,Beauty,Lip Balm Set,1,1058.24,0,1058.24
ORD101252,2025-11-17,CUST0655,Returning,North,Home & Kitchen,Non-stick Pan Set,2,1148.64,15,1952.69
ORD100615,2025-11-17,CUST0577,Returning,West,Apparel,Backpack,1,1618.96,5,1538.01
ORD102871,2025-11-18,CUST0513,New,North,Beauty,Sunscreen SPF50,4,229.36,0,917.44
ORD103435,2025-11-18,CUST0637,New,Central,Apparel,Denim Jacket,1,1681.48,10,1513.33
ORD102446,2025-11-18,CUST0516,Returning,North,Home & Kitchen,Electric Kettle,2,2345.21,0,4690.42
ORD100555,2025-11-18,CUST0642,Loyal,North,Electronics,Wireless Earbuds,8,2836.71,0,22693.68
ORD101765,2025-11-19,CUST0500,New,Central,Apparel,Denim Jacket,1,947.87,20,758.3
ORD102462,2025-11-19,CUST0720,Loyal,North,Home & Kitchen,Table Lamp,2,1280.61,10,2305.1
ORD101267,2025-11-19,CUST0257,Returning,North,Home & Kitchen,Mixer Grinder,1,835.77,15,710.4
ORD102887,2025-11-20,CUST0251,New,North,Apparel,Running Shoes,2,483.88,20,774.21
ORD100935,2025-11-20,CUST0387,Returning,North,Beauty,Hair Dryer,1,180.02,0,180.02
ORD103542,2025-11-20,CUST0088,Returning,East,Sports,Yoga Mat,4,1480.75,5,5626.85
ORD103675,2025-11-20,CUST0822,Returning,Central,Beauty,Face Serum,2,519.85,10,935.73
ORD102757,2025-11-20,CUST0168,New,South,Beauty,Face Serum,1,1278.19,0,1278.19
ORD101538,2025-11-20,CUST0248,New,Central,Sports,Football,2,1356.37,10,2441.47
ORD102073,2025-11-20,CUST0347,Returning,East,Electronics,Power Bank,4,1015.32,20,3249.02
ORD100405,2025-11-22,CUST0319,Returning,North,Electronics,Power Bank,1,1916.3,20,1533.04
ORD100470,2025-11-23,CUST0414,New,East,Apparel,Cotton T-Shirt,1,891.13,10,802.02
ORD100761,2025-11-23,CUST0119,Returning,West,Home & Kitchen,Non-stick Pan Set,1,2398.3,10,2158.47
ORD103316,2025-11-24,CUST0009,New,West,Beauty,Perfume,4,330.92,15,1125.13
ORD100459,2025-11-24,CUST0217,Loyal,North,Sports,Resistance Bands,2,1484.86,0,2969.72
ORD101627,2025-11-24,CUST0675,Returning,North,Home & Kitchen,Mixer Grinder,4,1442.39,5,5481.08
ORD100589,2025-11-24,CUST0678,Returning,Central,Beauty,Perfume,2,1335.99,15,2271.18
ORD100633,2025-11-24,CUST0049,New,West,Sports,Cricket Bat,2,1795.88,10,3232.58
ORD103825,2025-11-25,CUST0799,Returning,East,Apparel,Backpack,4,1125.31,5,4276.18
ORD103709,2025-11-25,CUST0054,Returning,North,Apparel,Backpack,5,1932.96,20,7731.84
ORD100232,2025-11-25,CUST0787,Returning,West,Apparel,Running Shoes,5,1515.61,0,7578.05
ORD103566,2025-11-26,CUST0374,Loyal,North,Apparel,Running Shoes,8,1841.67,5,13996.69
ORD100627,2025-11-27,CUST0104,New,West,Beauty,Hair Dryer,7,434.52,10,2737.48
ORD100899,2025-11-27,CUST0105,Returning,West,Apparel,Denim Jacket,1,2049.72,0,2049.72
ORD102333,2025-11-28,CUST0138,Loyal,North,Home & Kitchen,Non-stick Pan Set,1,2507.7,0,2507.7
ORD101046,2025-11-28,CUST0502,Returning,East,Beauty,Hair Dryer,4,1495.29,15,5083.99
ORD101570,2025-11-28,CUST0736,Loyal,East,Home & Kitchen,Electric Kettle,4,2746.82,5,10437.92
ORD101749,2025-11-28,CUST0215,Returning,West,Home & Kitchen,Non-stick Pan Set,4,571.31,20,1828.19
ORD102606,2025-11-29,CUST0747,New,North,Electronics,Wireless Earbuds,1,3982.81,0,3982.81
ORD100681,2025-11-29,CUST0673,Returning,West,Electronics,Wireless Earbuds,1,1582.06,10,1423.85
ORD103249,2025-11-30,CUST0251,New,West,Beauty,Perfume,1,920.24,0,920.24
ORD101092,2025-11-30,CUST0458,Returning,West,Home & Kitchen,Air Fryer,7,2539.48,15,15109.91
ORD101760,2025-11-30,CUST0433,New,Central,Sports,Resistance Bands,2,2723.71,0,5447.42
ORD100600,2025-11-30,CUST0110,Returning,East,Electronics,Power Bank,7,2037.25,0,14260.75
ORD103471,2025-12-01,CUST0846,New,North,Beauty,Sunscreen SPF50,5,336.73,20,1346.92
ORD103918,2025-12-01,CUST0543,New,North,Electronics,Bluetooth Speaker,1,2019.67,0,2019.67
ORD103643,2025-12-02,CUST0615,New,East,Apparel,Backpack,2,1467.17,10,2640.91
ORD102109,2025-12-02,CUST0744,Returning,East,Sports,Yoga Mat,4,1772.36,10,6380.5
ORD101779,2025-12-02,CUST0449,Returning,North,Apparel,Backpack,1,1195.11,15,1015.84
ORD100333,2025-12-03,CUST0065,New,North,Home & Kitchen,Mixer Grinder,2,1151.54,0,2303.08
ORD101555,2025-12-03,CUST0650,Returning,West,Apparel,Running Shoes,5,1967.39,0,9836.95
ORD103788,2025-12-03,CUST0297,Returning,West,Sports,Cricket Bat,2,2864.53,10,5156.15
ORD101038,2025-12-03,CUST0248,Loyal,North,Apparel,Running Shoes,2,1325.87,0,2651.74
ORD103490,2025-12-03,CUST0329,New,North,Home & Kitchen,Non-stick Pan Set,7,2835.4,15,16870.63
ORD101333,2025-12-04,CUST0189,Returning,West,Beauty,Sunscreen SPF50,2,225.6,5,428.64
ORD103867,2025-12-05,CUST0114,New,North,Home & Kitchen,Non-stick Pan Set,1,567.06,0,567.06
ORD100463,2025-12-06,CUST0103,New,South,Beauty,Face Serum,2,943.71,20,1509.94
ORD101155,2025-12-06,CUST0791,Returning,West,Electronics,Power Bank,8,3053.54,0,24428.32
ORD102948,2025-12-06,CUST0635,New,South,Apparel,Running Shoes,1,1721.31,0,1721.31
ORD103209,2025-12-06,CUST0555,Returning,West,Home & Kitchen,Table Lamp,4,1756.33,10,6322.79
ORD100706,2025-12-07,CUST0685,Returning,East,Apparel,Backpack,2,568.56,15,966.55
ORD101591,2025-12-07,CUST0474,New,Central,Home & Kitchen,Table Lamp,4,2092.65,5,7952.07
ORD102638,2025-12-07,CUST0082,Returning,North,Beauty,Sunscreen SPF50,5,1355.82,0,6779.1
ORD101583,2025-12-07,CUST0346,Returning,North,Sports,Dumbbell Set,2,1382.61,15,2350.44
ORD101965,2025-12-07,CUST0232,Returning,East,Beauty,Sunscreen SPF50,4,1078.53,0,4314.12
ORD100903,2025-12-07,CUST0132,New,West,Apparel,Running Shoes,5,1847.69,0,9238.45
ORD103994,2025-12-07,CUST0091,Returning,Central,Electronics,Power Bank,1,2828.36,0,2828.36
ORD103267,2025-12-07,CUST0848,New,East,Beauty,Face Serum,4,1241.37,15,4220.66
ORD102284,2025-12-08,CUST0627,New,East,Beauty,Lip Balm Set,5,626.58,20,2506.32
ORD101291,2025-12-08,CUST0047,New,North,Sports,Yoga Mat,1,2910.59,0,2910.59
ORD103997,2025-12-09,CUST0002,New,East,Electronics,Wireless Earbuds,7,2657.79,20,14883.62
ORD100700,2025-12-09,CUST0092,Returning,North,Home & Kitchen,Non-stick Pan Set,5,1305.55,10,5874.98
ORD103808,2025-12-09,CUST0172,New,West,Apparel,Backpack,2,1767.36,10,3181.25
ORD100644,2025-12-09,CUST0317,New,North,Electronics,Wireless Earbuds,5,3257.4,5,15472.65
ORD100272,2025-12-09,CUST0339,Returning,West,Beauty,Sunscreen SPF50,4,410.3,0,1641.2
ORD101699,2025-12-09,CUST0520,New,South,Home & Kitchen,Non-stick Pan Set,1,2153.93,0,2153.93
ORD103567,2025-12-10,CUST0792,Loyal,Central,Beauty,Face Serum,2,542.48,0,1084.96
ORD103322,2025-12-10,CUST0417,New,South,Apparel,Formal Shirt,7,1162.87,0,8140.09
ORD102311,2025-12-10,CUST0512,Returning,South,Sports,Football,2,2221.03,0,4442.06
ORD100093,2025-12-10,CUST0184,Loyal,Central,Sports,Cricket Bat,2,1064.68,0,2129.36
ORD100516,2025-12-10,CUST0536,Loyal,North,Sports,Resistance Bands,2,2651.14,10,4772.05
ORD103183,2025-12-10,CUST0736,Loyal,South,Sports,Resistance Bands,2,2826.01,20,4521.62
ORD100299,2025-12-10,CUST0485,New,South,Apparel,Formal Shirt,1,649.37,10,584.43
ORD102722,2025-12-10,CUST0654,Returning,West,Beauty,Sunscreen SPF50,7,1197.52,5,7963.51
ORD100952,2025-12-11,CUST0321,New,Central,Apparel,Formal Shirt,2,532.33,20,851.73
ORD100727,2025-12-11,CUST0532,Returning,North,Electronics,Laptop Stand,4,4059.96,0,16239.84
ORD101191,2025-12-11,CUST0138,New,West,Beauty,Hair Dryer,4,655.78,15,2229.65
ORD100901,2025-12-12,CUST0120,Loyal,West,Sports,Resistance Bands,2,1397.7,0,2795.4
ORD102872,2025-12-12,CUST0841,New,South,Apparel,Denim Jacket,4,1723.48,5,6549.22
ORD101474,2025-12-12,CUST0633,Returning,West,Apparel,Running Shoes,1,1403.38,10,1263.04
ORD103039,2025-12-12,CUST0278,New,North,Apparel,Cotton T-Shirt,1,1179.75,0,1179.75
ORD100281,2025-12-12,CUST0849,New,West,Beauty,Perfume,1,911.63,0,911.63
ORD103540,2025-12-13,CUST0656,Returning,North,Apparel,Cotton T-Shirt,4,1970.29,20,6304.93
ORD102302,2025-12-14,CUST0829,Loyal,South,Sports,Cricket Bat,4,2821.73,10,10158.23
ORD100794,2025-12-14,CUST0484,Returning,East,Apparel,Formal Shirt,2,1459.13,0,2918.26
ORD102332,2025-12-15,CUST0594,Returning,North,Beauty,Face Serum,1,1253.63,0,1253.63
ORD102124,2025-12-16,CUST0295,Loyal,North,Apparel,Denim Jacket,4,1081.93,10,3894.95
ORD100802,2025-12-16,CUST0158,Loyal,Central,Electronics,Bluetooth Speaker,1,3043.96,20,2435.17
ORD100205,2025-12-16,CUST0430,New,West,Beauty,Face Serum,1,314.5,0,314.5
ORD103995,2025-12-16,CUST0677,New,Central,Apparel,Formal Shirt,2,965.98,0,1931.96
ORD100321,2025-12-17,CUST0278,Loyal,North,Electronics,Smartwatch,1,4095.2,5,3890.44
ORD102926,2025-12-17,CUST0748,New,West,Beauty,Face Serum,1,342.07,15,290.76
ORD102483,2025-12-17,CUST0122,Returning,South,Home & Kitchen,Table Lamp,1,2913.58,10,2622.22
ORD102935,2025-12-18,CUST0779,Returning,West,Beauty,Perfume,1,1202.18,10,1081.96
ORD102141,2025-12-18,CUST0430,New,Central,Electronics,Smartwatch,1,3382.7,10,3044.43
ORD103793,2025-12-18,CUST0377,Returning,South,Beauty,Hair Dryer,2,950.55,0,1901.1
ORD100745,2025-12-19,CUST0295,Returning,West,Electronics,Power Bank,2,3737.47,15,6353.7
ORD103037,2025-12-19,CUST0114,New,East,Home & Kitchen,Mixer Grinder,1,1519.93,5,1443.93
ORD100040,2025-12-19,CUST0271,Returning,South,Electronics,Laptop Stand,1,4280.15,0,4280.15
ORD101048,2025-12-19,CUST0379,New,South,Electronics,Smartwatch,5,1464.62,10,6590.79
ORD103622,2025-12-19,CUST0638,Loyal,West,Apparel,Cotton T-Shirt,4,1409.87,0,5639.48
ORD103368,2025-12-20,CUST0034,Loyal,West,Sports,Football,1,1361.55,10,1225.39
ORD103467,2025-12-20,CUST0793,Returning,South,Home & Kitchen,Air Fryer,1,2754.45,0,2754.45
ORD100871,2025-12-21,CUST0176,Returning,South,Sports,Football,2,2720.28,0,5440.56
ORD101234,2025-12-21,CUST0668,Returning,East,Beauty,Face Serum,5,1113.56,20,4454.24
ORD101865,2025-12-21,CUST0747,New,North,Home & Kitchen,Non-stick Pan Set,4,944.89,20,3023.65
ORD101399,2025-12-22,CUST0191,New,North,Apparel,Formal Shirt,7,913.09,20,5113.3
ORD103400,2025-12-22,CUST0121,New,Central,Sports,Dumbbell Set,2,2806.07,0,5612.14
ORD101713,2025-12-22,CUST0159,Loyal,West,Beauty,Face Serum,4,433.89,15,1475.23
ORD102640,2025-12-22,CUST0653,Returning,East,Sports,Resistance Bands,1,1219.15,20,975.32
ORD100806,2025-12-22,CUST0543,Returning,South,Beauty,Face Serum,1,665.71,0,665.71
ORD100530,2025-12-22,CUST0800,Loyal,Central,Electronics,Laptop Stand,4,2638.56,10,9498.82
ORD103480,2025-12-22,CUST0591,New,West,Electronics,Laptop Stand,5,2786.12,10,12537.54
ORD100551,2025-12-22,CUST0355,Loyal,West,Beauty,Perfume,1,161.88,15,137.6
ORD101990,2025-12-22,CUST0492,New,Central,Electronics,Bluetooth Speaker,1,4214.63,20,3371.7
ORD100854,2025-12-23,CUST0247,Returning,West,Beauty,Lip Balm Set,4,282.3,5,1072.74
ORD100672,2025-12-23,CUST0795,New,South,Home & Kitchen,Mixer Grinder,1,1427.92,0,1427.92
ORD100494,2025-12-23,CUST0353,Returning,West,Home & Kitchen,Air Fryer,7,1096.7,15,6525.37
ORD101423,2025-12-23,CUST0218,Loyal,North,Beauty,Hair Dryer,1,263.49,5,250.32
ORD102571,2025-12-23,CUST0555,New,Central,Home & Kitchen,Air Fryer,2,1094.24,15,1860.21
ORD103164,2025-12-23,CUST0012,New,North,Electronics,Power Bank,2,2862.07,0,5724.14
ORD100139,2025-12-23,CUST0826,New,West,Sports,Cricket Bat,5,2517.9,5,11960.02
ORD102896,2025-12-23,CUST0479,Returning,Central,Apparel,Backpack,2,1608.77,0,3217.54
ORD100940,2025-12-23,CUST0517,Returning,North,Beauty,Lip Balm Set,4,1029.57,0,4118.28
ORD103938,2025-12-24,CUST0374,Returning,West,Apparel,Backpack,4,1174.58,0,4698.32
ORD101251,2025-12-24,CUST0010,Returning,Central,Sports,Resistance Bands,5,1878.85,0,9394.25
ORD101246,2025-12-24,CUST0797,New,South,Electronics,Laptop Stand,1,1220.31,0,1220.31
ORD103528,2025-12-24,CUST0286,Loyal,East,Electronics,Smartwatch,4,1730.31,15,5883.05
ORD101059,2025-12-25,CUST0594,New,North,Home & Kitchen,Air Fryer,4,2723.13,20,8714.02
ORD101832,2025-12-25,CUST0459,Returning,West,Sports,Football,4,1027.04,0,4108.16
ORD102280,2025-12-25,CUST0244,Returning,North,Apparel,Backpack,1,1596.44,20,1277.15
ORD100865,2025-12-25,CUST0829,New,South,Sports,Cricket Bat,5,2101.59,15,8931.76
ORD102278,2025-12-25,CUST0518,Loyal,East,Beauty,Lip Balm Set,4,925.7,5,3517.66
ORD103547,2025-12-25,CUST0128,New,North,Electronics,Bluetooth Speaker,2,3458.1,0,6916.2
ORD102884,2025-12-25,CUST0815,Returning,West,Sports,Football,1,1317.56,10,1185.8
ORD101737,2025-12-26,CUST0591,Returning,West,Beauty,Sunscreen SPF50,4,628.77,15,2137.82
ORD103863,2025-12-26,CUST0704,Loyal,North,Apparel,Cotton T-Shirt,4,656.4,0,2625.6
ORD101088,2025-12-26,CUST0828,New,North,Beauty,Hair Dryer,1,260.44,10,234.4
ORD102445,2025-12-26,CUST0272,Loyal,East,Electronics,Power Bank,2,3188.01,0,6376.02
ORD102318,2025-12-26,CUST0806,Returning,South,Home & Kitchen,Mixer Grinder,1,2262.44,0,2262.44
ORD101258,2025-12-26,CUST0732,New,North,Electronics,Power Bank,1,3893.03,0,3893.03
ORD103104,2025-12-27,CUST0410,New,West,Beauty,Hair Dryer,1,171.96,0,171.96
ORD101771,2025-12-27,CUST0163,Loyal,North,Apparel,Backpack,4,1308.65,0,5234.6
ORD101042,2025-12-28,CUST0587,New,South,Sports,Dumbbell Set,1,2408.17,15,2046.94
ORD100236,2025-12-28,CUST0675,Returning,East,Electronics,Laptop Stand,2,2990.33,0,5980.66
ORD102033,2025-12-28,CUST0526,New,West,Home & Kitchen,Non-stick Pan Set,1,881.02,0,881.02
ORD103376,2025-12-28,CUST0792,Loyal,South,Beauty,Hair Dryer,1,1410.75,0,1410.75
ORD100770,2025-12-28,CUST0480,New,East,Electronics,Power Bank,4,3788.46,15,12880.76
ORD102756,2025-12-29,CUST0656,New,South,Electronics,Bluetooth Speaker,2,3077.74,15,5232.16
ORD101239,2025-12-29,CUST0621,Returning,East,Beauty,Sunscreen SPF50,1,855.6,0,855.6
ORD102482,2025-12-30,CUST0016,New,East,Sports,Resistance Bands,2,1919.07,20,3070.51
ORD103332,2025-12-30,CUST0373,New,North,Apparel,Running Shoes,4,732.87,0,2931.48
ORD101210,2025-12-30,CUST0785,New,West,Beauty,Face Serum,2,452.14,10,813.85
ORD102270,2025-12-30,CUST0017,Returning,South,Apparel,Running Shoes,2,848.73,10,1527.71
ORD100823,2025-12-30,CUST0181,Returning,West,Apparel,Cotton T-Shirt,1,850.92,0,850.92
ORD103161,2025-12-30,CUST0007,Returning,North,Apparel,Cotton T-Shirt,2,1355.5,5,2575.45
ORD103236,2025-12-31,CUST0218,Returning,Central,Home & Kitchen,Air Fryer,5,1178.34,0,5891.7
ORD100500,2025-12-31,CUST0021,New,East,Sports,Yoga Mat,2,547.31,20,875.7
ORD103794,2025-12-31,CUST0779,New,East,Home & Kitchen,Non-stick Pan Set,1,1902.26,0,1902.26
ORD101354,2025-12-31,CUST0787,Returning,North,Beauty,Face Serum,1,1388.57,5,1319.14
